CodigoProvincia,NombreProvincia,CodigoSeccion,NombreMunicipio,CodigoLocalidad,NombreLocalidad,CodigoRecinto,NombreRecinto,CodigoMesa,NumeroMesa,InscritosHabilitados,VotoValido,VotoBlanco,VotoNulo,VotoEmitido,VotoValidoReal,VotoEmitidoReal
1,Andrés Ibáñez,1,Santa Cruz de La Sierra,2234,Santa Cruz de la Sierra,5,Col. Esc. Unzaga De La Vega,7038471,1,240,193,0,8,201,193,201
1,Andrés Ibáñez,1,Santa Cruz de La Sierra,2234,Santa Cruz de la Sierra,5,Col. Esc. Unzaga De La Vega,7038481,2,240,196,1,11,208,196,208
1,Andrés Ibáñez,1,Santa Cruz de La Sierra,2234,Santa Cruz de la Sierra,5,Col. Esc. Unzaga De La Vega,7038491,3,240,197,2,9,208,197,208
1,Andrés Ibáñez,1,Santa Cruz de La Sierra,2234,Santa Cruz de la Sierra,5,Col. Esc. Unzaga De La Vega,7038501,4,240,201,0,3,204,201,204
1,Andrés Ibáñez,1,Santa Cruz de La Sierra,2234,Santa Cruz de la Sierra,5,Col. Esc. Unzaga De La Vega,7038511,5,240,182,1,18,201,182,201
1,Andrés Ibáñez,1,Santa Cruz de La Sierra,2234,Santa Cruz de la Sierra,5,Col. Esc. Unzaga De La Vega,7038521,6,240,192,0,9,201,192,201
1,Andrés Ibáñez,1,Santa Cruz de La Sierra,2234,Santa Cruz de la Sierra,5,Col. Esc. Unzaga De La Vega,7038531,7,240,201,1,3,205,201,205
1,Andrés Ibáñez,1,Santa Cruz de La Sierra,2234,Santa Cruz de la Sierra,5,Col. Esc. Unzaga De La Vega,7038541,8,240,187,0,15,202,187,202
1,Andrés Ibáñez,1,Santa Cruz de La Sierra,2234,Santa Cruz de la Sierra,5,Col. Esc. Unzaga De La Vega,7038571,11,240,187,3,8,198,187,198
1,Andrés Ibáñez,1,Santa Cruz de La Sierra,2234,Santa Cruz de la Sierra,5,Col. Esc. Unzaga De La Vega,7038591,13,240,190,1,15,206,190,206
1,Andrés Ibáñez,1,Santa Cruz de La Sierra,2234,Santa Cruz de la Sierra,5,Col. Esc. Unzaga De La Vega,7038601,14,240,192,1,18,211,192,211
1,Andrés Ibáñez,1,Santa Cruz de La Sierra,2234,Santa Cruz de la Sierra,5,Col. Esc. Unzaga De La Vega,7038611,15,240,203,3,1,207,203,207
1,Andrés Ibáñez,1,Santa Cruz de La Sierra,2234,Santa Cruz de la Sierra,5,Col. Esc. Unzaga De La Vega,7038621,16,240,197,1,8,206,197,206
1,Andrés Ibáñez,1,Santa Cruz de La Sierra,2234,Santa Cruz de la Sierra,5,Col. Esc. Unzaga De La Vega,7038651,19,240,189,1,9,199,189,199
1,Andrés Ibáñez,1,Santa Cruz de La Sierra,2234,Santa Cruz de la Sierra,5,Col. Esc. Unzaga De La Vega,7038661,20,240,194,1,7,202,194,202
1,Andrés Ibáñez,1,Santa Cruz de La Sierra,2234,Santa Cruz de la Sierra,5,Col. Esc. Unzaga De La Vega,7038691,23,240,193,1,5,199,193,199
1,Andrés Ibáñez,1,Santa Cruz de La Sierra,2234,Santa Cruz de la Sierra,5,Col. Esc. Unzaga De La Vega,7038701,24,240,185,2,10,197,185,197
1,Andrés Ibáñez,1,Santa Cruz de La Sierra,2234,Santa Cruz de la Sierra,5,Col. Esc. Unzaga De La Vega,7038721,26,240,195,1,5,201,195,201
1,Andrés Ibáñez,1,Santa Cruz de La Sierra,2234,Santa Cruz de la Sierra,5,Col. Esc. Unzaga De La Vega,7038731,27,240,177,1,9,187,177,187
1,Andrés Ibáñez,1,Santa Cruz de La Sierra,2234,Santa Cruz de la Sierra,5,Col. Esc. Unzaga De La Vega,7038741,28,240,196,0,7,203,196,203
1,Andrés Ibáñez,1,Santa Cruz de La Sierra,2234,Santa Cruz de la Sierra,6,Col. Polifuncional Calama,7038221,10,240,189,1,10,200,189,200
1,Andrés Ibáñez,1,Santa Cruz de La Sierra,2234,Santa Cruz de la Sierra,6,Col. Polifuncional Calama,7038291,17,240,178,0,26,204,178,204
1,Andrés Ibáñez,1,Santa Cruz de La Sierra,2234,Santa Cruz de la Sierra,8,Col. Mateo Kuljis Secundario,7039461,1,240,196,1,7,204,196,204
1,Andrés Ibáñez,1,Santa Cruz de La Sierra,2234,Santa Cruz de la Sierra,8,Col. Mateo Kuljis Secundario,7039471,2,240,209,0,5,214,209,214
1,Andrés Ibáñez,1,Santa Cruz de La Sierra,2234,Santa Cruz de la Sierra,8,Col. Mateo Kuljis Secundario,7039481,3,240,194,1,4,199,194,199
1,Andrés Ibáñez,1,Santa Cruz de La Sierra,2234,Santa Cruz de la Sierra,8,Col. Mateo Kuljis Secundario,7039491,4,240,186,0,15,201,186,201
1,Andrés Ibáñez,1,Santa Cruz de La Sierra,2234,Santa Cruz de la Sierra,8,Col. Mateo Kuljis Secundario,7039501,5,240,197,4,9,210,197,210
1,Andrés Ibáñez,1,Santa Cruz de La Sierra,2234,Santa Cruz de la Sierra,8,Col. Mateo Kuljis Secundario,7039511,6,240,210,0,5,215,210,215
1,Andrés Ibáñez,1,Santa Cruz de La Sierra,2234,Santa Cruz de la Sierra,8,Col. Mateo Kuljis Secundario,7039531,8,240,203,0,6,209,203,209
1,Andrés Ibáñez,1,Santa Cruz de La Sierra,2234,Santa Cruz de la Sierra,8,Col. Mateo Kuljis Secundario,7039541,9,240,202,0,16,218,202,218
1,Andrés Ibáñez,1,Santa Cruz de La Sierra,2234,Santa Cruz de la Sierra,8,Col. Mateo Kuljis Secundario,7039551,10,240,196,0,10,206,196,206
1,Andrés Ibáñez,1,Santa Cruz de La Sierra,2234,Santa Cruz de la Sierra,8,Col. Mateo Kuljis Secundario,7039561,11,240,191,0,19,210,191,210
1,Andrés Ibáñez,1,Santa Cruz de La Sierra,2234,Santa Cruz de la Sierra,8,Col. Mateo Kuljis Secundario,7039571,12,240,201,1,15,217,201,217
1,Andrés Ibáñez,1,Santa Cruz de La Sierra,2234,Santa Cruz de la Sierra,8,Col. Mateo Kuljis Secundario,7039581,13,240,200,1,6,207,200,207
1,Andrés Ibáñez,1,Santa Cruz de La Sierra,2234,Santa Cruz de la Sierra,8,Col. Mateo Kuljis Secundario,7039591,14,240,202,0,2,204,202,204
1,Andrés Ibáñez,1,Santa Cruz de La Sierra,2234,Santa Cruz de la Sierra,8,Col. Mateo Kuljis Secundario,7039601,15,240,204,0,11,215,204,215
1,Andrés Ibáñez,1,Santa Cruz de La Sierra,2234,Santa Cruz de la Sierra,8,Col. Mateo Kuljis Secundario,7039611,16,240,199,1,7,207,199,207
1,Andrés Ibáñez,1,Santa Cruz de La Sierra,2234,Santa Cruz de la Sierra,8,Col. Mateo Kuljis Secundario,7039651,20,240,203,0,7,210,203,210
1,Andrés Ibáñez,1,Santa Cruz de La Sierra,2234,Santa Cruz de la Sierra,8,Col. Mateo Kuljis Secundario,7039661,21,240,196,3,5,204,196,204
1,Andrés Ibáñez,1,Santa Cruz de La Sierra,2234,Santa Cruz de la Sierra,9,Col. Esc. Tierras Nuevas El Carmen,7039021,1,240,189,1,10,200,189,200
1,Andrés Ibáñez,1,Santa Cruz de La Sierra,2234,Santa Cruz de la Sierra,9,Col. Esc. Tierras Nuevas El Carmen,7039031,2,240,194,1,13,208,194,208
1,Andrés Ibáñez,1,Santa Cruz de La Sierra,2234,Santa Cruz de la Sierra,9,Col. Esc. Tierras Nuevas El Carmen,7039061,5,240,203,0,6,209,203,209
1,Andrés Ibáñez,1,Santa Cruz de La Sierra,2234,Santa Cruz de la Sierra,9,Col. Esc. Tierras Nuevas El Carmen,7039121,11,240,193,0,14,207,193,207
1,Andrés Ibáñez,1,Santa Cruz de La Sierra,2234,Santa Cruz de la Sierra,9,Col. Esc. Tierras Nuevas El Carmen,7039141,13,240,193,3,7,203,193,203
1,Andrés Ibáñez,1,Santa Cruz de La Sierra,2234,Santa Cruz de la Sierra,9,Col. Esc. Tierras Nuevas El Carmen,7039161,15,240,187,0,11,198,187,198
1,Andrés Ibáñez,1,Santa Cruz de La Sierra,2234,Santa Cruz de la Sierra,9,Col. Esc. Tierras Nuevas El Carmen,7039171,16,240,180,1,19,200,180,200
1,Andrés Ibáñez,1,Santa Cruz de La Sierra,2234,Santa Cruz de la Sierra,9,Col. Esc. Tierras Nuevas El Carmen,7039181,17,240,197,1,7,205,197,205
1,Andrés Ibáñez,1,Santa Cruz de La Sierra,2234,Santa Cruz de la Sierra,9,Col. Esc. Tierras Nuevas El Carmen,7039201,19,240,183,2,19,204,183,204
1,Andrés Ibáñez,1,Santa Cruz de La Sierra,2234,Santa Cruz de la Sierra,9,Col. Esc. Tierras Nuevas El Carmen,7039221,21,240,195,2,12,209,195,209
1,Andrés Ibáñez,1,Santa Cruz de La Sierra,2234,Santa Cruz de la Sierra,9,Col. Esc. Tierras Nuevas El Carmen,7039261,25,240,204,1,6,211,204,211
1,Andrés Ibáñez,1,Santa Cruz de La Sierra,2234,Santa Cruz de la Sierra,10,Col. Oscar Arnulfo,7039741,2,240,193,1,8,202,193,202
1,Andrés Ibáñez,1,Santa Cruz de La Sierra,2234,Santa Cruz de la Sierra,10,Col. Oscar Arnulfo,7039751,3,240,209,1,7,217,209,217
1,Andrés Ibáñez,1,Santa Cruz de La Sierra,2234,Santa Cruz de la Sierra,19,Colegio Marcelino Champagnat,7035201,1,240,199,0,13,212,199,212
1,Andrés Ibáñez,1,Santa Cruz de La Sierra,2234,Santa Cruz de la Sierra,19,Colegio Marcelino Champagnat,7035211,2,240,215,1,9,225,215,225
1,Andrés Ibáñez,1,Santa Cruz de La Sierra,2234,Santa Cruz de la Sierra,19,Colegio Marcelino Champagnat,7035221,3,240,208,0,4,212,208,212
1,Andrés Ibáñez,1,Santa Cruz de La Sierra,2234,Santa Cruz de la Sierra,19,Colegio Marcelino Champagnat,7035231,4,240,200,0,6,206,200,206
1,Andrés Ibáñez,1,Santa Cruz de La Sierra,2234,Santa Cruz de la Sierra,19,Colegio Marcelino Champagnat,7035241,5,240,217,1,7,225,217,225
1,Andrés Ibáñez,1,Santa Cruz de La Sierra,2234,Santa Cruz de la Sierra,19,Colegio Marcelino Champagnat,7035251,6,240,207,1,7,215,207,215
1,Andrés Ibáñez,1,Santa Cruz de La Sierra,2234,Santa Cruz de la Sierra,19,Colegio Marcelino Champagnat,7035261,7,240,201,1,6,208,201,208
1,Andrés Ibáñez,1,Santa Cruz de La Sierra,2234,Santa Cruz de la Sierra,19,Colegio Marcelino Champagnat,7035291,10,240,188,1,14,203,188,203
1,Andrés Ibáñez,1,Santa Cruz de La Sierra,2234,Santa Cruz de la Sierra,19,Colegio Marcelino Champagnat,7035301,11,240,207,2,9,218,207,218
1,Andrés Ibáñez,1,Santa Cruz de La Sierra,2234,Santa Cruz de la Sierra,19,Colegio Marcelino Champagnat,7035311,12,240,207,0,6,213,207,213
1,Andrés Ibáñez,1,Santa Cruz de La Sierra,2234,Santa Cruz de la Sierra,19,Colegio Marcelino Champagnat,7035321,13,240,204,0,3,207,204,207
1,Andrés Ibáñez,1,Santa Cruz de La Sierra,2234,Santa Cruz de la Sierra,19,Colegio Marcelino Champagnat,7035331,14,240,211,1,5,217,211,217
1,Andrés Ibáñez,1,Santa Cruz de La Sierra,2234,Santa Cruz de la Sierra,19,Colegio Marcelino Champagnat,7035341,15,163,142,2,7,151,142,151
1,Andrés Ibáñez,1,Santa Cruz de La Sierra,2234,Santa Cruz de la Sierra,22,Col. Part. Alfred B. Nobel,7035361,2,240,208,1,8,217,208,217
1,Andrés Ibáñez,1,Santa Cruz de La Sierra,2234,Santa Cruz de la Sierra,22,Col. Part. Alfred B. Nobel,7035371,3,240,196,0,10,206,196,206
1,Andrés Ibáñez,1,Santa Cruz de La Sierra,2234,Santa Cruz de la Sierra,22,Col. Part. Alfred B. Nobel,7035391,5,240,209,1,6,216,209,216
1,Andrés Ibáñez,1,Santa Cruz de La Sierra,2234,Santa Cruz de la Sierra,22,Col. Part. Alfred B. Nobel,7035401,6,240,206,1,8,215,206,215
1,Andrés Ibáñez,1,Santa Cruz de La Sierra,2234,Santa Cruz de la Sierra,22,Col. Part. Alfred B. Nobel,7035411,7,240,195,2,6,203,195,203
1,Andrés Ibáñez,1,Santa Cruz de La Sierra,2234,Santa Cruz de la Sierra,22,Col. Part. Alfred B. Nobel,7035421,8,240,198,1,6,205,198,205
1,Andrés Ibáñez,1,Santa Cruz de La Sierra,2234,Santa Cruz de la Sierra,22,Col. Part. Alfred B. Nobel,7035431,9,240,204,1,9,214,204,214
1,Andrés Ibáñez,1,Santa Cruz de La Sierra,2234,Santa Cruz de la Sierra,22,Col. Part. Alfred B. Nobel,7035441,10,61,52,0,3,55,52,55
1,Andrés Ibáñez,1,Santa Cruz de La Sierra,2234,Santa Cruz de la Sierra,26,Colegio Adela Zamudio,7033711,1,240,198,2,6,206,198,206
1,Andrés Ibáñez,1,Santa Cruz de La Sierra,2234,Santa Cruz de la Sierra,26,Colegio Adela Zamudio,7033721,2,240,204,0,3,207,204,207
1,Andrés Ibáñez,1,Santa Cruz de La Sierra,2234,Santa Cruz de la Sierra,26,Colegio Adela Zamudio,7033731,3,240,212,0,5,217,212,217
1,Andrés Ibáñez,1,Santa Cruz de La Sierra,2234,Santa Cruz de la Sierra,26,Colegio Adela Zamudio,7033741,4,240,200,0,2,202,200,202
1,Andrés Ibáñez,1,Santa Cruz de La Sierra,2234,Santa Cruz de la Sierra,26,Colegio Adela Zamudio,7033751,5,240,194,3,6,203,194,203
1,Andrés Ibáñez,1,Santa Cruz de La Sierra,2234,Santa Cruz de la Sierra,26,Colegio Adela Zamudio,7033761,6,240,194,1,6,201,194,201
1,Andrés Ibáñez,1,Santa Cruz de La Sierra,2234,Santa Cruz de la Sierra,26,Colegio Adela Zamudio,7033771,7,240,201,1,5,207,201,207
1,Andrés Ibáñez,1,Santa Cruz de La Sierra,2234,Santa Cruz de la Sierra,26,Colegio Adela Zamudio,7033811,11,240,198,2,8,208,198,208
1,Andrés Ibáñez,1,Santa Cruz de La Sierra,2234,Santa Cruz de la Sierra,26,Colegio Adela Zamudio,7033841,14,240,195,0,7,202,195,202
1,Andrés Ibáñez,1,Santa Cruz de La Sierra,2234,Santa Cruz de la Sierra,26,Colegio Adela Zamudio,7033851,15,240,194,1,9,204,194,204
1,Andrés Ibáñez,1,Santa Cruz de La Sierra,2234,Santa Cruz de la Sierra,26,Colegio Adela Zamudio,7033871,17,240,203,0,8,211,203,211
1,Andrés Ibáñez,1,Santa Cruz de La Sierra,2234,Santa Cruz de la Sierra,26,Colegio Adela Zamudio,7033881,18,240,184,1,10,195,184,195
1,Andrés Ibáñez,1,Santa Cruz de La Sierra,2234,Santa Cruz de la Sierra,26,Colegio Adela Zamudio,7033891,19,240,197,0,11,208,197,208
1,Andrés Ibáñez,1,Santa Cruz de La Sierra,2234,Santa Cruz de la Sierra,26,Colegio Adela Zamudio,7033901,20,240,196,0,7,203,196,203
1,Andrés Ibáñez,1,Santa Cruz de La Sierra,2234,Santa Cruz de la Sierra,26,Colegio Adela Zamudio,7033911,21,240,203,0,6,209,203,209
1,Andrés Ibáñez,1,Santa Cruz de La Sierra,2234,Santa Cruz de la Sierra,26,Colegio Adela Zamudio,7033921,22,240,204,1,3,208,204,208
1,Andrés Ibáñez,1,Santa Cruz de La Sierra,2234,Santa Cruz de la Sierra,26,Colegio Adela Zamudio,7033931,23,240,191,1,11,203,191,203
1,Andrés Ibáñez,1,Santa Cruz de La Sierra,2234,Santa Cruz de la Sierra,26,Colegio Adela Zamudio,7033941,24,240,196,1,7,204,196,204
1,Andrés Ibáñez,1,Santa Cruz de La Sierra,2234,Santa Cruz de la Sierra,26,Colegio Adela Zamudio,7033951,25,240,210,0,6,216,210,216
1,Andrés Ibáñez,1,Santa Cruz de La Sierra,2234,Santa Cruz de la Sierra,26,Colegio Adela Zamudio,7033961,26,240,182,3,5,190,182,190
1,Andrés Ibáñez,1,Santa Cruz de La Sierra,2234,Santa Cruz de la Sierra,26,Colegio Adela Zamudio,7033971,27,240,193,2,10,205,193,205
1,Andrés Ibáñez,1,Santa Cruz de La Sierra,2234,Santa Cruz de la Sierra,26,Colegio Adela Zamudio,7033981,28,191,159,1,2,162,159,162
1,Andrés Ibáñez,1,Santa Cruz de La Sierra,2234,Santa Cruz de la Sierra,1000,Col. La Madre,7002851,2,240,186,1,15,202,186,202
1,Andrés Ibáñez,1,Santa Cruz de La Sierra,2234,Santa Cruz de la Sierra,1000,Col. La Madre,7002861,3,240,196,0,3,199,196,199
1,Andrés Ibáñez,1,Santa Cruz de La Sierra,2234,Santa Cruz de la Sierra,1000,Col. La Madre,7002881,5,240,182,3,16,201,182,201
1,Andrés Ibáñez,1,Santa Cruz de La Sierra,2234,Santa Cruz de la Sierra,1000,Col. La Madre,7002921,9,240,193,2,14,209,193,209
1,Andrés Ibáñez,1,Santa Cruz de La Sierra,2234,Santa Cruz de la Sierra,1000,Col. La Madre,7002931,10,240,190,1,7,198,190,198
1,Andrés Ibáñez,1,Santa Cruz de La Sierra,2234,Santa Cruz de la Sierra,1000,Col. La Madre,7002941,11,240,193,1,9,203,193,203
1,Andrés Ibáñez,1,Santa Cruz de La Sierra,2234,Santa Cruz de la Sierra,1000,Col. La Madre,7002961,13,240,187,0,9,196,187,196
1,Andrés Ibáñez,1,Santa Cruz de La Sierra,2234,Santa Cruz de la Sierra,1000,Col. La Madre,7002971,14,240,193,1,14,208,193,208
1,Andrés Ibáñez,1,Santa Cruz de La Sierra,2234,Santa Cruz de la Sierra,1000,Col. La Madre,7002991,16,240,181,0,19,200,181,200
1,Andrés Ibáñez,1,Santa Cruz de La Sierra,2234,Santa Cruz de la Sierra,1000,Col. La Madre,7003001,17,240,202,2,8,212,202,212
1,Andrés Ibáñez,1,Santa Cruz de La Sierra,2234,Santa Cruz de la Sierra,1001,Campus Universitario,7040701,7,240,186,0,3,189,186,189
1,Andrés Ibáñez,1,Santa Cruz de La Sierra,2234,Santa Cruz de la Sierra,1001,Campus Universitario,7040711,8,240,170,1,6,177,170,177
1,Andrés Ibáñez,1,Santa Cruz de La Sierra,2234,Santa Cruz de la Sierra,1001,Campus Universitario,7040721,9,240,188,1,2,191,188,191
1,Andrés Ibáñez,1,Santa Cruz de La Sierra,2234,Santa Cruz de la Sierra,1001,Campus Universitario,7040731,10,240,193,2,6,201,193,201
1,Andrés Ibáñez,1,Santa Cruz de La Sierra,2234,Santa Cruz de la Sierra,1001,Campus Universitario,7040741,11,240,190,1,6,197,190,197
1,Andrés Ibáñez,1,Santa Cruz de La Sierra,2234,Santa Cruz de la Sierra,1001,Campus Universitario,7040751,12,58,39,1,1,41,39,41
1,Andrés Ibáñez,1,Santa Cruz de La Sierra,2234,Santa Cruz de la Sierra,1002,Esc. Rene Barrientos,7002231,1,240,179,1,5,185,179,185
1,Andrés Ibáñez,1,Santa Cruz de La Sierra,2234,Santa Cruz de la Sierra,1002,Esc. Rene Barrientos,7002251,3,240,179,0,6,185,179,185
1,Andrés Ibáñez,1,Santa Cruz de La Sierra,2234,Santa Cruz de la Sierra,1002,Esc. Rene Barrientos,7002261,4,240,179,0,12,191,179,191
1,Andrés Ibáñez,1,Santa Cruz de La Sierra,2234,Santa Cruz de la Sierra,1002,Esc. Rene Barrientos,7002271,5,240,170,1,12,183,170,183
1,Andrés Ibáñez,1,Santa Cruz de La Sierra,2234,Santa Cruz de la Sierra,1002,Esc. Rene Barrientos,7002281,6,240,191,0,5,196,191,196
1,Andrés Ibáñez,1,Santa Cruz de La Sierra,2234,Santa Cruz de la Sierra,1002,Esc. Rene Barrientos,7002291,7,240,191,1,3,195,191,195
1,Andrés Ibáñez,1,Santa Cruz de La Sierra,2234,Santa Cruz de la Sierra,1002,Esc. Rene Barrientos,7002301,8,240,195,0,8,203,195,203
1,Andrés Ibáñez,1,Santa Cruz de La Sierra,2234,Santa Cruz de la Sierra,1002,Esc. Rene Barrientos,7002321,10,240,179,0,4,183,179,183
1,Andrés Ibáñez,1,Santa Cruz de La Sierra,2234,Santa Cruz de la Sierra,1002,Esc. Rene Barrientos,7002331,11,240,186,0,4,190,186,190
1,Andrés Ibáñez,1,Santa Cruz de La Sierra,2234,Santa Cruz de la Sierra,1002,Esc. Rene Barrientos,7002351,13,240,184,3,10,197,184,197
1,Andrés Ibáñez,1,Santa Cruz de La Sierra,2234,Santa Cruz de la Sierra,1002,Esc. Rene Barrientos,7002361,14,240,185,0,8,193,185,193
1,Andrés Ibáñez,1,Santa Cruz de La Sierra,2234,Santa Cruz de la Sierra,1002,Esc. Rene Barrientos,7002371,15,240,190,2,6,198,190,198
1,Andrés Ibáñez,1,Santa Cruz de La Sierra,2234,Santa Cruz de la Sierra,1002,Esc. Rene Barrientos,7002381,16,243,183,1,6,190,183,190
1,Andrés Ibáñez,1,Santa Cruz de La Sierra,2234,Santa Cruz de la Sierra,1003,Modulo Educativo Jose Miguel De Velasco,7003421,6,240,202,3,6,211,202,211
1,Andrés Ibáñez,1,Santa Cruz de La Sierra,2234,Santa Cruz de la Sierra,1003,Modulo Educativo Jose Miguel De Velasco,7003481,12,240,192,1,1,194,192,194
1,Andrés Ibáñez,1,Santa Cruz de La Sierra,2234,Santa Cruz de la Sierra,1003,Modulo Educativo Jose Miguel De Velasco,7003491,13,240,205,0,6,211,205,211
1,Andrés Ibáñez,1,Santa Cruz de La Sierra,2234,Santa Cruz de la Sierra,1003,Modulo Educativo Jose Miguel De Velasco,7003501,14,240,189,0,7,196,189,196
1,Andrés Ibáñez,1,Santa Cruz de La Sierra,2234,Santa Cruz de la Sierra,1003,Modulo Educativo Jose Miguel De Velasco,7003511,15,240,193,1,7,201,193,201
1,Andrés Ibáñez,1,Santa Cruz de La Sierra,2234,Santa Cruz de la Sierra,1003,Modulo Educativo Jose Miguel De Velasco,7003521,16,240,210,0,3,213,210,213
1,Andrés Ibáñez,1,Santa Cruz de La Sierra,2234,Santa Cruz de la Sierra,1003,Modulo Educativo Jose Miguel De Velasco,7003531,17,240,190,1,7,198,190,198
1,Andrés Ibáñez,1,Santa Cruz de La Sierra,2234,Santa Cruz de la Sierra,1003,Modulo Educativo Jose Miguel De Velasco,7003541,18,142,113,1,1,115,113,115
1,Andrés Ibáñez,1,Santa Cruz de La Sierra,2234,Santa Cruz de la Sierra,1004,Col. Mirette Sciaroni,7002391,1,240,194,1,2,197,194,197
1,Andrés Ibáñez,1,Santa Cruz de La Sierra,2234,Santa Cruz de la Sierra,1004,Col. Mirette Sciaroni,7002411,3,240,180,1,3,184,180,184
1,Andrés Ibáñez,1,Santa Cruz de La Sierra,2234,Santa Cruz de la Sierra,1004,Col. Mirette Sciaroni,7002421,4,240,202,0,8,210,202,210
1,Andrés Ibáñez,1,Santa Cruz de La Sierra,2234,Santa Cruz de la Sierra,1004,Col. Mirette Sciaroni,7002431,5,240,187,0,8,195,187,195
1,Andrés Ibáñez,1,Santa Cruz de La Sierra,2234,Santa Cruz de la Sierra,1004,Col. Mirette Sciaroni,7002441,6,240,198,0,9,207,198,207
1,Andrés Ibáñez,1,Santa Cruz de La Sierra,2234,Santa Cruz de la Sierra,1004,Col. Mirette Sciaroni,7002471,9,240,215,1,1,217,215,217
1,Andrés Ibáñez,1,Santa Cruz de La Sierra,2234,Santa Cruz de la Sierra,1005,Col. Gabriel Rene Moreno,7041941,7,240,179,2,6,187,179,187
1,Andrés Ibáñez,1,Santa Cruz de La Sierra,2234,Santa Cruz de la Sierra,1005,Col. Gabriel Rene Moreno,7041951,8,240,141,1,35,177,141,177
1,Andrés Ibáñez,1,Santa Cruz de La Sierra,2234,Santa Cruz de la Sierra,1006,Col. San Martin De Porres,7001941,1,240,200,0,6,206,200,206
1,Andrés Ibáñez,1,Santa Cruz de La Sierra,2234,Santa Cruz de la Sierra,1006,Col. San Martin De Porres,7001951,2,240,189,2,7,198,189,198
1,Andrés Ibáñez,1,Santa Cruz de La Sierra,2234,Santa Cruz de la Sierra,1006,Col. San Martin De Porres,7001971,4,240,202,1,6,209,202,209
1,Andrés Ibáñez,1,Santa Cruz de La Sierra,2234,Santa Cruz de la Sierra,1006,Col. San Martin De Porres,7001981,5,240,202,2,11,215,202,215
1,Andrés Ibáñez,1,Santa Cruz de La Sierra,2234,Santa Cruz de la Sierra,1006,Col. San Martin De Porres,7001991,6,240,195,0,10,205,195,205
1,Andrés Ibáñez,1,Santa Cruz de La Sierra,2234,Santa Cruz de la Sierra,1006,Col. San Martin De Porres,7002001,7,240,197,1,9,207,197,207
1,Andrés Ibáñez,1,Santa Cruz de La Sierra,2234,Santa Cruz de la Sierra,1006,Col. San Martin De Porres,7002011,8,240,190,1,2,193,190,193
1,Andrés Ibáñez,1,Santa Cruz de La Sierra,2234,Santa Cruz de la Sierra,1006,Col. San Martin De Porres,7002051,12,240,205,0,3,208,205,208
1,Andrés Ibáñez,1,Santa Cruz de La Sierra,2234,Santa Cruz de la Sierra,1006,Col. San Martin De Porres,7002091,16,240,198,0,5,203,198,203
1,Andrés Ibáñez,1,Santa Cruz de La Sierra,2234,Santa Cruz de la Sierra,1006,Col. San Martin De Porres,7002101,17,240,201,0,7,208,201,208
1,Andrés Ibáñez,1,Santa Cruz de La Sierra,2234,Santa Cruz de la Sierra,1006,Col. San Martin De Porres,7002111,18,240,191,1,9,201,191,201
1,Andrés Ibáñez,1,Santa Cruz de La Sierra,2234,Santa Cruz de la Sierra,1006,Col. San Martin De Porres,7002121,19,240,190,0,7,197,190,197
1,Andrés Ibáñez,1,Santa Cruz de La Sierra,2234,Santa Cruz de la Sierra,1006,Col. San Martin De Porres,7002131,20,240,196,1,8,205,196,205
1,Andrés Ibáñez,1,Santa Cruz de La Sierra,2234,Santa Cruz de la Sierra,1006,Col. San Martin De Porres,7002141,21,240,194,1,8,203,194,203
1,Andrés Ibáñez,1,Santa Cruz de La Sierra,2234,Santa Cruz de la Sierra,1006,Col. San Martin De Porres,7002151,22,240,205,0,8,213,205,213
1,Andrés Ibáñez,1,Santa Cruz de La Sierra,2234,Santa Cruz de la Sierra,1006,Col. San Martin De Porres,7002161,23,240,200,0,8,208,200,208
1,Andrés Ibáñez,1,Santa Cruz de La Sierra,2234,Santa Cruz de la Sierra,1006,Col. San Martin De Porres,7002191,26,240,205,1,11,217,205,217
1,Andrés Ibáñez,1,Santa Cruz de La Sierra,2234,Santa Cruz de la Sierra,1006,Col. San Martin De Porres,7002211,28,240,195,0,34,229,195,229
1,Andrés Ibáñez,1,Santa Cruz de La Sierra,2234,Santa Cruz de la Sierra,1006,Col. San Martin De Porres,7002221,29,222,190,2,5,197,190,197
1,Andrés Ibáñez,1,Santa Cruz de La Sierra,2234,Santa Cruz de la Sierra,1007,Col. Hnas. Arredondo (Col. Jesus Peredo),7001751,1,240,189,2,8,199,189,199
1,Andrés Ibáñez,1,Santa Cruz de La Sierra,2234,Santa Cruz de la Sierra,1007,Col. Hnas. Arredondo (Col. Jesus Peredo),7001771,3,240,199,5,6,210,199,210
1,Andrés Ibáñez,1,Santa Cruz de La Sierra,2234,Santa Cruz de la Sierra,1007,Col. Hnas. Arredondo (Col. Jesus Peredo),7001791,5,240,189,0,11,200,189,200
1,Andrés Ibáñez,1,Santa Cruz de La Sierra,2234,Santa Cruz de la Sierra,1007,Col. Hnas. Arredondo (Col. Jesus Peredo),7001801,6,240,204,0,4,208,204,208
1,Andrés Ibáñez,1,Santa Cruz de La Sierra,2234,Santa Cruz de la Sierra,1007,Col. Hnas. Arredondo (Col. Jesus Peredo),7001811,7,240,192,0,11,203,192,203
1,Andrés Ibáñez,1,Santa Cruz de La Sierra,2234,Santa Cruz de la Sierra,1007,Col. Hnas. Arredondo (Col. Jesus Peredo),7001821,8,240,204,1,6,211,204,211
1,Andrés Ibáñez,1,Santa Cruz de La Sierra,2234,Santa Cruz de la Sierra,1007,Col. Hnas. Arredondo (Col. Jesus Peredo),7001831,9,240,201,1,4,206,201,206
1,Andrés Ibáñez,1,Santa Cruz de La Sierra,2234,Santa Cruz de la Sierra,1007,Col. Hnas. Arredondo (Col. Jesus Peredo),7001841,10,240,200,1,3,204,200,204
1,Andrés Ibáñez,1,Santa Cruz de La Sierra,2234,Santa Cruz de la Sierra,1007,Col. Hnas. Arredondo (Col. Jesus Peredo),7001861,12,240,197,1,6,204,197,204
1,Andrés Ibáñez,1,Santa Cruz de La Sierra,2234,Santa Cruz de la Sierra,1007,Col. Hnas. Arredondo (Col. Jesus Peredo),7001871,13,240,193,0,10,203,193,203
1,Andrés Ibáñez,1,Santa Cruz de La Sierra,2234,Santa Cruz de la Sierra,1007,Col. Hnas. Arredondo (Col. Jesus Peredo),7001881,14,143,121,1,1,123,121,123
1,Andrés Ibáñez,1,Santa Cruz de La Sierra,2234,Santa Cruz de la Sierra,1008,Esc. Normal Enriquet  Finot,7003851,1,240,177,2,5,184,177,184
1,Andrés Ibáñez,1,Santa Cruz de La Sierra,2234,Santa Cruz de la Sierra,1008,Esc. Normal Enriquet  Finot,7003871,3,240,186,1,7,194,186,194
1,Andrés Ibáñez,1,Santa Cruz de La Sierra,2234,Santa Cruz de la Sierra,1008,Esc. Normal Enriquet  Finot,7003901,6,240,180,2,6,188,180,188
1,Andrés Ibáñez,1,Santa Cruz de La Sierra,2234,Santa Cruz de la Sierra,1008,Esc. Normal Enriquet  Finot,7003951,11,240,174,1,6,181,174,181
1,Andrés Ibáñez,1,Santa Cruz de La Sierra,2234,Santa Cruz de la Sierra,1008,Esc. Normal Enriquet  Finot,7004001,16,240,184,2,5,191,184,191
1,Andrés Ibáñez,1,Santa Cruz de La Sierra,2234,Santa Cruz de la Sierra,1008,Esc. Normal Enriquet  Finot,7004011,17,240,164,0,4,168,164,168
1,Andrés Ibáñez,1,Santa Cruz de La Sierra,2234,Santa Cruz de la Sierra,1008,Esc. Normal Enriquet  Finot,7004021,18,240,175,0,4,179,175,179
1,Andrés Ibáñez,1,Santa Cruz de La Sierra,2234,Santa Cruz de la Sierra,1008,Esc. Normal Enriquet  Finot,7004031,19,240,182,2,6,190,182,190
1,Andrés Ibáñez,1,Santa Cruz de La Sierra,2234,Santa Cruz de la Sierra,1008,Esc. Normal Enriquet  Finot,7004041,20,240,174,1,8,183,174,183
1,Andrés Ibáñez,1,Santa Cruz de La Sierra,2234,Santa Cruz de la Sierra,1008,Esc. Normal Enriquet  Finot,7004051,21,240,173,0,3,176,173,176
1,Andrés Ibáñez,1,Santa Cruz de La Sierra,2234,Santa Cruz de la Sierra,1008,Esc. Normal Enriquet  Finot,7004061,22,240,182,1,2,185,182,185
1,Andrés Ibáñez,1,Santa Cruz de La Sierra,2234,Santa Cruz de la Sierra,1008,Esc. Normal Enriquet  Finot,7004071,23,240,186,2,6,194,186,194
1,Andrés Ibáñez,1,Santa Cruz de La Sierra,2234,Santa Cruz de la Sierra,1008,Esc. Normal Enriquet  Finot,7004081,24,250,190,2,0,192,190,192
1,Andrés Ibáñez,1,Santa Cruz de La Sierra,2234,Santa Cruz de la Sierra,1009,Colegio Castulo Chavez,7040771,2,240,182,1,8,191,182,191
1,Andrés Ibáñez,1,Santa Cruz de La Sierra,2234,Santa Cruz de la Sierra,1009,Colegio Castulo Chavez,7040781,3,240,181,0,9,190,181,190
1,Andrés Ibáñez,1,Santa Cruz de La Sierra,2234,Santa Cruz de la Sierra,1009,Colegio Castulo Chavez,7040791,4,240,180,0,8,188,180,188
1,Andrés Ibáñez,1,Santa Cruz de La Sierra,2234,Santa Cruz de la Sierra,1009,Colegio Castulo Chavez,7040801,5,240,184,0,7,191,184,191
1,Andrés Ibáñez,1,Santa Cruz de La Sierra,2234,Santa Cruz de la Sierra,1009,Colegio Castulo Chavez,7040811,6,240,160,0,41,201,160,201
1,Andrés Ibáñez,1,Santa Cruz de La Sierra,2234,Santa Cruz de la Sierra,1009,Colegio Castulo Chavez,7040821,7,240,181,3,8,192,181,192
1,Andrés Ibáñez,1,Santa Cruz de La Sierra,2234,Santa Cruz de la Sierra,1011,Kinder Luisa Saucedo,7041971,1,240,187,2,4,193,187,193
1,Andrés Ibáñez,1,Santa Cruz de La Sierra,2234,Santa Cruz de la Sierra,1012,Escuela San Carlos,7003551,1,240,191,2,2,195,191,195
1,Andrés Ibáñez,1,Santa Cruz de La Sierra,2234,Santa Cruz de la Sierra,1012,Escuela San Carlos,7003571,3,240,187,0,14,201,187,201
1,Andrés Ibáñez,1,Santa Cruz de La Sierra,2234,Santa Cruz de la Sierra,1012,Escuela San Carlos,7003581,4,240,189,2,4,195,189,195
1,Andrés Ibáñez,1,Santa Cruz de La Sierra,2234,Santa Cruz de la Sierra,1012,Escuela San Carlos,7003601,6,240,202,2,3,207,202,207
1,Andrés Ibáñez,1,Santa Cruz de La Sierra,2234,Santa Cruz de la Sierra,1012,Escuela San Carlos,7003611,7,240,194,1,8,203,194,203
1,Andrés Ibáñez,1,Santa Cruz de La Sierra,2234,Santa Cruz de la Sierra,1012,Escuela San Carlos,7003641,10,240,195,1,5,201,195,201
1,Andrés Ibáñez,1,Santa Cruz de La Sierra,2234,Santa Cruz de la Sierra,1014,Esc. Bernardo Cadario(Col.Kurt Richter),7003301,5,240,194,0,2,196,194,196
1,Andrés Ibáñez,1,Santa Cruz de La Sierra,2234,Santa Cruz de la Sierra,1014,Esc. Bernardo Cadario(Col.Kurt Richter),7003331,8,240,194,1,6,201,194,201
1,Andrés Ibáñez,1,Santa Cruz de La Sierra,2234,Santa Cruz de la Sierra,1014,Esc. Bernardo Cadario(Col.Kurt Richter),7003341,9,240,208,0,5,213,208,213
1,Andrés Ibáñez,1,Santa Cruz de La Sierra,2234,Santa Cruz de la Sierra,1014,Esc. Bernardo Cadario(Col.Kurt Richter),7003351,10,240,196,1,10,207,196,207
1,Andrés Ibáñez,1,Santa Cruz de La Sierra,2234,Santa Cruz de la Sierra,1015,Esc. Aponte Tineo (Esc. Gregorio Moreno),7002511,2,240,191,3,7,201,191,201
1,Andrés Ibáñez,1,Santa Cruz de La Sierra,2234,Santa Cruz de la Sierra,1015,Esc. Aponte Tineo (Esc. Gregorio Moreno),7002531,4,240,171,1,9,181,171,181
1,Andrés Ibáñez,1,Santa Cruz de La Sierra,2234,Santa Cruz de la Sierra,1015,Esc. Aponte Tineo (Esc. Gregorio Moreno),7002551,6,240,183,0,11,194,183,194
1,Andrés Ibáñez,1,Santa Cruz de La Sierra,2234,Santa Cruz de la Sierra,1015,Esc. Aponte Tineo (Esc. Gregorio Moreno),7002561,7,240,196,0,4,200,196,200
1,Andrés Ibáñez,1,Santa Cruz de La Sierra,2234,Santa Cruz de la Sierra,1015,Esc. Aponte Tineo (Esc. Gregorio Moreno),7002571,8,240,192,0,5,197,192,197
1,Andrés Ibáñez,1,Santa Cruz de La Sierra,2234,Santa Cruz de la Sierra,1015,Esc. Aponte Tineo (Esc. Gregorio Moreno),7002581,9,240,189,1,7,197,189,197
1,Andrés Ibáñez,1,Santa Cruz de La Sierra,2234,Santa Cruz de la Sierra,1015,Esc. Aponte Tineo (Esc. Gregorio Moreno),7002591,10,220,166,2,7,175,166,175
1,Andrés Ibáñez,1,Santa Cruz de La Sierra,2234,Santa Cruz de la Sierra,1016,U.E. Walter Suarez,7040571,1,240,197,2,3,202,197,202
1,Andrés Ibáñez,1,Santa Cruz de La Sierra,2234,Santa Cruz de la Sierra,1016,U.E. Walter Suarez,7040581,2,240,194,1,1,196,194,196
1,Andrés Ibáñez,1,Santa Cruz de La Sierra,2234,Santa Cruz de la Sierra,1016,U.E. Walter Suarez,7040591,3,240,192,0,2,194,192,194
1,Andrés Ibáñez,1,Santa Cruz de La Sierra,2234,Santa Cruz de la Sierra,1016,U.E. Walter Suarez,7040601,4,240,194,2,9,205,194,205
1,Andrés Ibáñez,1,Santa Cruz de La Sierra,2234,Santa Cruz de la Sierra,1016,U.E. Walter Suarez,7040611,5,240,198,4,1,203,198,203
1,Andrés Ibáñez,1,Santa Cruz de La Sierra,2234,Santa Cruz de la Sierra,1016,U.E. Walter Suarez,7040621,6,240,190,0,3,193,190,193
1,Andrés Ibáñez,1,Santa Cruz de La Sierra,2234,Santa Cruz de la Sierra,1016,U.E. Walter Suarez,7040631,7,252,214,3,3,220,214,220
1,Andrés Ibáñez,1,Santa Cruz de La Sierra,2234,Santa Cruz de la Sierra,2000,Col. Esc. Manuel Ignacio Salvatierra,7042011,1,153,128,0,4,132,128,132
1,Andrés Ibáñez,1,Santa Cruz de La Sierra,2234,Santa Cruz de la Sierra,2001,Col. Seccional Monseñor Santiestevan,7042031,2,240,176,0,8,184,176,184
1,Andrés Ibáñez,1,Santa Cruz de La Sierra,2234,Santa Cruz de la Sierra,2003,Col. Gaston Guillaux,7041021,1,240,193,0,2,195,193,195
1,Andrés Ibáñez,1,Santa Cruz de La Sierra,2234,Santa Cruz de la Sierra,2003,Col. Gaston Guillaux,7041031,2,240,188,1,7,196,188,196
1,Andrés Ibáñez,1,Santa Cruz de La Sierra,2234,Santa Cruz de la Sierra,2003,Col. Gaston Guillaux,7041051,4,240,166,1,8,175,166,175
1,Andrés Ibáñez,1,Santa Cruz de La Sierra,2234,Santa Cruz de la Sierra,2003,Col. Gaston Guillaux,7041081,7,240,190,0,4,194,190,194
1,Andrés Ibáñez,1,Santa Cruz de La Sierra,2234,Santa Cruz de la Sierra,2004,Col. Republica del Uruguay,7040891,1,240,207,0,5,212,207,212
1,Andrés Ibáñez,1,Santa Cruz de La Sierra,2234,Santa Cruz de la Sierra,2004,Col. Republica del Uruguay,7040901,2,240,197,0,3,200,197,200
1,Andrés Ibáñez,1,Santa Cruz de La Sierra,2234,Santa Cruz de la Sierra,2004,Col. Republica del Uruguay,7040911,3,240,192,1,15,208,192,208
1,Andrés Ibáñez,1,Santa Cruz de La Sierra,2234,Santa Cruz de la Sierra,2004,Col. Republica del Uruguay,7040921,4,240,190,1,8,199,190,199
1,Andrés Ibáñez,1,Santa Cruz de La Sierra,2234,Santa Cruz de la Sierra,2004,Col. Republica del Uruguay,7040931,5,240,189,1,7,197,189,197
1,Andrés Ibáñez,1,Santa Cruz de La Sierra,2234,Santa Cruz de la Sierra,2004,Col. Republica del Uruguay,7040941,6,240,193,0,5,198,193,198
1,Andrés Ibáñez,1,Santa Cruz de La Sierra,2234,Santa Cruz de la Sierra,2004,Col. Republica del Uruguay,7040951,7,240,202,1,5,208,202,208
1,Andrés Ibáñez,1,Santa Cruz de La Sierra,2234,Santa Cruz de la Sierra,2004,Col. Republica del Uruguay,7040971,9,240,203,1,8,212,203,212
1,Andrés Ibáñez,1,Santa Cruz de La Sierra,2234,Santa Cruz de la Sierra,2004,Col. Republica del Uruguay,7040981,10,240,185,4,8,197,185,197
1,Andrés Ibáñez,1,Santa Cruz de La Sierra,2234,Santa Cruz de la Sierra,2007,Col. Club De Leones Nro.10 (Máximo Diescher),7005871,1,240,196,1,9,206,196,206
1,Andrés Ibáñez,1,Santa Cruz de La Sierra,2234,Santa Cruz de la Sierra,2007,Col. Club De Leones Nro.10 (Máximo Diescher),7005881,2,240,177,0,10,187,177,187
1,Andrés Ibáñez,1,Santa Cruz de La Sierra,2234,Santa Cruz de la Sierra,2007,Col. Club De Leones Nro.10 (Máximo Diescher),7005891,3,240,201,0,8,209,201,209
1,Andrés Ibáñez,1,Santa Cruz de La Sierra,2234,Santa Cruz de la Sierra,2007,Col. Club De Leones Nro.10 (Máximo Diescher),7005901,4,240,201,0,6,207,201,207
1,Andrés Ibáñez,1,Santa Cruz de La Sierra,2234,Santa Cruz de la Sierra,2007,Col. Club De Leones Nro.10 (Máximo Diescher),7005911,5,240,198,0,7,205,198,205
1,Andrés Ibáñez,1,Santa Cruz de La Sierra,2234,Santa Cruz de la Sierra,2007,Col. Club De Leones Nro.10 (Máximo Diescher),7005921,6,240,195,1,9,205,195,205
1,Andrés Ibáñez,1,Santa Cruz de La Sierra,2234,Santa Cruz de la Sierra,2007,Col. Club De Leones Nro.10 (Máximo Diescher),7005931,7,52,45,0,1,46,45,46
1,Andrés Ibáñez,1,Santa Cruz de La Sierra,2234,Santa Cruz de la Sierra,2008,Col. Centro Aprondy,7007241,1,240,196,0,7,203,196,203
1,Andrés Ibáñez,1,Santa Cruz de La Sierra,2234,Santa Cruz de la Sierra,2008,Col. Centro Aprondy,7007261,3,240,191,1,10,202,191,202
1,Andrés Ibáñez,1,Santa Cruz de La Sierra,2234,Santa Cruz de la Sierra,2008,Col. Centro Aprondy,7007301,7,240,196,1,13,210,196,210
1,Andrés Ibáñez,1,Santa Cruz de La Sierra,2234,Santa Cruz de la Sierra,2009,Col. Wenseslao Montero,7006941,3,240,203,0,7,210,203,210
1,Andrés Ibáñez,1,Santa Cruz de La Sierra,2234,Santa Cruz de la Sierra,2009,Col. Wenseslao Montero,7006981,7,240,199,0,5,204,199,204
1,Andrés Ibáñez,1,Santa Cruz de La Sierra,2234,Santa Cruz de la Sierra,2009,Col. Wenseslao Montero,7007041,13,240,192,1,7,200,192,200
1,Andrés Ibáñez,1,Santa Cruz de La Sierra,2234,Santa Cruz de la Sierra,2009,Col. Wenseslao Montero,7007051,14,239,194,2,4,200,194,200
1,Andrés Ibáñez,1,Santa Cruz de La Sierra,2234,Santa Cruz de la Sierra,2010,Col. Tecnologico Santa Cruz,7007141,2,240,197,0,5,202,197,202
1,Andrés Ibáñez,1,Santa Cruz de La Sierra,2234,Santa Cruz de la Sierra,2010,Col. Tecnologico Santa Cruz,7007151,3,240,206,0,1,207,206,207
1,Andrés Ibáñez,1,Santa Cruz de La Sierra,2234,Santa Cruz de la Sierra,2010,Col. Tecnologico Santa Cruz,7007161,4,240,196,1,11,208,196,208
1,Andrés Ibáñez,1,Santa Cruz de La Sierra,2234,Santa Cruz de la Sierra,2010,Col. Tecnologico Santa Cruz,7007171,5,240,192,0,8,200,192,200
1,Andrés Ibáñez,1,Santa Cruz de La Sierra,2234,Santa Cruz de la Sierra,2010,Col. Tecnologico Santa Cruz,7007181,6,240,193,0,5,198,193,198
1,Andrés Ibáñez,1,Santa Cruz de La Sierra,2234,Santa Cruz de la Sierra,2010,Col. Tecnologico Santa Cruz,7007191,7,240,197,0,12,209,197,209
1,Andrés Ibáñez,1,Santa Cruz de La Sierra,2234,Santa Cruz de la Sierra,2010,Col. Tecnologico Santa Cruz,7007201,8,240,199,2,6,207,199,207
1,Andrés Ibáñez,1,Santa Cruz de La Sierra,2234,Santa Cruz de la Sierra,2010,Col. Tecnologico Santa Cruz,7007211,9,240,197,2,7,206,197,206
1,Andrés Ibáñez,1,Santa Cruz de La Sierra,2234,Santa Cruz de la Sierra,2010,Col. Tecnologico Santa Cruz,7007221,10,240,197,0,7,204,197,204
1,Andrés Ibáñez,1,Santa Cruz de La Sierra,2234,Santa Cruz de la Sierra,2010,Col. Tecnologico Santa Cruz,7007231,11,185,154,1,4,159,154,159
1,Andrés Ibáñez,1,Santa Cruz de La Sierra,2234,Santa Cruz de la Sierra,2011,Col. Venancio Aquino Villegas,7005671,1,240,207,0,4,211,207,211
1,Andrés Ibáñez,1,Santa Cruz de La Sierra,2234,Santa Cruz de la Sierra,2011,Col. Venancio Aquino Villegas,7005681,2,240,189,1,13,203,189,203
1,Andrés Ibáñez,1,Santa Cruz de La Sierra,2234,Santa Cruz de la Sierra,2011,Col. Venancio Aquino Villegas,7005691,3,240,207,2,2,211,207,211
1,Andrés Ibáñez,1,Santa Cruz de La Sierra,2234,Santa Cruz de la Sierra,2011,Col. Venancio Aquino Villegas,7005701,4,240,212,1,3,216,212,216
1,Andrés Ibáñez,1,Santa Cruz de La Sierra,2234,Santa Cruz de la Sierra,2012,Col. Gualberto Villarroel,7005731,1,240,193,0,13,206,193,206
1,Andrés Ibáñez,1,Santa Cruz de La Sierra,2234,Santa Cruz de la Sierra,2012,Col. Gualberto Villarroel,7005741,2,240,206,1,6,213,206,213
1,Andrés Ibáñez,1,Santa Cruz de La Sierra,2234,Santa Cruz de la Sierra,2012,Col. Gualberto Villarroel,7005751,3,240,188,1,8,197,188,197
1,Andrés Ibáñez,1,Santa Cruz de La Sierra,2234,Santa Cruz de la Sierra,2012,Col. Gualberto Villarroel,7005761,4,240,177,1,9,187,177,187
1,Andrés Ibáñez,1,Santa Cruz de La Sierra,2234,Santa Cruz de la Sierra,2012,Col. Gualberto Villarroel,7005781,6,240,188,1,6,195,188,195
1,Andrés Ibáñez,1,Santa Cruz de La Sierra,2234,Santa Cruz de la Sierra,2012,Col. Gualberto Villarroel,7005791,7,240,195,1,7,203,195,203
1,Andrés Ibáñez,1,Santa Cruz de La Sierra,2234,Santa Cruz de la Sierra,2012,Col. Gualberto Villarroel,7005811,9,240,198,1,8,207,198,207
1,Andrés Ibáñez,1,Santa Cruz de La Sierra,2234,Santa Cruz de la Sierra,2012,Col. Gualberto Villarroel,7005851,13,240,168,1,20,189,168,189
1,Andrés Ibáñez,1,Santa Cruz de La Sierra,2234,Santa Cruz de la Sierra,2013,Col. Domingo Leigue (Boliviano Canadiense),7005581,2,240,202,0,7,209,202,209
1,Andrés Ibáñez,1,Santa Cruz de La Sierra,2234,Santa Cruz de la Sierra,2013,Col. Domingo Leigue (Boliviano Canadiense),7005591,3,240,193,0,3,196,193,196
1,Andrés Ibáñez,1,Santa Cruz de La Sierra,2234,Santa Cruz de la Sierra,2013,Col. Domingo Leigue (Boliviano Canadiense),7005601,4,240,207,2,3,212,207,212
1,Andrés Ibáñez,1,Santa Cruz de La Sierra,2234,Santa Cruz de la Sierra,2013,Col. Domingo Leigue (Boliviano Canadiense),7005611,5,240,191,0,9,200,191,200
1,Andrés Ibáñez,1,Santa Cruz de La Sierra,2234,Santa Cruz de la Sierra,2014,Colegio  6 de Junio,7006401,1,240,197,0,2,199,197,199
1,Andrés Ibáñez,1,Santa Cruz de La Sierra,2234,Santa Cruz de la Sierra,2014,Colegio  6 de Junio,7006411,2,240,208,1,5,214,208,214
1,Andrés Ibáñez,1,Santa Cruz de La Sierra,2234,Santa Cruz de la Sierra,2014,Colegio  6 de Junio,7006421,3,240,197,2,11,210,197,210
1,Andrés Ibáñez,1,Santa Cruz de La Sierra,2234,Santa Cruz de la Sierra,2014,Colegio  6 de Junio,7006441,5,240,187,0,9,196,187,196
1,Andrés Ibáñez,1,Santa Cruz de La Sierra,2234,Santa Cruz de la Sierra,2014,Colegio  6 de Junio,7006451,6,240,192,2,8,202,192,202
1,Andrés Ibáñez,1,Santa Cruz de La Sierra,2234,Santa Cruz de la Sierra,2014,Colegio  6 de Junio,7006461,7,240,204,2,3,209,204,209
1,Andrés Ibáñez,1,Santa Cruz de La Sierra,2234,Santa Cruz de la Sierra,2014,Colegio  6 de Junio,7006491,10,240,199,2,8,209,199,209
1,Andrés Ibáñez,1,Santa Cruz de La Sierra,2234,Santa Cruz de la Sierra,2015,Col. Bailon Mercado Ortiz,7006531,1,240,208,0,6,214,208,214
1,Andrés Ibáñez,1,Santa Cruz de La Sierra,2234,Santa Cruz de la Sierra,2015,Col. Bailon Mercado Ortiz,7006541,2,240,193,1,16,210,193,210
1,Andrés Ibáñez,1,Santa Cruz de La Sierra,2234,Santa Cruz de la Sierra,2015,Col. Bailon Mercado Ortiz,7006551,3,240,198,0,8,206,198,206
1,Andrés Ibáñez,1,Santa Cruz de La Sierra,2234,Santa Cruz de la Sierra,2015,Col. Bailon Mercado Ortiz,7006561,4,240,200,0,6,206,200,206
1,Andrés Ibáñez,1,Santa Cruz de La Sierra,2234,Santa Cruz de la Sierra,2015,Col. Bailon Mercado Ortiz,7006571,5,240,184,0,5,189,184,189
1,Andrés Ibáñez,1,Santa Cruz de La Sierra,2234,Santa Cruz de la Sierra,2015,Col. Bailon Mercado Ortiz,7006591,7,240,184,2,17,203,184,203
1,Andrés Ibáñez,1,Santa Cruz de La Sierra,2234,Santa Cruz de la Sierra,2015,Col. Bailon Mercado Ortiz,7006611,9,240,197,1,9,207,197,207
1,Andrés Ibáñez,1,Santa Cruz de La Sierra,2234,Santa Cruz de la Sierra,2015,Col. Bailon Mercado Ortiz,7006621,10,240,200,3,6,209,200,209
1,Andrés Ibáñez,1,Santa Cruz de La Sierra,2234,Santa Cruz de la Sierra,2015,Col. Bailon Mercado Ortiz,7006631,11,240,210,0,3,213,210,213
1,Andrés Ibáñez,1,Santa Cruz de La Sierra,2234,Santa Cruz de la Sierra,2017,Col. 24 de Septiembre,7006651,1,240,197,1,9,207,197,207
1,Andrés Ibáñez,1,Santa Cruz de La Sierra,2234,Santa Cruz de la Sierra,2017,Col. 24 de Septiembre,7006661,2,240,206,0,5,211,206,211
1,Andrés Ibáñez,1,Santa Cruz de La Sierra,2234,Santa Cruz de la Sierra,2017,Col. 24 de Septiembre,7006671,3,240,193,2,10,205,193,205
1,Andrés Ibáñez,1,Santa Cruz de La Sierra,2234,Santa Cruz de la Sierra,2017,Col. 24 de Septiembre,7006681,4,240,208,0,5,213,208,213
1,Andrés Ibáñez,1,Santa Cruz de La Sierra,2234,Santa Cruz de la Sierra,2017,Col. 24 de Septiembre,7006691,5,240,204,1,6,211,204,211
1,Andrés Ibáñez,1,Santa Cruz de La Sierra,2234,Santa Cruz de la Sierra,2017,Col. 24 de Septiembre,7006701,6,240,186,0,3,189,186,189
1,Andrés Ibáñez,1,Santa Cruz de La Sierra,2234,Santa Cruz de la Sierra,2017,Col. 24 de Septiembre,7006711,7,240,193,1,6,200,193,200
1,Andrés Ibáñez,1,Santa Cruz de La Sierra,2234,Santa Cruz de la Sierra,2017,Col. 24 de Septiembre,7006721,8,240,210,0,6,216,210,216
1,Andrés Ibáñez,1,Santa Cruz de La Sierra,2234,Santa Cruz de la Sierra,2017,Col. 24 de Septiembre,7006731,9,240,197,0,12,209,197,209
1,Andrés Ibáñez,1,Santa Cruz de La Sierra,2234,Santa Cruz de la Sierra,2017,Col. 24 de Septiembre,7006741,10,240,208,1,3,212,208,212
1,Andrés Ibáñez,1,Santa Cruz de La Sierra,2234,Santa Cruz de la Sierra,2017,Col. 24 de Septiembre,7006751,11,240,187,1,17,205,187,205
1,Andrés Ibáñez,1,Santa Cruz de La Sierra,2234,Santa Cruz de la Sierra,2017,Col. 24 de Septiembre,7006761,12,240,200,0,4,204,200,204
1,Andrés Ibáñez,1,Santa Cruz de La Sierra,2234,Santa Cruz de la Sierra,2018,Col. Liceo Maria Vacadiez,7005371,1,240,200,1,10,211,200,211
1,Andrés Ibáñez,1,Santa Cruz de La Sierra,2234,Santa Cruz de la Sierra,2018,Col. Liceo Maria Vacadiez,7005381,2,240,188,0,2,190,188,190
1,Andrés Ibáñez,1,Santa Cruz de La Sierra,2234,Santa Cruz de la Sierra,2018,Col. Liceo Maria Vacadiez,7005391,3,240,195,1,8,204,195,204
1,Andrés Ibáñez,1,Santa Cruz de La Sierra,2234,Santa Cruz de la Sierra,2018,Col. Liceo Maria Vacadiez,7005401,4,240,189,1,4,194,189,194
1,Andrés Ibáñez,1,Santa Cruz de La Sierra,2234,Santa Cruz de la Sierra,2018,Col. Liceo Maria Vacadiez,7005411,5,240,195,2,8,205,195,205
1,Andrés Ibáñez,1,Santa Cruz de La Sierra,2234,Santa Cruz de la Sierra,2018,Col. Liceo Maria Vacadiez,7005421,6,240,189,0,3,192,189,192
1,Andrés Ibáñez,1,Santa Cruz de La Sierra,2234,Santa Cruz de la Sierra,2018,Col. Liceo Maria Vacadiez,7005431,7,240,189,1,9,199,189,199
1,Andrés Ibáñez,1,Santa Cruz de La Sierra,2234,Santa Cruz de la Sierra,2018,Col. Liceo Maria Vacadiez,7005441,8,240,197,2,6,205,197,205
1,Andrés Ibáñez,1,Santa Cruz de La Sierra,2234,Santa Cruz de la Sierra,2018,Col. Liceo Maria Vacadiez,7005451,9,85,54,0,2,56,54,56
1,Andrés Ibáñez,1,Santa Cruz de La Sierra,2234,Santa Cruz de la Sierra,2019,Col. Escuela Magisterio,7006791,2,240,209,0,7,216,209,216
1,Andrés Ibáñez,1,Santa Cruz de La Sierra,2234,Santa Cruz de la Sierra,2019,Col. Escuela Magisterio,7006811,4,240,205,1,5,211,205,211
1,Andrés Ibáñez,1,Santa Cruz de La Sierra,2234,Santa Cruz de la Sierra,2019,Col. Escuela Magisterio,7006821,5,240,195,2,8,205,195,205
1,Andrés Ibáñez,1,Santa Cruz de La Sierra,2234,Santa Cruz de la Sierra,2019,Col. Escuela Magisterio,7006831,6,240,208,1,6,215,208,215
1,Andrés Ibáñez,1,Santa Cruz de La Sierra,2234,Santa Cruz de la Sierra,2019,Col. Escuela Magisterio,7006841,7,240,189,1,14,204,189,204
1,Andrés Ibáñez,1,Santa Cruz de La Sierra,2234,Santa Cruz de la Sierra,2019,Col. Escuela Magisterio,7006861,9,240,207,2,5,214,207,214
1,Andrés Ibáñez,1,Santa Cruz de La Sierra,2234,Santa Cruz de la Sierra,2019,Col. Escuela Magisterio,7006871,10,240,203,0,3,206,203,206
1,Andrés Ibáñez,1,Santa Cruz de La Sierra,2234,Santa Cruz de la Sierra,2019,Col. Escuela Magisterio,7006881,11,240,210,0,5,215,210,215
1,Andrés Ibáñez,1,Santa Cruz de La Sierra,2234,Santa Cruz de la Sierra,2019,Col. Escuela Magisterio,7006891,12,240,197,2,4,203,197,203
1,Andrés Ibáñez,1,Santa Cruz de La Sierra,2234,Santa Cruz de la Sierra,2019,Col. Escuela Magisterio,7006901,13,240,200,1,8,209,200,209
1,Andrés Ibáñez,1,Santa Cruz de La Sierra,2234,Santa Cruz de la Sierra,2019,Col. Escuela Magisterio,7006911,14,197,155,0,4,159,155,159
1,Andrés Ibáñez,1,Santa Cruz de La Sierra,2234,Santa Cruz de la Sierra,2020,Col. La Santa Cruz,7005121,1,240,200,1,6,207,200,207
1,Andrés Ibáñez,1,Santa Cruz de La Sierra,2234,Santa Cruz de la Sierra,2020,Col. La Santa Cruz,7005141,3,240,178,0,6,184,178,184
1,Andrés Ibáñez,1,Santa Cruz de La Sierra,2234,Santa Cruz de la Sierra,2020,Col. La Santa Cruz,7005151,4,240,198,0,8,206,198,206
1,Andrés Ibáñez,1,Santa Cruz de La Sierra,2234,Santa Cruz de la Sierra,2020,Col. La Santa Cruz,7005161,5,240,197,0,5,202,197,202
1,Andrés Ibáñez,1,Santa Cruz de La Sierra,2234,Santa Cruz de la Sierra,2020,Col. La Santa Cruz,7005181,7,240,211,0,4,215,211,215
1,Andrés Ibáñez,1,Santa Cruz de La Sierra,2234,Santa Cruz de la Sierra,2021,Col. Carmen Ortiz De Peredo,7006051,1,240,202,3,4,209,202,209
1,Andrés Ibáñez,1,Santa Cruz de La Sierra,2234,Santa Cruz de la Sierra,2021,Col. Carmen Ortiz De Peredo,7006071,3,240,184,3,5,192,184,192
1,Andrés Ibáñez,1,Santa Cruz de La Sierra,2234,Santa Cruz de la Sierra,2021,Col. Carmen Ortiz De Peredo,7006091,5,240,210,1,3,214,210,214
1,Andrés Ibáñez,1,Santa Cruz de La Sierra,2234,Santa Cruz de la Sierra,2021,Col. Carmen Ortiz De Peredo,7006101,6,240,178,1,11,190,178,190
1,Andrés Ibáñez,1,Santa Cruz de La Sierra,2234,Santa Cruz de la Sierra,2021,Col. Carmen Ortiz De Peredo,7006111,7,240,190,1,6,197,190,197
1,Andrés Ibáñez,1,Santa Cruz de La Sierra,2234,Santa Cruz de la Sierra,2021,Col. Carmen Ortiz De Peredo,7006121,8,240,195,2,6,203,195,203
1,Andrés Ibáñez,1,Santa Cruz de La Sierra,2234,Santa Cruz de la Sierra,2021,Col. Carmen Ortiz De Peredo,7006131,9,240,197,0,5,202,197,202
1,Andrés Ibáñez,1,Santa Cruz de La Sierra,2234,Santa Cruz de la Sierra,2021,Col. Carmen Ortiz De Peredo,7006141,10,240,191,1,2,194,191,194
1,Andrés Ibáñez,1,Santa Cruz de La Sierra,2234,Santa Cruz de la Sierra,2021,Col. Carmen Ortiz De Peredo,7006161,12,240,205,0,3,208,205,208
1,Andrés Ibáñez,1,Santa Cruz de La Sierra,2234,Santa Cruz de la Sierra,2021,Col. Carmen Ortiz De Peredo,7006191,15,240,183,2,12,197,183,197
1,Andrés Ibáñez,1,Santa Cruz de La Sierra,2234,Santa Cruz de la Sierra,2021,Col. Carmen Ortiz De Peredo,7006201,16,240,206,1,1,208,206,208
1,Andrés Ibáñez,1,Santa Cruz de La Sierra,2234,Santa Cruz de la Sierra,2021,Col. Carmen Ortiz De Peredo,7006231,19,150,123,3,8,134,123,134
1,Andrés Ibáñez,1,Santa Cruz de La Sierra,2234,Santa Cruz de la Sierra,2022,Col. Britanico,7005311,10,240,190,1,9,200,190,200
1,Andrés Ibáñez,1,Santa Cruz de La Sierra,2234,Santa Cruz de la Sierra,2022,Col. Britanico,7005321,11,240,180,5,8,193,180,193
1,Andrés Ibáñez,1,Santa Cruz de La Sierra,2234,Santa Cruz de la Sierra,2023,Col. Pedro Gutierrez,7006251,2,240,201,0,3,204,201,204
1,Andrés Ibáñez,1,Santa Cruz de La Sierra,2234,Santa Cruz de la Sierra,2023,Col. Pedro Gutierrez,7006261,3,240,186,0,6,192,186,192
1,Andrés Ibáñez,1,Santa Cruz de La Sierra,2234,Santa Cruz de la Sierra,2023,Col. Pedro Gutierrez,7006271,4,240,197,1,4,202,197,202
1,Andrés Ibáñez,1,Santa Cruz de La Sierra,2234,Santa Cruz de la Sierra,2023,Col. Pedro Gutierrez,7006281,5,240,197,1,5,203,197,203
1,Andrés Ibáñez,1,Santa Cruz de La Sierra,2234,Santa Cruz de la Sierra,2023,Col. Pedro Gutierrez,7006301,7,240,206,0,4,210,206,210
1,Andrés Ibáñez,1,Santa Cruz de La Sierra,2234,Santa Cruz de la Sierra,2023,Col. Pedro Gutierrez,7006311,8,240,187,0,7,194,187,194
1,Andrés Ibáñez,1,Santa Cruz de La Sierra,2234,Santa Cruz de la Sierra,2023,Col. Pedro Gutierrez,7006321,9,240,191,0,21,212,191,212
1,Andrés Ibáñez,1,Santa Cruz de La Sierra,2234,Santa Cruz de la Sierra,2023,Col. Pedro Gutierrez,7006341,11,240,195,1,7,203,195,203
1,Andrés Ibáñez,1,Santa Cruz de La Sierra,2234,Santa Cruz de la Sierra,2023,Col. Pedro Gutierrez,7006351,12,240,199,0,10,209,199,209
1,Andrés Ibáñez,1,Santa Cruz de La Sierra,2234,Santa Cruz de la Sierra,2023,Col. Pedro Gutierrez,7006361,13,240,191,0,5,196,191,196
1,Andrés Ibáñez,1,Santa Cruz de La Sierra,2234,Santa Cruz de la Sierra,2023,Col. Pedro Gutierrez,7006371,14,240,199,3,2,204,199,204
1,Andrés Ibáñez,1,Santa Cruz de La Sierra,2234,Santa Cruz de la Sierra,2023,Col. Pedro Gutierrez,7006391,16,126,103,0,2,105,103,105
1,Andrés Ibáñez,1,Santa Cruz de La Sierra,2234,Santa Cruz de la Sierra,2026,Col. Instituto Americano Juan Wesley,7041181,1,240,199,1,12,212,199,212
1,Andrés Ibáñez,1,Santa Cruz de La Sierra,2234,Santa Cruz de la Sierra,2026,Col. Instituto Americano Juan Wesley,7041201,3,240,193,1,6,200,193,200
1,Andrés Ibáñez,1,Santa Cruz de La Sierra,2234,Santa Cruz de la Sierra,2026,Col. Instituto Americano Juan Wesley,7041221,5,240,195,1,9,205,195,205
1,Andrés Ibáñez,1,Santa Cruz de La Sierra,2234,Santa Cruz de la Sierra,2026,Col. Instituto Americano Juan Wesley,7041231,6,240,193,0,6,199,193,199
1,Andrés Ibáñez,1,Santa Cruz de La Sierra,2234,Santa Cruz de la Sierra,2026,Col. Instituto Americano Juan Wesley,7041241,7,240,195,0,11,206,195,206
1,Andrés Ibáñez,1,Santa Cruz de La Sierra,2234,Santa Cruz de la Sierra,2026,Col. Instituto Americano Juan Wesley,7041281,11,179,155,1,4,160,155,160
1,Andrés Ibáñez,1,Santa Cruz de La Sierra,2234,Santa Cruz de la Sierra,2027,Col. Romulo Herrera,7042101,2,240,184,1,9,194,184,194
1,Andrés Ibáñez,1,Santa Cruz de La Sierra,2234,Santa Cruz de la Sierra,2027,Col. Romulo Herrera,7042111,3,240,180,1,22,203,180,203
1,Andrés Ibáñez,1,Santa Cruz de La Sierra,2234,Santa Cruz de la Sierra,2028,Col. Mariscal Sucre,7007321,1,240,196,0,6,202,196,202
1,Andrés Ibáñez,1,Santa Cruz de La Sierra,2234,Santa Cruz de la Sierra,2028,Col. Mariscal Sucre,7007331,2,240,198,0,8,206,198,206
1,Andrés Ibáñez,1,Santa Cruz de La Sierra,2234,Santa Cruz de la Sierra,2028,Col. Mariscal Sucre,7007341,3,240,197,0,6,203,197,203
1,Andrés Ibáñez,1,Santa Cruz de La Sierra,2234,Santa Cruz de la Sierra,2028,Col. Mariscal Sucre,7007351,4,240,198,1,5,204,198,204
1,Andrés Ibáñez,1,Santa Cruz de La Sierra,2234,Santa Cruz de la Sierra,2028,Col. Mariscal Sucre,7007361,5,240,199,0,9,208,199,208
1,Andrés Ibáñez,1,Santa Cruz de La Sierra,2234,Santa Cruz de la Sierra,2028,Col. Mariscal Sucre,7007371,6,240,205,1,1,207,205,207
1,Andrés Ibáñez,1,Santa Cruz de La Sierra,2234,Santa Cruz de la Sierra,2028,Col. Mariscal Sucre,7007381,7,240,198,0,9,207,198,207
1,Andrés Ibáñez,1,Santa Cruz de La Sierra,2234,Santa Cruz de la Sierra,2028,Col. Mariscal Sucre,7007391,8,240,192,0,9,201,192,201
1,Andrés Ibáñez,1,Santa Cruz de La Sierra,2234,Santa Cruz de la Sierra,2028,Col. Mariscal Sucre,7007401,9,240,205,1,0,206,205,206
1,Andrés Ibáñez,1,Santa Cruz de La Sierra,2234,Santa Cruz de la Sierra,2028,Col. Mariscal Sucre,7007411,10,240,202,2,4,208,202,208
1,Andrés Ibáñez,1,Santa Cruz de La Sierra,2234,Santa Cruz de la Sierra,2028,Col. Mariscal Sucre,7007421,11,240,205,0,2,207,205,207
1,Andrés Ibáñez,1,Santa Cruz de La Sierra,2234,Santa Cruz de la Sierra,2028,Col. Mariscal Sucre,7007431,12,167,140,2,2,144,140,144
1,Andrés Ibáñez,1,Santa Cruz de La Sierra,2234,Santa Cruz de la Sierra,3000,Colegio Marista,7042221,1,240,188,1,5,194,188,194
1,Andrés Ibáñez,1,Santa Cruz de La Sierra,2234,Santa Cruz de la Sierra,3000,Colegio Marista,7042231,2,240,200,0,2,202,200,202
1,Andrés Ibáñez,1,Santa Cruz de La Sierra,2234,Santa Cruz de la Sierra,3000,Colegio Marista,7042241,3,240,204,1,3,208,204,208
1,Andrés Ibáñez,1,Santa Cruz de La Sierra,2234,Santa Cruz de la Sierra,3000,Colegio Marista,7042251,4,240,196,1,6,203,196,203
1,Andrés Ibáñez,1,Santa Cruz de La Sierra,2234,Santa Cruz de la Sierra,3000,Colegio Marista,7042261,5,240,209,0,2,211,209,211
1,Andrés Ibáñez,1,Santa Cruz de La Sierra,2234,Santa Cruz de la Sierra,3000,Colegio Marista,7042271,6,240,180,3,6,189,180,189
1,Andrés Ibáñez,1,Santa Cruz de La Sierra,2234,Santa Cruz de la Sierra,3000,Colegio Marista,7042281,7,240,185,2,6,193,185,193
1,Andrés Ibáñez,1,Santa Cruz de La Sierra,2234,Santa Cruz de la Sierra,3000,Colegio Marista,7042291,8,240,190,1,8,199,190,199
1,Andrés Ibáñez,1,Santa Cruz de La Sierra,2234,Santa Cruz de la Sierra,3000,Colegio Marista,7042301,9,110,89,1,1,91,89,91
1,Andrés Ibáñez,1,Santa Cruz de La Sierra,2234,Santa Cruz de la Sierra,3001,Colegio Don Bosco,7041611,3,240,177,1,8,186,177,186
1,Andrés Ibáñez,1,Santa Cruz de La Sierra,2234,Santa Cruz de la Sierra,3001,Colegio Don Bosco,7041621,4,240,189,1,9,199,189,199
1,Andrés Ibáñez,1,Santa Cruz de La Sierra,2234,Santa Cruz de la Sierra,3001,Colegio Don Bosco,7041631,5,240,191,0,5,196,191,196
1,Andrés Ibáñez,1,Santa Cruz de La Sierra,2234,Santa Cruz de la Sierra,3001,Colegio Don Bosco,7041641,6,240,191,1,4,196,191,196
1,Andrés Ibáñez,1,Santa Cruz de La Sierra,2234,Santa Cruz de la Sierra,3001,Colegio Don Bosco,7041651,7,240,174,3,11,188,174,188
1,Andrés Ibáñez,1,Santa Cruz de La Sierra,2234,Santa Cruz de la Sierra,3001,Colegio Don Bosco,7041661,8,240,185,2,8,195,185,195
1,Andrés Ibáñez,1,Santa Cruz de La Sierra,2234,Santa Cruz de la Sierra,3001,Colegio Don Bosco,7041671,9,240,196,2,7,205,196,205
1,Andrés Ibáñez,1,Santa Cruz de La Sierra,2234,Santa Cruz de la Sierra,3002,Col. Josefina Goytia,7041581,6,90,74,0,3,77,74,77
1,Andrés Ibáñez,1,Santa Cruz de La Sierra,2234,Santa Cruz de la Sierra,3003,Col. Ramon Dario Gutierrez,7008811,1,240,208,0,5,213,208,213
1,Andrés Ibáñez,1,Santa Cruz de La Sierra,2234,Santa Cruz de la Sierra,3003,Col. Ramon Dario Gutierrez,7008821,2,240,188,0,7,195,188,195
1,Andrés Ibáñez,1,Santa Cruz de La Sierra,2234,Santa Cruz de la Sierra,3003,Col. Ramon Dario Gutierrez,7008831,3,240,201,0,8,209,201,209
1,Andrés Ibáñez,1,Santa Cruz de La Sierra,2234,Santa Cruz de la Sierra,3003,Col. Ramon Dario Gutierrez,7008841,4,240,196,2,4,202,196,202
1,Andrés Ibáñez,1,Santa Cruz de La Sierra,2234,Santa Cruz de la Sierra,3003,Col. Ramon Dario Gutierrez,7008851,5,240,187,1,3,191,187,191
1,Andrés Ibáñez,1,Santa Cruz de La Sierra,2234,Santa Cruz de la Sierra,3003,Col. Ramon Dario Gutierrez,7008861,6,240,191,0,5,196,191,196
1,Andrés Ibáñez,1,Santa Cruz de La Sierra,2234,Santa Cruz de la Sierra,3003,Col. Ramon Dario Gutierrez,7008871,7,240,197,0,3,200,197,200
1,Andrés Ibáñez,1,Santa Cruz de La Sierra,2234,Santa Cruz de la Sierra,3003,Col. Ramon Dario Gutierrez,7008881,8,194,162,0,7,169,162,169
1,Andrés Ibáñez,1,Santa Cruz de La Sierra,2234,Santa Cruz de la Sierra,3004,Colegio Raquel Sossa,7007971,3,240,203,1,0,204,203,204
1,Andrés Ibáñez,1,Santa Cruz de La Sierra,2234,Santa Cruz de la Sierra,3004,Colegio Raquel Sossa,7007981,4,121,105,0,4,109,105,109
1,Andrés Ibáñez,1,Santa Cruz de La Sierra,2234,Santa Cruz de la Sierra,3006,Colegio Justo Leigue,7007441,1,240,196,0,6,202,196,202
1,Andrés Ibáñez,1,Santa Cruz de La Sierra,2234,Santa Cruz de la Sierra,3006,Colegio Justo Leigue,7007451,2,240,197,1,3,201,197,201
1,Andrés Ibáñez,1,Santa Cruz de La Sierra,2234,Santa Cruz de la Sierra,3006,Colegio Justo Leigue,7007461,3,240,198,1,3,202,198,202
1,Andrés Ibáñez,1,Santa Cruz de La Sierra,2234,Santa Cruz de la Sierra,3006,Colegio Justo Leigue,7007471,4,240,202,0,8,210,202,210
1,Andrés Ibáñez,1,Santa Cruz de La Sierra,2234,Santa Cruz de la Sierra,3006,Colegio Justo Leigue,7007481,5,240,195,0,9,204,195,204
1,Andrés Ibáñez,1,Santa Cruz de La Sierra,2234,Santa Cruz de la Sierra,3006,Colegio Justo Leigue,7007491,6,240,187,3,13,203,187,203
1,Andrés Ibáñez,1,Santa Cruz de La Sierra,2234,Santa Cruz de la Sierra,3006,Colegio Justo Leigue,7007501,7,96,83,0,1,84,83,84
1,Andrés Ibáñez,1,Santa Cruz de La Sierra,2234,Santa Cruz de la Sierra,3007,Col. Fe y Alegria   Aniceto Arze,7007711,2,240,205,0,3,208,205,208
1,Andrés Ibáñez,1,Santa Cruz de La Sierra,2234,Santa Cruz de la Sierra,3007,Col. Fe y Alegria   Aniceto Arze,7007741,5,240,204,0,6,210,204,210
1,Andrés Ibáñez,1,Santa Cruz de La Sierra,2234,Santa Cruz de la Sierra,3007,Col. Fe y Alegria   Aniceto Arze,7007771,8,240,209,0,4,213,209,213
1,Andrés Ibáñez,1,Santa Cruz de La Sierra,2234,Santa Cruz de la Sierra,3007,Col. Fe y Alegria   Aniceto Arze,7007781,9,240,211,1,3,215,211,215
1,Andrés Ibáñez,1,Santa Cruz de La Sierra,2234,Santa Cruz de la Sierra,3007,Col. Fe y Alegria   Aniceto Arze,7007791,10,240,211,1,5,217,211,217
1,Andrés Ibáñez,1,Santa Cruz de La Sierra,2234,Santa Cruz de la Sierra,3007,Col. Fe y Alegria   Aniceto Arze,7007801,11,240,203,1,5,209,203,209
1,Andrés Ibáñez,1,Santa Cruz de La Sierra,2234,Santa Cruz de la Sierra,3007,Col. Fe y Alegria   Aniceto Arze,7007811,12,240,199,1,6,206,199,206
1,Andrés Ibáñez,1,Santa Cruz de La Sierra,2234,Santa Cruz de la Sierra,3007,Col. Fe y Alegria   Aniceto Arze,7007821,13,240,194,2,11,207,194,207
1,Andrés Ibáñez,1,Santa Cruz de La Sierra,2234,Santa Cruz de la Sierra,3007,Col. Fe y Alegria   Aniceto Arze,7007831,14,240,194,3,8,205,194,205
1,Andrés Ibáñez,1,Santa Cruz de La Sierra,2234,Santa Cruz de la Sierra,3007,Col. Fe y Alegria   Aniceto Arze,7007841,15,240,212,0,4,216,212,216
1,Andrés Ibáñez,1,Santa Cruz de La Sierra,2234,Santa Cruz de la Sierra,3007,Col. Fe y Alegria   Aniceto Arze,7007871,18,240,215,1,3,219,215,219
1,Andrés Ibáñez,1,Santa Cruz de La Sierra,2234,Santa Cruz de la Sierra,3008,Col. Felix Bascope Sanandita,7007561,6,240,190,1,18,209,190,209
1,Andrés Ibáñez,1,Santa Cruz de La Sierra,2234,Santa Cruz de la Sierra,3008,Col. Felix Bascope Sanandita,7007571,7,240,208,0,5,213,208,213
1,Andrés Ibáñez,1,Santa Cruz de La Sierra,2234,Santa Cruz de la Sierra,3008,Col. Felix Bascope Sanandita,7007581,8,240,205,0,4,209,205,209
1,Andrés Ibáñez,1,Santa Cruz de La Sierra,2234,Santa Cruz de la Sierra,3008,Col. Felix Bascope Sanandita,7007601,10,121,103,0,2,105,103,105
1,Andrés Ibáñez,1,Santa Cruz de La Sierra,2234,Santa Cruz de la Sierra,3009,Col. San Carlos,7007611,1,240,190,0,5,195,190,195
1,Andrés Ibáñez,1,Santa Cruz de La Sierra,2234,Santa Cruz de la Sierra,3009,Col. San Carlos,7007621,2,240,210,0,4,214,210,214
1,Andrés Ibáñez,1,Santa Cruz de La Sierra,2234,Santa Cruz de la Sierra,3009,Col. San Carlos,7007631,3,240,183,0,11,194,183,194
1,Andrés Ibáñez,1,Santa Cruz de La Sierra,2234,Santa Cruz de la Sierra,3009,Col. San Carlos,7007641,4,240,190,2,13,205,190,205
1,Andrés Ibáñez,1,Santa Cruz de La Sierra,2234,Santa Cruz de la Sierra,3009,Col. San Carlos,7007651,5,240,208,1,4,213,208,213
1,Andrés Ibáñez,1,Santa Cruz de La Sierra,2234,Santa Cruz de la Sierra,3011,Colegio Nestor Suarez,7009971,1,240,213,1,3,217,213,217
1,Andrés Ibáñez,1,Santa Cruz de La Sierra,2234,Santa Cruz de la Sierra,3011,Colegio Nestor Suarez,7009981,2,240,192,2,10,204,192,204
1,Andrés Ibáñez,1,Santa Cruz de La Sierra,2234,Santa Cruz de la Sierra,3011,Colegio Nestor Suarez,7009991,3,240,201,1,6,208,201,208
1,Andrés Ibáñez,1,Santa Cruz de La Sierra,2234,Santa Cruz de la Sierra,3011,Colegio Nestor Suarez,7010001,4,240,193,2,9,204,193,204
1,Andrés Ibáñez,1,Santa Cruz de La Sierra,2234,Santa Cruz de la Sierra,3011,Colegio Nestor Suarez,7010011,5,240,202,1,6,209,202,209
1,Andrés Ibáñez,1,Santa Cruz de La Sierra,2234,Santa Cruz de la Sierra,3011,Colegio Nestor Suarez,7010021,6,240,205,0,3,208,205,208
1,Andrés Ibáñez,1,Santa Cruz de La Sierra,2234,Santa Cruz de la Sierra,3012,Col. Magdalena Postel,7010221,1,240,204,3,7,214,204,214
1,Andrés Ibáñez,1,Santa Cruz de La Sierra,2234,Santa Cruz de la Sierra,3012,Col. Magdalena Postel,7010231,2,240,190,1,11,202,190,202
1,Andrés Ibáñez,1,Santa Cruz de La Sierra,2234,Santa Cruz de la Sierra,3012,Col. Magdalena Postel,7010281,7,240,197,1,15,213,197,213
1,Andrés Ibáñez,1,Santa Cruz de La Sierra,2234,Santa Cruz de la Sierra,3012,Col. Magdalena Postel,7010291,8,240,199,0,8,207,199,207
1,Andrés Ibáñez,1,Santa Cruz de La Sierra,2234,Santa Cruz de la Sierra,3012,Col. Magdalena Postel,7010301,9,240,204,0,8,212,204,212
1,Andrés Ibáñez,1,Santa Cruz de La Sierra,2234,Santa Cruz de la Sierra,3012,Col. Magdalena Postel,7010311,10,240,208,0,6,214,208,214
1,Andrés Ibáñez,1,Santa Cruz de La Sierra,2234,Santa Cruz de la Sierra,3012,Col. Magdalena Postel,7010321,11,240,200,2,7,209,200,209
1,Andrés Ibáñez,1,Santa Cruz de La Sierra,2234,Santa Cruz de la Sierra,3012,Col. Magdalena Postel,7010331,12,240,199,1,7,207,199,207
1,Andrés Ibáñez,1,Santa Cruz de La Sierra,2234,Santa Cruz de la Sierra,3012,Col. Magdalena Postel,7010341,13,240,208,1,8,217,208,217
1,Andrés Ibáñez,1,Santa Cruz de La Sierra,2234,Santa Cruz de la Sierra,3012,Col. Magdalena Postel,7010361,15,240,194,1,13,208,194,208
1,Andrés Ibáñez,1,Santa Cruz de La Sierra,2234,Santa Cruz de la Sierra,3012,Col. Magdalena Postel,7010371,16,240,202,1,8,211,202,211
1,Andrés Ibáñez,1,Santa Cruz de La Sierra,2234,Santa Cruz de la Sierra,3013,Col. Sagrado Corazon,7010161,3,240,202,3,4,209,202,209
1,Andrés Ibáñez,1,Santa Cruz de La Sierra,2234,Santa Cruz de la Sierra,3013,Col. Sagrado Corazon,7010191,6,65,57,1,1,59,57,59
1,Andrés Ibáñez,1,Santa Cruz de La Sierra,2234,Santa Cruz de la Sierra,3014,Col. Tristan Roca,7005941,1,240,208,0,2,210,208,210
1,Andrés Ibáñez,1,Santa Cruz de La Sierra,2234,Santa Cruz de la Sierra,3014,Col. Tristan Roca,7005951,2,240,199,0,6,205,199,205
1,Andrés Ibáñez,1,Santa Cruz de La Sierra,2234,Santa Cruz de la Sierra,3014,Col. Tristan Roca,7005961,3,240,185,0,13,198,185,198
1,Andrés Ibáñez,1,Santa Cruz de La Sierra,2234,Santa Cruz de la Sierra,3014,Col. Tristan Roca,7005981,5,240,211,4,6,221,211,221
1,Andrés Ibáñez,1,Santa Cruz de La Sierra,2234,Santa Cruz de la Sierra,3014,Col. Tristan Roca,7006001,7,240,195,2,13,210,195,210
1,Andrés Ibáñez,1,Santa Cruz de La Sierra,2234,Santa Cruz de la Sierra,3014,Col. Tristan Roca,7006011,8,240,201,0,3,204,201,204
1,Andrés Ibáñez,1,Santa Cruz de La Sierra,2234,Santa Cruz de la Sierra,3014,Col. Tristan Roca,7006021,9,240,202,0,5,207,202,207
1,Andrés Ibáñez,1,Santa Cruz de La Sierra,2234,Santa Cruz de la Sierra,3014,Col. Tristan Roca,7006031,10,179,147,0,5,152,147,152
1,Andrés Ibáñez,1,Santa Cruz de La Sierra,2234,Santa Cruz de la Sierra,3015,U.E. Domingo Faustino,7006041,1,164,136,0,6,142,136,142
1,Andrés Ibáñez,1,Santa Cruz de La Sierra,2234,Santa Cruz de la Sierra,3016,Col. Dios es Amor,7041331,5,240,193,1,11,205,193,205
1,Andrés Ibáñez,1,Santa Cruz de La Sierra,2234,Santa Cruz de la Sierra,3016,Col. Dios es Amor,7041351,7,80,56,0,1,57,56,57
1,Andrés Ibáñez,1,Santa Cruz de La Sierra,2234,Santa Cruz de la Sierra,3017,Col. Nacional Salesiano,7041411,6,240,192,0,9,201,192,201
1,Andrés Ibáñez,1,Santa Cruz de La Sierra,2234,Santa Cruz de la Sierra,3017,Col. Nacional Salesiano,7041421,7,240,178,3,12,193,178,193
1,Andrés Ibáñez,1,Santa Cruz de La Sierra,2234,Santa Cruz de la Sierra,3020,Col. Basilio De Cuellar,7042321,2,240,193,0,7,200,193,200
1,Andrés Ibáñez,1,Santa Cruz de La Sierra,2234,Santa Cruz de la Sierra,3020,Col. Basilio De Cuellar,7042331,3,240,191,2,7,200,191,200
1,Andrés Ibáñez,1,Santa Cruz de La Sierra,2234,Santa Cruz de la Sierra,3022,Col. Juan Pablo II,7008891,1,240,194,0,6,200,194,200
1,Andrés Ibáñez,1,Santa Cruz de La Sierra,2234,Santa Cruz de la Sierra,3022,Col. Juan Pablo II,7008921,4,240,199,0,7,206,199,206
1,Andrés Ibáñez,1,Santa Cruz de La Sierra,2234,Santa Cruz de la Sierra,3022,Col. Juan Pablo II,7008931,5,240,200,0,6,206,200,206
1,Andrés Ibáñez,1,Santa Cruz de La Sierra,2234,Santa Cruz de la Sierra,3022,Col. Juan Pablo II,7008941,6,240,205,1,5,211,205,211
1,Andrés Ibáñez,1,Santa Cruz de La Sierra,2234,Santa Cruz de la Sierra,3022,Col. Juan Pablo II,7008961,8,240,194,2,10,206,194,206
1,Andrés Ibáñez,1,Santa Cruz de La Sierra,2234,Santa Cruz de la Sierra,3022,Col. Juan Pablo II,7008971,9,240,201,0,4,205,201,205
1,Andrés Ibáñez,1,Santa Cruz de La Sierra,2234,Santa Cruz de la Sierra,3022,Col. Juan Pablo II,7008981,10,240,189,0,14,203,189,203
1,Andrés Ibáñez,1,Santa Cruz de La Sierra,2234,Santa Cruz de la Sierra,3022,Col. Juan Pablo II,7008991,11,240,205,0,5,210,205,210
1,Andrés Ibáñez,1,Santa Cruz de La Sierra,2234,Santa Cruz de la Sierra,3022,Col. Juan Pablo II,7009001,12,240,192,1,7,200,192,200
1,Andrés Ibáñez,1,Santa Cruz de La Sierra,2234,Santa Cruz de la Sierra,3022,Col. Juan Pablo II,7009021,14,240,197,0,8,205,197,205
1,Andrés Ibáñez,1,Santa Cruz de La Sierra,2234,Santa Cruz de la Sierra,3022,Col. Juan Pablo II,7009031,15,115,91,2,1,94,91,94
1,Andrés Ibáñez,1,Santa Cruz de La Sierra,2234,Santa Cruz de la Sierra,3023,Col. Nacional Florida,7042401,1,240,194,1,8,203,194,203
1,Andrés Ibáñez,1,Santa Cruz de La Sierra,2234,Santa Cruz de la Sierra,3023,Col. Nacional Florida,7042411,2,240,187,1,2,190,187,190
1,Andrés Ibáñez,1,Santa Cruz de La Sierra,2234,Santa Cruz de la Sierra,3023,Col. Nacional Florida,7042421,3,240,189,1,9,199,189,199
1,Andrés Ibáñez,1,Santa Cruz de La Sierra,2234,Santa Cruz de la Sierra,3023,Col. Nacional Florida,7042431,4,240,189,1,8,198,189,198
1,Andrés Ibáñez,1,Santa Cruz de La Sierra,2234,Santa Cruz de la Sierra,3023,Col. Nacional Florida,7042441,5,240,192,0,4,196,192,196
1,Andrés Ibáñez,1,Santa Cruz de La Sierra,2234,Santa Cruz de la Sierra,3023,Col. Nacional Florida,7042451,6,240,196,0,3,199,196,199
1,Andrés Ibáñez,1,Santa Cruz de La Sierra,2234,Santa Cruz de la Sierra,3023,Col. Nacional Florida,7042461,7,201,154,3,4,161,154,161
1,Andrés Ibáñez,1,Santa Cruz de La Sierra,2234,Santa Cruz de la Sierra,3024,U.E. Arroyito,7033171,1,240,171,2,27,200,171,200
1,Andrés Ibáñez,1,Santa Cruz de La Sierra,2234,Santa Cruz de la Sierra,3024,U.E. Arroyito,7033181,2,240,182,1,14,197,182,197
1,Andrés Ibáñez,1,Santa Cruz de La Sierra,2234,Santa Cruz de la Sierra,3024,U.E. Arroyito,7033201,4,240,194,3,10,207,194,207
1,Andrés Ibáñez,1,Santa Cruz de La Sierra,2234,Santa Cruz de la Sierra,3024,U.E. Arroyito,7033211,5,240,198,4,6,208,198,208
1,Andrés Ibáñez,1,Santa Cruz de La Sierra,2234,Santa Cruz de la Sierra,3024,U.E. Arroyito,7033221,6,240,180,4,23,207,180,207
1,Andrés Ibáñez,1,Santa Cruz de La Sierra,2234,Santa Cruz de la Sierra,3024,U.E. Arroyito,7033231,7,240,194,3,11,208,194,208
1,Andrés Ibáñez,1,Santa Cruz de La Sierra,2234,Santa Cruz de la Sierra,3024,U.E. Arroyito,7033241,8,240,188,3,18,209,188,209
1,Andrés Ibáñez,1,Santa Cruz de La Sierra,2234,Santa Cruz de la Sierra,3024,U.E. Arroyito,7033251,9,240,187,3,13,203,187,203
1,Andrés Ibáñez,1,Santa Cruz de La Sierra,2234,Santa Cruz de la Sierra,3024,U.E. Arroyito,7033271,11,224,172,2,9,183,172,183
1,Andrés Ibáñez,1,Santa Cruz de La Sierra,2234,Santa Cruz de la Sierra,3025,Col. Unidad Educativa San Jorge,7030501,1,240,198,3,11,212,198,212
1,Andrés Ibáñez,1,Santa Cruz de La Sierra,2234,Santa Cruz de la Sierra,3025,Col. Unidad Educativa San Jorge,7030511,2,240,194,0,15,209,194,209
1,Andrés Ibáñez,1,Santa Cruz de La Sierra,2234,Santa Cruz de la Sierra,3025,Col. Unidad Educativa San Jorge,7030521,3,240,183,2,25,210,183,210
1,Andrés Ibáñez,1,Santa Cruz de La Sierra,2234,Santa Cruz de la Sierra,3025,Col. Unidad Educativa San Jorge,7030531,4,240,197,6,11,214,197,214
1,Andrés Ibáñez,1,Santa Cruz de La Sierra,2234,Santa Cruz de la Sierra,3025,Col. Unidad Educativa San Jorge,7030541,5,240,197,0,12,209,197,209
1,Andrés Ibáñez,1,Santa Cruz de La Sierra,2234,Santa Cruz de la Sierra,3025,Col. Unidad Educativa San Jorge,7030551,6,240,194,3,13,210,194,210
1,Andrés Ibáñez,1,Santa Cruz de La Sierra,2234,Santa Cruz de la Sierra,3025,Col. Unidad Educativa San Jorge,7030561,7,240,184,1,30,215,184,215
1,Andrés Ibáñez,1,Santa Cruz de La Sierra,2234,Santa Cruz de la Sierra,3025,Col. Unidad Educativa San Jorge,7030571,8,240,184,2,18,204,184,204
1,Andrés Ibáñez,1,Santa Cruz de La Sierra,2234,Santa Cruz de la Sierra,3026,Col. Normandia Josefina Balsamo,7047321,1,240,195,2,8,205,195,205
1,Andrés Ibáñez,1,Santa Cruz de La Sierra,2234,Santa Cruz de la Sierra,3026,Col. Normandia Josefina Balsamo,7047331,2,240,194,3,9,206,194,206
1,Andrés Ibáñez,1,Santa Cruz de La Sierra,2234,Santa Cruz de la Sierra,3026,Col. Normandia Josefina Balsamo,7047341,3,240,195,2,6,203,195,203
1,Andrés Ibáñez,1,Santa Cruz de La Sierra,2234,Santa Cruz de la Sierra,3026,Col. Normandia Josefina Balsamo,7047351,4,240,188,4,18,210,188,210
1,Andrés Ibáñez,1,Santa Cruz de La Sierra,2234,Santa Cruz de la Sierra,3026,Col. Normandia Josefina Balsamo,7047361,5,240,188,4,23,215,188,215
1,Andrés Ibáñez,1,Santa Cruz de La Sierra,2234,Santa Cruz de la Sierra,3026,Col. Normandia Josefina Balsamo,7047371,6,240,182,0,14,196,182,196
1,Andrés Ibáñez,1,Santa Cruz de La Sierra,2234,Santa Cruz de la Sierra,3026,Col. Normandia Josefina Balsamo,7047381,7,240,196,1,12,209,196,209
1,Andrés Ibáñez,1,Santa Cruz de La Sierra,2234,Santa Cruz de la Sierra,3026,Col. Normandia Josefina Balsamo,7047401,9,240,186,2,14,202,186,202
1,Andrés Ibáñez,1,Santa Cruz de La Sierra,2234,Santa Cruz de la Sierra,3026,Col. Normandia Josefina Balsamo,7047411,10,240,192,0,12,204,192,204
1,Andrés Ibáñez,1,Santa Cruz de La Sierra,2234,Santa Cruz de la Sierra,3027,Col. Cupesi Terrado,7023611,9,240,192,0,21,213,192,213
1,Andrés Ibáñez,1,Santa Cruz de La Sierra,2234,Santa Cruz de la Sierra,3027,Col. Cupesi Terrado,7023621,10,240,196,0,8,204,196,204
1,Andrés Ibáñez,1,Santa Cruz de La Sierra,2234,Santa Cruz de la Sierra,3027,Col. Cupesi Terrado,7023661,14,240,203,2,6,211,203,211
1,Andrés Ibáñez,1,Santa Cruz de La Sierra,2234,Santa Cruz de la Sierra,3027,Col. Cupesi Terrado,7023671,15,240,183,2,3,188,183,188
1,Andrés Ibáñez,1,Santa Cruz de La Sierra,2234,Santa Cruz de la Sierra,3027,Col. Cupesi Terrado,7023681,16,240,187,1,16,204,187,204
1,Andrés Ibáñez,1,Santa Cruz de La Sierra,2234,Santa Cruz de la Sierra,3027,Col. Cupesi Terrado,7023691,17,240,190,1,9,200,190,200
1,Andrés Ibáñez,1,Santa Cruz de La Sierra,2234,Santa Cruz de la Sierra,3027,Col. Cupesi Terrado,7023701,18,240,200,1,14,215,200,215
1,Andrés Ibáñez,1,Santa Cruz de La Sierra,2234,Santa Cruz de la Sierra,3027,Col. Cupesi Terrado,7023721,20,240,188,1,8,197,188,197
1,Andrés Ibáñez,1,Santa Cruz de La Sierra,2234,Santa Cruz de la Sierra,3028,Colegio Cupeso De Los Reyes,7030341,1,240,190,0,13,203,190,203
1,Andrés Ibáñez,1,Santa Cruz de La Sierra,2234,Santa Cruz de la Sierra,3028,Colegio Cupeso De Los Reyes,7030351,2,240,202,1,11,214,202,214
1,Andrés Ibáñez,1,Santa Cruz de La Sierra,2234,Santa Cruz de la Sierra,3028,Colegio Cupeso De Los Reyes,7030361,3,240,202,0,11,213,202,213
1,Andrés Ibáñez,1,Santa Cruz de La Sierra,2234,Santa Cruz de la Sierra,3028,Colegio Cupeso De Los Reyes,7030371,4,240,178,2,23,203,178,203
1,Andrés Ibáñez,1,Santa Cruz de La Sierra,2234,Santa Cruz de la Sierra,3028,Colegio Cupeso De Los Reyes,7030381,5,240,203,1,5,209,203,209
1,Andrés Ibáñez,1,Santa Cruz de La Sierra,2234,Santa Cruz de la Sierra,3028,Colegio Cupeso De Los Reyes,7030391,6,240,192,1,8,201,192,201
1,Andrés Ibáñez,1,Santa Cruz de La Sierra,2234,Santa Cruz de la Sierra,3028,Colegio Cupeso De Los Reyes,7030401,7,240,197,1,13,211,197,211
1,Andrés Ibáñez,1,Santa Cruz de La Sierra,2234,Santa Cruz de la Sierra,3028,Colegio Cupeso De Los Reyes,7030411,8,240,200,1,13,214,200,214
1,Andrés Ibáñez,1,Santa Cruz de La Sierra,2234,Santa Cruz de la Sierra,3028,Colegio Cupeso De Los Reyes,7030421,9,240,197,4,10,211,197,211
1,Andrés Ibáñez,1,Santa Cruz de La Sierra,2234,Santa Cruz de la Sierra,3028,Colegio Cupeso De Los Reyes,7030431,10,240,194,2,9,205,194,205
1,Andrés Ibáñez,1,Santa Cruz de La Sierra,2234,Santa Cruz de la Sierra,3028,Colegio Cupeso De Los Reyes,7030441,11,240,190,1,12,203,190,203
1,Andrés Ibáñez,1,Santa Cruz de La Sierra,2234,Santa Cruz de la Sierra,3028,Colegio Cupeso De Los Reyes,7030451,12,240,187,3,16,206,187,206
1,Andrés Ibáñez,1,Santa Cruz de La Sierra,2234,Santa Cruz de la Sierra,3028,Colegio Cupeso De Los Reyes,7030461,13,240,193,4,10,207,193,207
1,Andrés Ibáñez,1,Santa Cruz de La Sierra,2234,Santa Cruz de la Sierra,3028,Colegio Cupeso De Los Reyes,7030471,14,240,177,1,23,201,177,201
1,Andrés Ibáñez,1,Santa Cruz de La Sierra,2234,Santa Cruz de la Sierra,3028,Colegio Cupeso De Los Reyes,7030481,15,240,186,0,18,204,186,204
1,Andrés Ibáñez,1,Santa Cruz de La Sierra,2234,Santa Cruz de la Sierra,3028,Colegio Cupeso De Los Reyes,7030491,16,153,126,22,5,153,126,153
1,Andrés Ibáñez,1,Santa Cruz de La Sierra,2234,Santa Cruz de la Sierra,4000,Col. Fe y Alegria La Merced,7040391,2,240,209,0,5,214,209,214
1,Andrés Ibáñez,1,Santa Cruz de La Sierra,2234,Santa Cruz de la Sierra,4000,Col. Fe y Alegria La Merced,7040451,8,240,183,1,7,191,183,191
1,Andrés Ibáñez,1,Santa Cruz de La Sierra,2234,Santa Cruz de la Sierra,4000,Col. Fe y Alegria La Merced,7040461,9,240,209,1,6,216,209,216
1,Andrés Ibáñez,1,Santa Cruz de La Sierra,2234,Santa Cruz de la Sierra,4000,Col. Fe y Alegria La Merced,7040471,10,240,204,1,4,209,204,209
1,Andrés Ibáñez,1,Santa Cruz de La Sierra,2234,Santa Cruz de la Sierra,4000,Col. Fe y Alegria La Merced,7040481,11,240,208,0,6,214,208,214
1,Andrés Ibáñez,1,Santa Cruz de La Sierra,2234,Santa Cruz de la Sierra,4000,Col. Fe y Alegria La Merced,7040491,12,240,203,0,3,206,203,206
1,Andrés Ibáñez,1,Santa Cruz de La Sierra,2234,Santa Cruz de la Sierra,4002,Col. Villa Rosario,7011121,2,240,183,1,12,196,183,196
1,Andrés Ibáñez,1,Santa Cruz de La Sierra,2234,Santa Cruz de la Sierra,4002,Col. Villa Rosario,7011201,10,240,149,2,46,197,149,197
1,Andrés Ibáñez,1,Santa Cruz de La Sierra,2234,Santa Cruz de la Sierra,4003,Col. UV. La Madre,7002621,1,240,196,0,13,209,196,209
1,Andrés Ibáñez,1,Santa Cruz de La Sierra,2234,Santa Cruz de la Sierra,4003,Col. UV. La Madre,7002631,2,240,200,3,7,210,200,210
1,Andrés Ibáñez,1,Santa Cruz de La Sierra,2234,Santa Cruz de la Sierra,4003,Col. UV. La Madre,7002651,4,240,191,2,8,201,191,201
1,Andrés Ibáñez,1,Santa Cruz de La Sierra,2234,Santa Cruz de la Sierra,4003,Col. UV. La Madre,7002661,5,240,192,0,12,204,192,204
1,Andrés Ibáñez,1,Santa Cruz de La Sierra,2234,Santa Cruz de la Sierra,4003,Col. UV. La Madre,7002681,7,240,208,0,6,214,208,214
1,Andrés Ibáñez,1,Santa Cruz de La Sierra,2234,Santa Cruz de la Sierra,4003,Col. UV. La Madre,7002711,10,240,185,0,9,194,185,194
1,Andrés Ibáñez,1,Santa Cruz de La Sierra,2234,Santa Cruz de la Sierra,4003,Col. UV. La Madre,7002721,11,240,191,2,6,199,191,199
1,Andrés Ibáñez,1,Santa Cruz de La Sierra,2234,Santa Cruz de la Sierra,4003,Col. UV. La Madre,7002731,12,240,198,0,3,201,198,201
1,Andrés Ibáñez,1,Santa Cruz de La Sierra,2234,Santa Cruz de la Sierra,4003,Col. UV. La Madre,7002741,13,240,185,1,7,193,185,193
1,Andrés Ibáñez,1,Santa Cruz de La Sierra,2234,Santa Cruz de la Sierra,4003,Col. UV. La Madre,7002751,14,240,196,0,10,206,196,206
1,Andrés Ibáñez,1,Santa Cruz de La Sierra,2234,Santa Cruz de la Sierra,4003,Col. UV. La Madre,7002761,15,240,196,2,5,203,196,203
1,Andrés Ibáñez,1,Santa Cruz de La Sierra,2234,Santa Cruz de la Sierra,4003,Col. UV. La Madre,7002771,16,240,197,1,7,205,197,205
1,Andrés Ibáñez,1,Santa Cruz de La Sierra,2234,Santa Cruz de la Sierra,4003,Col. UV. La Madre,7002801,19,240,192,1,6,199,192,199
1,Andrés Ibáñez,1,Santa Cruz de La Sierra,2234,Santa Cruz de la Sierra,4003,Col. UV. La Madre,7002821,21,240,206,1,8,215,206,215
1,Andrés Ibáñez,1,Santa Cruz de La Sierra,2234,Santa Cruz de la Sierra,4004,Col. Sociedad De Ingenieros,7009881,7,240,195,0,5,200,195,200
1,Andrés Ibáñez,1,Santa Cruz de La Sierra,2234,Santa Cruz de la Sierra,4004,Col. Sociedad De Ingenieros,7009891,8,240,194,0,8,202,194,202
1,Andrés Ibáñez,1,Santa Cruz de La Sierra,2234,Santa Cruz de la Sierra,4004,Col. Sociedad De Ingenieros,7009901,9,240,181,0,10,191,181,191
1,Andrés Ibáñez,1,Santa Cruz de La Sierra,2234,Santa Cruz de la Sierra,4004,Col. Sociedad De Ingenieros,7009911,10,240,198,3,3,204,198,204
1,Andrés Ibáñez,1,Santa Cruz de La Sierra,2234,Santa Cruz de la Sierra,4005,Col.  Placido Molilna,7040321,5,240,180,1,10,191,180,191
1,Andrés Ibáñez,1,Santa Cruz de La Sierra,2234,Santa Cruz de la Sierra,4005,Col.  Placido Molilna,7040331,6,240,151,0,52,203,151,203
1,Andrés Ibáñez,1,Santa Cruz de La Sierra,2234,Santa Cruz de la Sierra,4005,Col.  Placido Molilna,7040341,7,240,180,4,8,192,180,192
1,Andrés Ibáñez,1,Santa Cruz de La Sierra,2234,Santa Cruz de la Sierra,4006,Col. American School Coop.,7011231,2,240,168,3,5,176,168,176
1,Andrés Ibáñez,1,Santa Cruz de La Sierra,2234,Santa Cruz de la Sierra,4006,Col. American School Coop.,7011271,6,240,184,1,8,193,184,193
1,Andrés Ibáñez,1,Santa Cruz de La Sierra,2234,Santa Cruz de la Sierra,4009,U.E. Virgen de Fatima,7010931,2,240,196,2,9,207,196,207
1,Andrés Ibáñez,1,Santa Cruz de La Sierra,2234,Santa Cruz de la Sierra,4009,U.E. Virgen de Fatima,7011041,13,240,211,1,4,216,211,216
1,Andrés Ibáñez,1,Santa Cruz de La Sierra,2234,Santa Cruz de la Sierra,4009,U.E. Virgen de Fatima,7011061,15,240,186,3,17,206,186,206
1,Andrés Ibáñez,1,Santa Cruz de La Sierra,2234,Santa Cruz de la Sierra,4010,U.E. Villa Warnes A.,7010601,1,240,204,1,7,212,204,212
1,Andrés Ibáñez,1,Santa Cruz de La Sierra,2234,Santa Cruz de la Sierra,4010,U.E. Villa Warnes A.,7010611,2,240,199,1,3,203,199,203
1,Andrés Ibáñez,1,Santa Cruz de La Sierra,2234,Santa Cruz de la Sierra,4010,U.E. Villa Warnes A.,7010621,3,240,200,1,8,209,200,209
1,Andrés Ibáñez,1,Santa Cruz de La Sierra,2234,Santa Cruz de la Sierra,4010,U.E. Villa Warnes A.,7010631,4,240,199,1,6,206,199,206
1,Andrés Ibáñez,1,Santa Cruz de La Sierra,2234,Santa Cruz de la Sierra,4010,U.E. Villa Warnes A.,7010641,5,240,203,2,6,211,203,211
1,Andrés Ibáñez,1,Santa Cruz de La Sierra,2234,Santa Cruz de la Sierra,4010,U.E. Villa Warnes A.,7010651,6,240,199,0,2,201,199,201
1,Andrés Ibáñez,1,Santa Cruz de La Sierra,2234,Santa Cruz de la Sierra,4010,U.E. Villa Warnes A.,7010661,7,240,199,1,6,206,199,206
1,Andrés Ibáñez,1,Santa Cruz de La Sierra,2234,Santa Cruz de la Sierra,4010,U.E. Villa Warnes A.,7010671,8,240,189,2,7,198,189,198
1,Andrés Ibáñez,1,Santa Cruz de La Sierra,2234,Santa Cruz de la Sierra,4010,U.E. Villa Warnes A.,7010801,21,240,201,0,14,215,201,215
1,Andrés Ibáñez,1,Santa Cruz de La Sierra,2234,Santa Cruz de la Sierra,4011,Col. Victor Paz Estensoro,7010441,6,240,187,1,8,196,187,196
1,Andrés Ibáñez,1,Santa Cruz de La Sierra,2234,Santa Cruz de la Sierra,4011,Col. Victor Paz Estensoro,7010451,7,240,195,0,8,203,195,203
1,Andrés Ibáñez,1,Santa Cruz de La Sierra,2234,Santa Cruz de la Sierra,4011,Col. Victor Paz Estensoro,7010461,8,240,198,2,5,205,198,205
1,Andrés Ibáñez,1,Santa Cruz de La Sierra,2234,Santa Cruz de la Sierra,4011,Col. Victor Paz Estensoro,7010471,9,240,198,0,7,205,198,205
1,Andrés Ibáñez,1,Santa Cruz de La Sierra,2234,Santa Cruz de la Sierra,4011,Col. Victor Paz Estensoro,7010481,10,240,197,0,5,202,197,202
1,Andrés Ibáñez,1,Santa Cruz de La Sierra,2234,Santa Cruz de la Sierra,4011,Col. Victor Paz Estensoro,7010491,11,240,182,1,17,200,182,200
1,Andrés Ibáñez,1,Santa Cruz de La Sierra,2234,Santa Cruz de la Sierra,4011,Col. Victor Paz Estensoro,7010501,12,240,184,2,11,197,184,197
1,Andrés Ibáñez,1,Santa Cruz de La Sierra,2234,Santa Cruz de la Sierra,4011,Col. Victor Paz Estensoro,7010511,13,240,186,2,16,204,186,204
1,Andrés Ibáñez,1,Santa Cruz de La Sierra,2234,Santa Cruz de la Sierra,4011,Col. Victor Paz Estensoro,7010521,14,240,196,0,6,202,196,202
1,Andrés Ibáñez,1,Santa Cruz de La Sierra,2234,Santa Cruz de la Sierra,4011,Col. Victor Paz Estensoro,7010581,20,240,187,1,11,199,187,199
1,Andrés Ibáñez,1,Santa Cruz de La Sierra,2234,Santa Cruz de la Sierra,4012,Col. Jose Malky Jesus Maria,7009041,1,240,194,0,6,200,194,200
1,Andrés Ibáñez,1,Santa Cruz de La Sierra,2234,Santa Cruz de la Sierra,4012,Col. Jose Malky Jesus Maria,7009071,4,240,187,0,6,193,187,193
1,Andrés Ibáñez,1,Santa Cruz de La Sierra,2234,Santa Cruz de la Sierra,4012,Col. Jose Malky Jesus Maria,7009081,5,240,169,0,9,178,169,178
1,Andrés Ibáñez,1,Santa Cruz de La Sierra,2234,Santa Cruz de la Sierra,4012,Col. Jose Malky Jesus Maria,7009191,16,240,184,1,6,191,184,191
1,Andrés Ibáñez,1,Santa Cruz de La Sierra,2234,Santa Cruz de la Sierra,4012,Col. Jose Malky Jesus Maria,7009231,20,240,188,1,7,196,188,196
1,Andrés Ibáñez,1,Santa Cruz de La Sierra,2234,Santa Cruz de la Sierra,4012,Col. Jose Malky Jesus Maria,7009241,21,240,189,1,2,192,189,192
1,Andrés Ibáñez,1,Santa Cruz de La Sierra,2234,Santa Cruz de la Sierra,4012,Col. Jose Malky Jesus Maria,7009261,23,240,189,0,1,190,189,190
1,Andrés Ibáñez,1,Santa Cruz de La Sierra,2234,Santa Cruz de la Sierra,4013,U.E. Julia Ribera Aguilera,7009301,3,240,187,1,9,197,187,197
1,Andrés Ibáñez,1,Santa Cruz de La Sierra,2234,Santa Cruz de la Sierra,4013,U.E. Julia Ribera Aguilera,7009321,5,240,203,2,8,213,203,213
1,Andrés Ibáñez,1,Santa Cruz de La Sierra,2234,Santa Cruz de la Sierra,4014,Col. Jhon Kennedy,7001451,2,240,194,1,6,201,194,201
1,Andrés Ibáñez,1,Santa Cruz de La Sierra,2234,Santa Cruz de la Sierra,4014,Col. Jhon Kennedy,7001511,8,240,194,2,4,200,194,200
1,Andrés Ibáñez,1,Santa Cruz de La Sierra,2234,Santa Cruz de la Sierra,4014,Col. Jhon Kennedy,7001581,15,240,192,1,5,198,192,198
1,Andrés Ibáñez,1,Santa Cruz de La Sierra,2234,Santa Cruz de la Sierra,4014,Col. Jhon Kennedy,7001601,17,240,203,0,3,206,203,206
1,Andrés Ibáñez,1,Santa Cruz de La Sierra,2234,Santa Cruz de la Sierra,4014,Col. Jhon Kennedy,7001631,20,240,200,0,5,205,200,205
1,Andrés Ibáñez,1,Santa Cruz de La Sierra,2234,Santa Cruz de la Sierra,4014,Col. Jhon Kennedy,7001641,21,240,195,0,15,210,195,210
1,Andrés Ibáñez,1,Santa Cruz de La Sierra,2234,Santa Cruz de la Sierra,4014,Col. Jhon Kennedy,7001661,23,240,200,3,5,208,200,208
1,Andrés Ibáñez,1,Santa Cruz de La Sierra,2234,Santa Cruz de la Sierra,4014,Col. Jhon Kennedy,7001671,24,240,208,0,8,216,208,216
1,Andrés Ibáñez,1,Santa Cruz de La Sierra,2234,Santa Cruz de la Sierra,4015,Col. Complejo Educativo Japon,7009361,1,240,195,0,12,207,195,207
1,Andrés Ibáñez,1,Santa Cruz de La Sierra,2234,Santa Cruz de la Sierra,4015,Col. Complejo Educativo Japon,7009381,3,240,206,2,7,215,206,215
1,Andrés Ibáñez,1,Santa Cruz de La Sierra,2234,Santa Cruz de la Sierra,4015,Col. Complejo Educativo Japon,7009391,4,240,192,1,8,201,192,201
1,Andrés Ibáñez,1,Santa Cruz de La Sierra,2234,Santa Cruz de la Sierra,4015,Col. Complejo Educativo Japon,7009401,5,240,175,2,25,202,175,202
1,Andrés Ibáñez,1,Santa Cruz de La Sierra,2234,Santa Cruz de la Sierra,4015,Col. Complejo Educativo Japon,7009411,6,240,191,1,7,199,191,199
1,Andrés Ibáñez,1,Santa Cruz de La Sierra,2234,Santa Cruz de la Sierra,4015,Col. Complejo Educativo Japon,7009421,7,240,197,0,5,202,197,202
1,Andrés Ibáñez,1,Santa Cruz de La Sierra,2234,Santa Cruz de la Sierra,4015,Col. Complejo Educativo Japon,7009441,9,240,193,1,12,206,193,206
1,Andrés Ibáñez,1,Santa Cruz de La Sierra,2234,Santa Cruz de la Sierra,4015,Col. Complejo Educativo Japon,7009451,10,240,191,4,9,204,191,204
1,Andrés Ibáñez,1,Santa Cruz de La Sierra,2234,Santa Cruz de la Sierra,4015,Col. Complejo Educativo Japon,7009461,11,240,195,0,12,207,195,207
1,Andrés Ibáñez,1,Santa Cruz de La Sierra,2234,Santa Cruz de la Sierra,4015,Col. Complejo Educativo Japon,7009471,12,240,188,4,6,198,188,198
1,Andrés Ibáñez,1,Santa Cruz de La Sierra,2234,Santa Cruz de la Sierra,4015,Col. Complejo Educativo Japon,7009481,13,240,193,3,14,210,193,210
1,Andrés Ibáñez,1,Santa Cruz de La Sierra,2234,Santa Cruz de la Sierra,4015,Col. Complejo Educativo Japon,7009501,15,240,181,1,12,194,181,194
1,Andrés Ibáñez,1,Santa Cruz de La Sierra,2234,Santa Cruz de la Sierra,4015,Col. Complejo Educativo Japon,7009511,16,240,197,1,14,212,197,212
1,Andrés Ibáñez,1,Santa Cruz de La Sierra,2234,Santa Cruz de la Sierra,4015,Col. Complejo Educativo Japon,7009521,17,240,191,1,16,208,191,208
1,Andrés Ibáñez,1,Santa Cruz de La Sierra,2234,Santa Cruz de la Sierra,4015,Col. Complejo Educativo Japon,7009531,18,240,202,3,8,213,202,213
1,Andrés Ibáñez,1,Santa Cruz de La Sierra,2234,Santa Cruz de la Sierra,4015,Col. Complejo Educativo Japon,7009541,19,240,191,0,15,206,191,206
1,Andrés Ibáñez,1,Santa Cruz de La Sierra,2234,Santa Cruz de la Sierra,4015,Col. Complejo Educativo Japon,7009551,20,230,190,0,10,200,190,200
1,Andrés Ibáñez,1,Santa Cruz de La Sierra,2234,Santa Cruz de la Sierra,4017,Col. Julio A. Gutierrez,7041721,3,240,184,0,9,193,184,193
1,Andrés Ibáñez,1,Santa Cruz de La Sierra,2234,Santa Cruz de la Sierra,4018,Col. Club De Leones Nro.6,7041771,1,240,180,1,7,188,180,188
1,Andrés Ibáñez,1,Santa Cruz de La Sierra,2234,Santa Cruz de la Sierra,4019,Col. Unidad Educativa Lorenzo Caballero,7041861,6,240,202,1,6,209,202,209
1,Andrés Ibáñez,1,Santa Cruz de La Sierra,2234,Santa Cruz de la Sierra,4020,Col. Antonio Vicente Seoane,7009631,1,240,205,1,8,214,205,214
1,Andrés Ibáñez,1,Santa Cruz de La Sierra,2234,Santa Cruz de la Sierra,4020,Col. Antonio Vicente Seoane,7009641,2,240,202,1,7,210,202,210
1,Andrés Ibáñez,1,Santa Cruz de La Sierra,2234,Santa Cruz de la Sierra,4020,Col. Antonio Vicente Seoane,7009651,3,240,201,0,10,211,201,211
1,Andrés Ibáñez,1,Santa Cruz de La Sierra,2234,Santa Cruz de la Sierra,4020,Col. Antonio Vicente Seoane,7009701,8,240,194,0,16,210,194,210
1,Andrés Ibáñez,1,Santa Cruz de La Sierra,2234,Santa Cruz de la Sierra,4020,Col. Antonio Vicente Seoane,7009711,9,142,127,1,2,130,127,130
1,Andrés Ibáñez,1,Santa Cruz de La Sierra,2234,Santa Cruz de la Sierra,4022,Col. Esc. Coronel Ignacio Warnes,7042541,1,240,174,1,10,185,174,185
1,Andrés Ibáñez,1,Santa Cruz de La Sierra,2234,Santa Cruz de la Sierra,4022,Col. Esc. Coronel Ignacio Warnes,7042551,2,240,192,2,4,198,192,198
1,Andrés Ibáñez,1,Santa Cruz de La Sierra,2234,Santa Cruz de la Sierra,4022,Col. Esc. Coronel Ignacio Warnes,7042561,3,84,65,0,3,68,65,68
1,Andrés Ibáñez,1,Santa Cruz de La Sierra,2234,Santa Cruz de la Sierra,4023,Col. Arz. Daniel Rivero,7042571,1,178,135,0,5,140,135,140
1,Andrés Ibáñez,1,Santa Cruz de La Sierra,2234,Santa Cruz de la Sierra,5000,Unidad Educativa Pompeya Santisimo Redentor,7022321,4,240,207,0,10,217,207,217
1,Andrés Ibáñez,1,Santa Cruz de La Sierra,2234,Santa Cruz de la Sierra,5000,Unidad Educativa Pompeya Santisimo Redentor,7022331,5,240,199,2,8,209,199,209
1,Andrés Ibáñez,1,Santa Cruz de La Sierra,2234,Santa Cruz de la Sierra,5000,Unidad Educativa Pompeya Santisimo Redentor,7022351,7,111,93,1,6,100,93,100
1,Andrés Ibáñez,1,Santa Cruz de La Sierra,2234,Santa Cruz de la Sierra,5001,Colegio Josefina Balsamo( Los Tusequis),7013431,1,240,189,0,14,203,189,203
1,Andrés Ibáñez,1,Santa Cruz de La Sierra,2234,Santa Cruz de la Sierra,5001,Colegio Josefina Balsamo( Los Tusequis),7013441,2,240,201,0,6,207,201,207
1,Andrés Ibáñez,1,Santa Cruz de La Sierra,2234,Santa Cruz de la Sierra,5001,Colegio Josefina Balsamo( Los Tusequis),7013481,6,240,201,1,5,207,201,207
1,Andrés Ibáñez,1,Santa Cruz de La Sierra,2234,Santa Cruz de la Sierra,5001,Colegio Josefina Balsamo( Los Tusequis),7013491,7,240,188,0,9,197,188,197
1,Andrés Ibáñez,1,Santa Cruz de La Sierra,2234,Santa Cruz de la Sierra,5002,Esc. German Busch,7013181,2,240,202,1,7,210,202,210
1,Andrés Ibáñez,1,Santa Cruz de La Sierra,2234,Santa Cruz de la Sierra,5002,Esc. German Busch,7013251,9,240,203,2,7,212,203,212
1,Andrés Ibáñez,1,Santa Cruz de La Sierra,2234,Santa Cruz de la Sierra,5002,Esc. German Busch,7013281,12,240,196,1,4,201,196,201
1,Andrés Ibáñez,1,Santa Cruz de La Sierra,2234,Santa Cruz de la Sierra,5002,Esc. German Busch,7013311,15,69,59,0,2,61,59,61
1,Andrés Ibáñez,1,Santa Cruz de La Sierra,2234,Santa Cruz de la Sierra,5003,Col. Escuela 2 De Agosto,7012901,1,240,195,1,8,204,195,204
1,Andrés Ibáñez,1,Santa Cruz de La Sierra,2234,Santa Cruz de la Sierra,5003,Col. Escuela 2 De Agosto,7012911,2,240,200,1,7,208,200,208
1,Andrés Ibáñez,1,Santa Cruz de La Sierra,2234,Santa Cruz de la Sierra,5003,Col. Escuela 2 De Agosto,7012961,7,26,24,0,0,24,24,24
1,Andrés Ibáñez,1,Santa Cruz de La Sierra,2234,Santa Cruz de la Sierra,5004,Col. Ovidio Santistevan,7004101,2,240,199,1,9,209,199,209
1,Andrés Ibáñez,1,Santa Cruz de La Sierra,2234,Santa Cruz de la Sierra,5004,Col. Ovidio Santistevan,7004231,15,240,199,0,11,210,199,210
1,Andrés Ibáñez,1,Santa Cruz de La Sierra,2234,Santa Cruz de la Sierra,5004,Col. Ovidio Santistevan,7004261,18,240,202,0,10,212,202,212
1,Andrés Ibáñez,1,Santa Cruz de La Sierra,2234,Santa Cruz de la Sierra,5004,Col. Ovidio Santistevan,7004281,20,91,73,0,1,74,73,74
1,Andrés Ibáñez,1,Santa Cruz de La Sierra,2234,Santa Cruz de la Sierra,5005,Col. Villa Bolivia,7004291,1,240,190,1,11,202,190,202
1,Andrés Ibáñez,1,Santa Cruz de La Sierra,2234,Santa Cruz de la Sierra,5005,Col. Villa Bolivia,7004311,3,240,204,1,7,212,204,212
1,Andrés Ibáñez,1,Santa Cruz de La Sierra,2234,Santa Cruz de la Sierra,5005,Col. Villa Bolivia,7004321,4,240,204,0,5,209,204,209
1,Andrés Ibáñez,1,Santa Cruz de La Sierra,2234,Santa Cruz de la Sierra,5005,Col. Villa Bolivia,7004341,6,240,211,0,1,212,211,212
1,Andrés Ibáñez,1,Santa Cruz de La Sierra,2234,Santa Cruz de la Sierra,5005,Col. Villa Bolivia,7004351,7,240,192,1,9,202,192,202
1,Andrés Ibáñez,1,Santa Cruz de La Sierra,2234,Santa Cruz de la Sierra,5005,Col. Villa Bolivia,7004361,8,240,201,0,4,205,201,205
1,Andrés Ibáñez,1,Santa Cruz de La Sierra,2234,Santa Cruz de la Sierra,5005,Col. Villa Bolivia,7004371,9,240,203,2,10,215,203,215
1,Andrés Ibáñez,1,Santa Cruz de La Sierra,2234,Santa Cruz de la Sierra,5005,Col. Villa Bolivia,7004381,10,240,209,1,6,216,209,216
1,Andrés Ibáñez,1,Santa Cruz de La Sierra,2234,Santa Cruz de la Sierra,5005,Col. Villa Bolivia,7004401,12,240,194,0,15,209,194,209
1,Andrés Ibáñez,1,Santa Cruz de La Sierra,2234,Santa Cruz de la Sierra,5005,Col. Villa Bolivia,7004411,13,240,203,0,12,215,203,215
1,Andrés Ibáñez,1,Santa Cruz de La Sierra,2234,Santa Cruz de la Sierra,5005,Col. Villa Bolivia,7004421,14,240,200,0,5,205,200,205
1,Andrés Ibáñez,1,Santa Cruz de La Sierra,2234,Santa Cruz de la Sierra,5005,Col. Villa Bolivia,7004431,15,240,197,2,6,205,197,205
1,Andrés Ibáñez,1,Santa Cruz de La Sierra,2234,Santa Cruz de la Sierra,5005,Col. Villa Bolivia,7004441,16,240,199,0,10,209,199,209
1,Andrés Ibáñez,1,Santa Cruz de La Sierra,2234,Santa Cruz de la Sierra,5005,Col. Villa Bolivia,7004461,18,245,162,1,39,202,162,202
1,Andrés Ibáñez,1,Santa Cruz de La Sierra,2234,Santa Cruz de la Sierra,5006,U.E.  Kinder Virgen de Cotoca II,7003681,1,240,201,0,4,205,201,205
1,Andrés Ibáñez,1,Santa Cruz de La Sierra,2234,Santa Cruz de la Sierra,5006,U.E.  Kinder Virgen de Cotoca II,7003691,2,240,194,1,5,200,194,200
1,Andrés Ibáñez,1,Santa Cruz de La Sierra,2234,Santa Cruz de la Sierra,5006,U.E.  Kinder Virgen de Cotoca II,7003701,3,240,185,0,7,192,185,192
1,Andrés Ibáñez,1,Santa Cruz de La Sierra,2234,Santa Cruz de la Sierra,5006,U.E.  Kinder Virgen de Cotoca II,7003721,5,240,197,1,11,209,197,209
1,Andrés Ibáñez,1,Santa Cruz de La Sierra,2234,Santa Cruz de la Sierra,5006,U.E.  Kinder Virgen de Cotoca II,7003731,6,240,197,0,1,198,197,198
1,Andrés Ibáñez,1,Santa Cruz de La Sierra,2234,Santa Cruz de la Sierra,5006,U.E.  Kinder Virgen de Cotoca II,7003741,7,240,192,0,7,199,192,199
1,Andrés Ibáñez,1,Santa Cruz de La Sierra,2234,Santa Cruz de la Sierra,5006,U.E.  Kinder Virgen de Cotoca II,7003751,8,240,207,1,2,210,207,210
1,Andrés Ibáñez,1,Santa Cruz de La Sierra,2234,Santa Cruz de la Sierra,5006,U.E.  Kinder Virgen de Cotoca II,7003761,9,240,194,0,1,195,194,195
1,Andrés Ibáñez,1,Santa Cruz de La Sierra,2234,Santa Cruz de la Sierra,5006,U.E.  Kinder Virgen de Cotoca II,7003771,10,240,195,4,6,205,195,205
1,Andrés Ibáñez,1,Santa Cruz de La Sierra,2234,Santa Cruz de la Sierra,5006,U.E.  Kinder Virgen de Cotoca II,7003781,11,92,68,1,4,73,68,73
1,Andrés Ibáñez,1,Santa Cruz de La Sierra,2234,Santa Cruz de la Sierra,5007,Col. Virgen De Cotoca,7003811,3,240,213,1,3,217,213,217
1,Andrés Ibáñez,1,Santa Cruz de La Sierra,2234,Santa Cruz de la Sierra,5007,Col. Virgen De Cotoca,7003821,4,240,192,1,12,205,192,205
1,Andrés Ibáñez,1,Santa Cruz de La Sierra,2234,Santa Cruz de la Sierra,5007,Col. Virgen De Cotoca,7003841,6,119,94,1,3,98,94,98
1,Andrés Ibáñez,1,Santa Cruz de La Sierra,2234,Santa Cruz de la Sierra,5008,Naciones Unidas,7014881,1,240,160,1,39,200,160,200
1,Andrés Ibáñez,1,Santa Cruz de La Sierra,2234,Santa Cruz de la Sierra,5008,Naciones Unidas,7014891,2,240,193,0,3,196,193,196
1,Andrés Ibáñez,1,Santa Cruz de La Sierra,2234,Santa Cruz de la Sierra,5008,Naciones Unidas,7014901,3,240,193,0,8,201,193,201
1,Andrés Ibáñez,1,Santa Cruz de La Sierra,2234,Santa Cruz de la Sierra,5008,Naciones Unidas,7014911,4,240,194,0,9,203,194,203
1,Andrés Ibáñez,1,Santa Cruz de La Sierra,2234,Santa Cruz de la Sierra,5008,Naciones Unidas,7014931,6,240,193,0,11,204,193,204
1,Andrés Ibáñez,1,Santa Cruz de La Sierra,2234,Santa Cruz de la Sierra,5008,Naciones Unidas,7014941,7,240,200,0,6,206,200,206
1,Andrés Ibáñez,1,Santa Cruz de La Sierra,2234,Santa Cruz de la Sierra,5008,Naciones Unidas,7014951,8,240,187,0,13,200,187,200
1,Andrés Ibáñez,1,Santa Cruz de La Sierra,2234,Santa Cruz de la Sierra,5008,Naciones Unidas,7014961,9,240,194,0,5,199,194,199
1,Andrés Ibáñez,1,Santa Cruz de La Sierra,2234,Santa Cruz de la Sierra,5008,Naciones Unidas,7014971,10,240,193,0,10,203,193,203
1,Andrés Ibáñez,1,Santa Cruz de La Sierra,2234,Santa Cruz de la Sierra,5008,Naciones Unidas,7014981,11,240,198,1,10,209,198,209
1,Andrés Ibáñez,1,Santa Cruz de La Sierra,2234,Santa Cruz de la Sierra,5008,Naciones Unidas,7014991,12,240,180,2,5,187,180,187
1,Andrés Ibáñez,1,Santa Cruz de La Sierra,2234,Santa Cruz de la Sierra,5008,Naciones Unidas,7015001,13,156,122,1,7,130,122,130
1,Andrés Ibáñez,1,Santa Cruz de La Sierra,2234,Santa Cruz de la Sierra,5009,Col. 7 de Septiembre,7013701,1,240,180,1,3,184,180,184
1,Andrés Ibáñez,1,Santa Cruz de La Sierra,2234,Santa Cruz de la Sierra,5009,Col. 7 de Septiembre,7013721,3,240,145,0,6,151,145,151
1,Andrés Ibáñez,1,Santa Cruz de La Sierra,2234,Santa Cruz de la Sierra,5009,Col. 7 de Septiembre,7013731,4,240,172,1,5,178,172,178
1,Andrés Ibáñez,1,Santa Cruz de La Sierra,2234,Santa Cruz de la Sierra,5009,Col. 7 de Septiembre,7013741,5,240,192,0,8,200,192,200
1,Andrés Ibáñez,1,Santa Cruz de La Sierra,2234,Santa Cruz de la Sierra,5009,Col. 7 de Septiembre,7013751,6,240,174,2,8,184,174,184
1,Andrés Ibáñez,1,Santa Cruz de La Sierra,2234,Santa Cruz de la Sierra,5009,Col. 7 de Septiembre,7013761,7,240,185,2,2,189,185,189
1,Andrés Ibáñez,1,Santa Cruz de La Sierra,2234,Santa Cruz de la Sierra,5009,Col. 7 de Septiembre,7013771,8,240,179,1,5,185,179,185
1,Andrés Ibáñez,1,Santa Cruz de La Sierra,2234,Santa Cruz de la Sierra,5009,Col. 7 de Septiembre,7013781,9,240,178,1,13,192,178,192
1,Andrés Ibáñez,1,Santa Cruz de La Sierra,2234,Santa Cruz de la Sierra,5009,Col. 7 de Septiembre,7013791,10,250,192,1,2,195,192,195
1,Andrés Ibáñez,1,Santa Cruz de La Sierra,2234,Santa Cruz de la Sierra,5011,Esc. Real America (Esc. F. Florida),7013801,1,240,199,0,7,206,199,206
1,Andrés Ibáñez,1,Santa Cruz de La Sierra,2234,Santa Cruz de la Sierra,5011,Esc. Real America (Esc. F. Florida),7013821,3,240,177,0,8,185,177,185
1,Andrés Ibáñez,1,Santa Cruz de La Sierra,2234,Santa Cruz de la Sierra,5013,Col. San Martin Norte,7014351,1,240,185,1,8,194,185,194
1,Andrés Ibáñez,1,Santa Cruz de La Sierra,2234,Santa Cruz de la Sierra,5013,Col. San Martin Norte,7014361,2,240,199,1,6,206,199,206
1,Andrés Ibáñez,1,Santa Cruz de La Sierra,2234,Santa Cruz de la Sierra,5013,Col. San Martin Norte,7014371,3,240,204,0,10,214,204,214
1,Andrés Ibáñez,1,Santa Cruz de La Sierra,2234,Santa Cruz de la Sierra,5013,Col. San Martin Norte,7014391,5,240,203,0,9,212,203,212
1,Andrés Ibáñez,1,Santa Cruz de La Sierra,2234,Santa Cruz de la Sierra,5013,Col. San Martin Norte,7014401,6,240,197,2,9,208,197,208
1,Andrés Ibáñez,1,Santa Cruz de La Sierra,2234,Santa Cruz de la Sierra,5013,Col. San Martin Norte,7014411,7,240,194,0,10,204,194,204
1,Andrés Ibáñez,1,Santa Cruz de La Sierra,2234,Santa Cruz de la Sierra,5013,Col. San Martin Norte,7014421,8,240,188,0,15,203,188,203
1,Andrés Ibáñez,1,Santa Cruz de La Sierra,2234,Santa Cruz de la Sierra,5013,Col. San Martin Norte,7014441,10,240,193,1,17,211,193,211
1,Andrés Ibáñez,1,Santa Cruz de La Sierra,2234,Santa Cruz de la Sierra,5013,Col. San Martin Norte,7014451,11,240,202,1,7,210,202,210
1,Andrés Ibáñez,1,Santa Cruz de La Sierra,2234,Santa Cruz de la Sierra,5013,Col. San Martin Norte,7014461,12,240,188,1,12,201,188,201
1,Andrés Ibáñez,1,Santa Cruz de La Sierra,2234,Santa Cruz de la Sierra,5013,Col. San Martin Norte,7014491,15,240,203,2,4,209,203,209
1,Andrés Ibáñez,1,Santa Cruz de La Sierra,2234,Santa Cruz de la Sierra,5013,Col. San Martin Norte,7014501,16,240,210,0,9,219,210,219
1,Andrés Ibáñez,1,Santa Cruz de La Sierra,2234,Santa Cruz de la Sierra,5013,Col. San Martin Norte,7014511,17,240,193,1,14,208,193,208
1,Andrés Ibáñez,1,Santa Cruz de La Sierra,2234,Santa Cruz de la Sierra,5013,Col. San Martin Norte,7014521,18,240,192,0,11,203,192,203
1,Andrés Ibáñez,1,Santa Cruz de La Sierra,2234,Santa Cruz de la Sierra,5013,Col. San Martin Norte,7014531,19,240,203,1,7,211,203,211
1,Andrés Ibáñez,1,Santa Cruz de La Sierra,2234,Santa Cruz de la Sierra,5013,Col. San Martin Norte,7014541,20,240,200,4,7,211,200,211
1,Andrés Ibáñez,1,Santa Cruz de La Sierra,2234,Santa Cruz de la Sierra,5013,Col. San Martin Norte,7014561,22,240,211,1,6,218,211,218
1,Andrés Ibáñez,1,Santa Cruz de La Sierra,2234,Santa Cruz de la Sierra,5013,Col. San Martin Norte,7014571,23,240,194,2,12,208,194,208
1,Andrés Ibáñez,1,Santa Cruz de La Sierra,2234,Santa Cruz de la Sierra,5014,Esc. Claracuta,7013911,2,240,200,2,5,207,200,207
1,Andrés Ibáñez,1,Santa Cruz de La Sierra,2234,Santa Cruz de la Sierra,5014,Esc. Claracuta,7013921,3,240,150,1,50,201,150,201
1,Andrés Ibáñez,1,Santa Cruz de La Sierra,2234,Santa Cruz de la Sierra,5014,Esc. Claracuta,7013931,4,240,196,1,6,203,196,203
1,Andrés Ibáñez,1,Santa Cruz de La Sierra,2234,Santa Cruz de la Sierra,5014,Esc. Claracuta,7013941,5,240,194,0,11,205,194,205
1,Andrés Ibáñez,1,Santa Cruz de La Sierra,2234,Santa Cruz de la Sierra,5014,Esc. Claracuta,7013951,6,240,162,1,44,207,162,207
1,Andrés Ibáñez,1,Santa Cruz de La Sierra,2234,Santa Cruz de la Sierra,5014,Esc. Claracuta,7013961,7,240,202,0,6,208,202,208
1,Andrés Ibáñez,1,Santa Cruz de La Sierra,2234,Santa Cruz de la Sierra,5014,Esc. Claracuta,7013971,8,240,198,1,13,212,198,212
1,Andrés Ibáñez,1,Santa Cruz de La Sierra,2234,Santa Cruz de la Sierra,5014,Esc. Claracuta,7013981,9,240,158,1,56,215,158,215
1,Andrés Ibáñez,1,Santa Cruz de La Sierra,2234,Santa Cruz de la Sierra,5014,Esc. Claracuta,7013991,10,240,191,1,14,206,191,206
1,Andrés Ibáñez,1,Santa Cruz de La Sierra,2234,Santa Cruz de la Sierra,5014,Esc. Claracuta,7014001,11,240,197,1,3,201,197,201
1,Andrés Ibáñez,1,Santa Cruz de La Sierra,2234,Santa Cruz de la Sierra,5014,Esc. Claracuta,7014011,12,240,198,1,6,205,198,205
1,Andrés Ibáñez,1,Santa Cruz de La Sierra,2234,Santa Cruz de la Sierra,5014,Esc. Claracuta,7014021,13,240,183,0,16,199,183,199
1,Andrés Ibáñez,1,Santa Cruz de La Sierra,2234,Santa Cruz de la Sierra,5014,Esc. Claracuta,7014031,14,180,154,2,1,157,154,157
1,Andrés Ibáñez,1,Santa Cruz de La Sierra,2234,Santa Cruz de la Sierra,5015,U. E. Escuela Ñuflo De Chavez,7012971,1,240,204,1,8,213,204,213
1,Andrés Ibáñez,1,Santa Cruz de La Sierra,2234,Santa Cruz de la Sierra,5015,U. E. Escuela Ñuflo De Chavez,7012981,2,240,195,0,4,199,195,199
1,Andrés Ibáñez,1,Santa Cruz de La Sierra,2234,Santa Cruz de la Sierra,5015,U. E. Escuela Ñuflo De Chavez,7012991,3,240,212,0,3,215,212,215
1,Andrés Ibáñez,1,Santa Cruz de La Sierra,2234,Santa Cruz de la Sierra,5015,U. E. Escuela Ñuflo De Chavez,7013001,4,240,191,0,5,196,191,196
1,Andrés Ibáñez,1,Santa Cruz de La Sierra,2234,Santa Cruz de la Sierra,5015,U. E. Escuela Ñuflo De Chavez,7013011,5,240,200,3,7,210,200,210
1,Andrés Ibáñez,1,Santa Cruz de La Sierra,2234,Santa Cruz de la Sierra,5015,U. E. Escuela Ñuflo De Chavez,7013021,6,240,197,2,8,207,197,207
1,Andrés Ibáñez,1,Santa Cruz de La Sierra,2234,Santa Cruz de la Sierra,5015,U. E. Escuela Ñuflo De Chavez,7013031,7,240,195,0,22,217,195,217
1,Andrés Ibáñez,1,Santa Cruz de La Sierra,2234,Santa Cruz de la Sierra,5015,U. E. Escuela Ñuflo De Chavez,7013041,8,240,199,2,1,202,199,202
1,Andrés Ibáñez,1,Santa Cruz de La Sierra,2234,Santa Cruz de la Sierra,5015,U. E. Escuela Ñuflo De Chavez,7013051,9,240,205,0,6,211,205,211
1,Andrés Ibáñez,1,Santa Cruz de La Sierra,2234,Santa Cruz de la Sierra,5015,U. E. Escuela Ñuflo De Chavez,7013071,11,188,149,1,12,162,149,162
1,Andrés Ibáñez,1,Santa Cruz de La Sierra,2234,Santa Cruz de la Sierra,5016,Col. Adventista Santa Cruz,7015101,1,240,166,0,11,177,166,177
1,Andrés Ibáñez,1,Santa Cruz de La Sierra,2234,Santa Cruz de la Sierra,5016,Col. Adventista Santa Cruz,7015111,2,240,200,1,8,209,200,209
1,Andrés Ibáñez,1,Santa Cruz de La Sierra,2234,Santa Cruz de la Sierra,5016,Col. Adventista Santa Cruz,7015121,3,240,188,3,13,204,188,204
1,Andrés Ibáñez,1,Santa Cruz de La Sierra,2234,Santa Cruz de la Sierra,5016,Col. Adventista Santa Cruz,7015131,4,240,195,0,10,205,195,205
1,Andrés Ibáñez,1,Santa Cruz de La Sierra,2234,Santa Cruz de la Sierra,5016,Col. Adventista Santa Cruz,7015141,5,240,201,0,6,207,201,207
1,Andrés Ibáñez,1,Santa Cruz de La Sierra,2234,Santa Cruz de la Sierra,5016,Col. Adventista Santa Cruz,7015151,6,240,196,2,6,204,196,204
1,Andrés Ibáñez,1,Santa Cruz de La Sierra,2234,Santa Cruz de la Sierra,5016,Col. Adventista Santa Cruz,7015161,7,240,196,0,6,202,196,202
1,Andrés Ibáñez,1,Santa Cruz de La Sierra,2234,Santa Cruz de la Sierra,5016,Col. Adventista Santa Cruz,7015171,8,240,195,0,5,200,195,200
1,Andrés Ibáñez,1,Santa Cruz de La Sierra,2234,Santa Cruz de la Sierra,5016,Col. Adventista Santa Cruz,7015191,10,240,185,1,13,199,185,199
1,Andrés Ibáñez,1,Santa Cruz de La Sierra,2234,Santa Cruz de la Sierra,5016,Col. Adventista Santa Cruz,7015201,11,240,200,0,3,203,200,203
1,Andrés Ibáñez,1,Santa Cruz de La Sierra,2234,Santa Cruz de la Sierra,5016,Col. Adventista Santa Cruz,7015251,16,240,197,3,6,206,197,206
1,Andrés Ibáñez,1,Santa Cruz de La Sierra,2234,Santa Cruz de la Sierra,5017,Col. Nueva Esperanza,7013571,1,240,205,2,8,215,205,215
1,Andrés Ibáñez,1,Santa Cruz de La Sierra,2234,Santa Cruz de la Sierra,5017,Col. Nueva Esperanza,7013581,2,240,191,0,14,205,191,205
1,Andrés Ibáñez,1,Santa Cruz de La Sierra,2234,Santa Cruz de la Sierra,5017,Col. Nueva Esperanza,7013591,3,240,199,1,2,202,199,202
1,Andrés Ibáñez,1,Santa Cruz de La Sierra,2234,Santa Cruz de la Sierra,5017,Col. Nueva Esperanza,7013601,4,240,189,1,12,202,189,202
1,Andrés Ibáñez,1,Santa Cruz de La Sierra,2234,Santa Cruz de la Sierra,5017,Col. Nueva Esperanza,7013611,5,240,201,1,2,204,201,204
1,Andrés Ibáñez,1,Santa Cruz de La Sierra,2234,Santa Cruz de la Sierra,5018,Escuela Km 9,7012081,1,240,197,1,2,200,197,200
1,Andrés Ibáñez,1,Santa Cruz de La Sierra,2234,Santa Cruz de la Sierra,5018,Escuela Km 9,7012091,2,240,191,2,6,199,191,199
1,Andrés Ibáñez,1,Santa Cruz de La Sierra,2234,Santa Cruz de la Sierra,5018,Escuela Km 9,7012121,5,240,192,1,8,201,192,201
1,Andrés Ibáñez,1,Santa Cruz de La Sierra,2234,Santa Cruz de la Sierra,5018,Escuela Km 9,7012131,6,240,203,1,5,209,203,209
1,Andrés Ibáñez,1,Santa Cruz de La Sierra,2234,Santa Cruz de la Sierra,5018,Escuela Km 9,7012161,9,240,190,0,6,196,190,196
1,Andrés Ibáñez,1,Santa Cruz de La Sierra,2234,Santa Cruz de la Sierra,5018,Escuela Km 9,7012191,12,240,195,0,6,201,195,201
1,Andrés Ibáñez,1,Santa Cruz de La Sierra,2234,Santa Cruz de la Sierra,5018,Escuela Km 9,7012261,19,147,107,1,4,112,107,112
1,Andrés Ibáñez,1,Santa Cruz de La Sierra,2234,Santa Cruz de la Sierra,5019,Col. Luz Y Saber II,7014041,1,240,202,0,2,204,202,204
1,Andrés Ibáñez,1,Santa Cruz de La Sierra,2234,Santa Cruz de la Sierra,5019,Col. Luz Y Saber II,7014051,2,240,191,1,16,208,191,208
1,Andrés Ibáñez,1,Santa Cruz de La Sierra,2234,Santa Cruz de la Sierra,5019,Col. Luz Y Saber II,7014061,3,240,199,1,6,206,199,206
1,Andrés Ibáñez,1,Santa Cruz de La Sierra,2234,Santa Cruz de la Sierra,5019,Col. Luz Y Saber II,7014071,4,240,189,4,5,198,189,198
1,Andrés Ibáñez,1,Santa Cruz de La Sierra,2234,Santa Cruz de la Sierra,5019,Col. Luz Y Saber II,7014081,5,240,192,2,8,202,192,202
1,Andrés Ibáñez,1,Santa Cruz de La Sierra,2234,Santa Cruz de la Sierra,5019,Col. Luz Y Saber II,7014111,8,240,193,0,9,202,193,202
1,Andrés Ibáñez,1,Santa Cruz de La Sierra,2234,Santa Cruz de la Sierra,5019,Col. Luz Y Saber II,7014171,14,240,213,1,4,218,213,218
1,Andrés Ibáñez,1,Santa Cruz de La Sierra,2234,Santa Cruz de la Sierra,5019,Col. Luz Y Saber II,7014181,15,240,204,0,9,213,204,213
1,Andrés Ibáñez,1,Santa Cruz de La Sierra,2234,Santa Cruz de la Sierra,5019,Col. Luz Y Saber II,7014191,16,240,190,2,4,196,190,196
1,Andrés Ibáñez,1,Santa Cruz de La Sierra,2234,Santa Cruz de la Sierra,5019,Col. Luz Y Saber II,7014201,17,240,193,0,8,201,193,201
1,Andrés Ibáñez,1,Santa Cruz de La Sierra,2234,Santa Cruz de la Sierra,5020,Col. U.E. La Resureccion   Esc. Convif,7012891,1,72,35,0,3,38,35,38
1,Andrés Ibáñez,1,Santa Cruz de La Sierra,2234,Santa Cruz de la Sierra,5022,Escuela San Joaquin,7011681,2,240,193,2,11,206,193,206
1,Andrés Ibáñez,1,Santa Cruz de La Sierra,2234,Santa Cruz de la Sierra,5022,Escuela San Joaquin,7011691,3,240,204,4,6,214,204,214
1,Andrés Ibáñez,1,Santa Cruz de La Sierra,2234,Santa Cruz de la Sierra,5022,Escuela San Joaquin,7011731,7,240,199,2,6,207,199,207
1,Andrés Ibáñez,1,Santa Cruz de La Sierra,2234,Santa Cruz de la Sierra,5022,Escuela San Joaquin,7011741,8,240,179,0,23,202,179,202
1,Andrés Ibáñez,1,Santa Cruz de La Sierra,2234,Santa Cruz de la Sierra,5022,Escuela San Joaquin,7011761,10,240,202,0,10,212,202,212
1,Andrés Ibáñez,1,Santa Cruz de La Sierra,2234,Santa Cruz de la Sierra,5022,Escuela San Joaquin,7011771,11,240,194,1,13,208,194,208
1,Andrés Ibáñez,1,Santa Cruz de La Sierra,2234,Santa Cruz de la Sierra,5022,Escuela San Joaquin,7011781,12,240,199,0,4,203,199,203
1,Andrés Ibáñez,1,Santa Cruz de La Sierra,2234,Santa Cruz de la Sierra,5022,Escuela San Joaquin,7011791,13,231,197,0,3,200,197,200
1,Andrés Ibáñez,1,Santa Cruz de La Sierra,2234,Santa Cruz de la Sierra,5023,Escuela 23 de Marzo,7011421,1,240,197,0,10,207,197,207
1,Andrés Ibáñez,1,Santa Cruz de La Sierra,2234,Santa Cruz de la Sierra,5023,Escuela 23 de Marzo,7011431,2,240,203,3,6,212,203,212
1,Andrés Ibáñez,1,Santa Cruz de La Sierra,2234,Santa Cruz de la Sierra,5023,Escuela 23 de Marzo,7011461,5,240,206,1,8,215,206,215
1,Andrés Ibáñez,1,Santa Cruz de La Sierra,2234,Santa Cruz de la Sierra,5023,Escuela 23 de Marzo,7011481,7,240,211,0,4,215,211,215
1,Andrés Ibáñez,1,Santa Cruz de La Sierra,2234,Santa Cruz de la Sierra,5023,Escuela 23 de Marzo,7011491,8,240,191,2,10,203,191,203
1,Andrés Ibáñez,1,Santa Cruz de La Sierra,2234,Santa Cruz de la Sierra,5023,Escuela 23 de Marzo,7011501,9,240,196,0,9,205,196,205
1,Andrés Ibáñez,1,Santa Cruz de La Sierra,2234,Santa Cruz de la Sierra,5023,Escuela 23 de Marzo,7011521,11,240,204,0,6,210,204,210
1,Andrés Ibáñez,1,Santa Cruz de La Sierra,2234,Santa Cruz de la Sierra,5023,Escuela 23 de Marzo,7011531,12,240,173,1,13,187,173,187
1,Andrés Ibáñez,1,Santa Cruz de La Sierra,2234,Santa Cruz de la Sierra,5023,Escuela 23 de Marzo,7011541,13,240,194,2,7,203,194,203
1,Andrés Ibáñez,1,Santa Cruz de La Sierra,2234,Santa Cruz de la Sierra,5023,Escuela 23 de Marzo,7011551,14,240,181,5,21,207,181,207
1,Andrés Ibáñez,1,Santa Cruz de La Sierra,2234,Santa Cruz de la Sierra,5023,Escuela 23 de Marzo,7011571,16,240,183,0,25,208,183,208
1,Andrés Ibáñez,1,Santa Cruz de La Sierra,2234,Santa Cruz de la Sierra,5023,Escuela 23 de Marzo,7011581,17,240,205,0,9,214,205,214
1,Andrés Ibáñez,1,Santa Cruz de La Sierra,2234,Santa Cruz de la Sierra,5023,Escuela 23 de Marzo,7011601,19,240,181,1,25,207,181,207
1,Andrés Ibáñez,1,Santa Cruz de La Sierra,2234,Santa Cruz de la Sierra,5023,Escuela 23 de Marzo,7011611,20,240,197,1,4,202,197,202
1,Andrés Ibáñez,1,Santa Cruz de La Sierra,2234,Santa Cruz de la Sierra,5023,Escuela 23 de Marzo,7011621,21,240,187,2,18,207,187,207
1,Andrés Ibáñez,1,Santa Cruz de La Sierra,2234,Santa Cruz de la Sierra,5023,Escuela 23 de Marzo,7011631,22,240,186,0,13,199,186,199
1,Andrés Ibáñez,1,Santa Cruz de La Sierra,2234,Santa Cruz de la Sierra,5023,Escuela 23 de Marzo,7011641,23,240,200,0,14,214,200,214
1,Andrés Ibáñez,1,Santa Cruz de La Sierra,2234,Santa Cruz de la Sierra,5023,Escuela 23 de Marzo,7011651,24,240,205,2,1,208,205,208
1,Andrés Ibáñez,1,Santa Cruz de La Sierra,2234,Santa Cruz de la Sierra,5023,Escuela 23 de Marzo,7011661,25,194,162,2,4,168,162,168
1,Andrés Ibáñez,1,Santa Cruz de La Sierra,2234,Santa Cruz de la Sierra,5024,Escuela Primavera,7012271,1,240,203,1,6,210,203,210
1,Andrés Ibáñez,1,Santa Cruz de La Sierra,2234,Santa Cruz de la Sierra,5024,Escuela Primavera,7012281,2,240,192,1,9,202,192,202
1,Andrés Ibáñez,1,Santa Cruz de La Sierra,2234,Santa Cruz de la Sierra,5024,Escuela Primavera,7012311,5,240,212,0,5,217,212,217
1,Andrés Ibáñez,1,Santa Cruz de La Sierra,2234,Santa Cruz de la Sierra,5024,Escuela Primavera,7012321,6,240,194,2,12,208,194,208
1,Andrés Ibáñez,1,Santa Cruz de La Sierra,2234,Santa Cruz de la Sierra,5024,Escuela Primavera,7012331,7,240,205,0,8,213,205,213
1,Andrés Ibáñez,1,Santa Cruz de La Sierra,2234,Santa Cruz de la Sierra,5024,Escuela Primavera,7012341,8,240,196,1,8,205,196,205
1,Andrés Ibáñez,1,Santa Cruz de La Sierra,2234,Santa Cruz de la Sierra,5027,Esc. Los Sauces I,7015291,1,240,191,0,12,203,191,203
1,Andrés Ibáñez,1,Santa Cruz de La Sierra,2234,Santa Cruz de la Sierra,5027,Esc. Los Sauces I,7015311,3,240,191,2,5,198,191,198
1,Andrés Ibáñez,1,Santa Cruz de La Sierra,2234,Santa Cruz de la Sierra,5027,Esc. Los Sauces I,7015321,4,240,202,0,6,208,202,208
1,Andrés Ibáñez,1,Santa Cruz de La Sierra,2234,Santa Cruz de la Sierra,5027,Esc. Los Sauces I,7015331,5,240,197,2,6,205,197,205
1,Andrés Ibáñez,1,Santa Cruz de La Sierra,2234,Santa Cruz de la Sierra,5027,Esc. Los Sauces I,7015341,6,240,202,2,10,214,202,214
1,Andrés Ibáñez,1,Santa Cruz de La Sierra,2234,Santa Cruz de la Sierra,5027,Esc. Los Sauces I,7015351,7,240,195,1,10,206,195,206
1,Andrés Ibáñez,1,Santa Cruz de La Sierra,2234,Santa Cruz de la Sierra,5027,Esc. Los Sauces I,7015361,8,240,204,2,9,215,204,215
1,Andrés Ibáñez,1,Santa Cruz de La Sierra,2234,Santa Cruz de la Sierra,5027,Esc. Los Sauces I,7015371,9,240,201,0,10,211,201,211
1,Andrés Ibáñez,1,Santa Cruz de La Sierra,2234,Santa Cruz de la Sierra,5027,Esc. Los Sauces I,7015381,10,240,197,2,8,207,197,207
1,Andrés Ibáñez,1,Santa Cruz de La Sierra,2234,Santa Cruz de la Sierra,5027,Esc. Los Sauces I,7015391,11,240,202,0,4,206,202,206
1,Andrés Ibáñez,1,Santa Cruz de La Sierra,2234,Santa Cruz de la Sierra,5027,Esc. Los Sauces I,7015411,13,63,47,0,7,54,47,54
1,Andrés Ibáñez,1,Santa Cruz de La Sierra,2234,Santa Cruz de la Sierra,5028,Col. Juan La Borde Morel,7014241,3,240,200,3,5,208,200,208
1,Andrés Ibáñez,1,Santa Cruz de La Sierra,2234,Santa Cruz de la Sierra,5028,Col. Juan La Borde Morel,7014271,6,240,198,1,6,205,198,205
1,Andrés Ibáñez,1,Santa Cruz de La Sierra,2234,Santa Cruz de la Sierra,5029,Col. Arturo Medeiros,7015561,3,240,190,0,2,192,190,192
1,Andrés Ibáñez,1,Santa Cruz de La Sierra,2234,Santa Cruz de la Sierra,5029,Col. Arturo Medeiros,7015571,4,240,202,0,6,208,202,208
1,Andrés Ibáñez,1,Santa Cruz de La Sierra,2234,Santa Cruz de la Sierra,6000,Col. Sor Maria Cristina Perez,7015731,5,240,204,1,9,214,204,214
1,Andrés Ibáñez,1,Santa Cruz de La Sierra,2234,Santa Cruz de la Sierra,6000,Col. Sor Maria Cristina Perez,7015761,8,240,197,0,6,203,197,203
1,Andrés Ibáñez,1,Santa Cruz de La Sierra,2234,Santa Cruz de la Sierra,6000,Col. Sor Maria Cristina Perez,7015771,9,240,197,1,5,203,197,203
1,Andrés Ibáñez,1,Santa Cruz de La Sierra,2234,Santa Cruz de la Sierra,6000,Col. Sor Maria Cristina Perez,7015781,10,240,207,2,4,213,207,213
1,Andrés Ibáñez,1,Santa Cruz de La Sierra,2234,Santa Cruz de la Sierra,6000,Col. Sor Maria Cristina Perez,7015791,11,240,217,0,0,217,217,217
1,Andrés Ibáñez,1,Santa Cruz de La Sierra,2234,Santa Cruz de la Sierra,6000,Col. Sor Maria Cristina Perez,7015801,12,240,192,0,9,201,192,201
1,Andrés Ibáñez,1,Santa Cruz de La Sierra,2234,Santa Cruz de la Sierra,6000,Col. Sor Maria Cristina Perez,7015811,13,240,200,2,9,211,200,211
1,Andrés Ibáñez,1,Santa Cruz de La Sierra,2234,Santa Cruz de la Sierra,6000,Col. Sor Maria Cristina Perez,7015821,14,240,209,0,3,212,209,212
1,Andrés Ibáñez,1,Santa Cruz de La Sierra,2234,Santa Cruz de la Sierra,6000,Col. Sor Maria Cristina Perez,7015901,22,240,210,0,12,222,210,222
1,Andrés Ibáñez,1,Santa Cruz de La Sierra,2234,Santa Cruz de la Sierra,6000,Col. Sor Maria Cristina Perez,7015971,29,240,201,3,12,216,201,216
1,Andrés Ibáñez,1,Santa Cruz de La Sierra,2234,Santa Cruz de la Sierra,6000,Col. Sor Maria Cristina Perez,7015981,30,240,209,1,4,214,209,214
1,Andrés Ibáñez,1,Santa Cruz de La Sierra,2234,Santa Cruz de la Sierra,6000,Col. Sor Maria Cristina Perez,7015991,31,240,212,0,4,216,212,216
1,Andrés Ibáñez,1,Santa Cruz de La Sierra,2234,Santa Cruz de la Sierra,6000,Col. Sor Maria Cristina Perez,7016001,32,240,203,3,11,217,203,217
1,Andrés Ibáñez,1,Santa Cruz de La Sierra,2234,Santa Cruz de la Sierra,6000,Col. Sor Maria Cristina Perez,7016011,33,240,204,0,4,208,204,208
1,Andrés Ibáñez,1,Santa Cruz de La Sierra,2234,Santa Cruz de la Sierra,6000,Col. Sor Maria Cristina Perez,7016021,34,240,203,1,12,216,203,216
1,Andrés Ibáñez,1,Santa Cruz de La Sierra,2234,Santa Cruz de la Sierra,6000,Col. Sor Maria Cristina Perez,7016031,35,40,34,0,6,40,34,40
1,Andrés Ibáñez,1,Santa Cruz de La Sierra,2234,Santa Cruz de la Sierra,6001,U. E. Carlos La Torre,7016081,1,240,197,0,11,208,197,208
1,Andrés Ibáñez,1,Santa Cruz de La Sierra,2234,Santa Cruz de la Sierra,6001,U. E. Carlos La Torre,7016101,3,240,198,2,8,208,198,208
1,Andrés Ibáñez,1,Santa Cruz de La Sierra,2234,Santa Cruz de la Sierra,6001,U. E. Carlos La Torre,7016111,4,240,202,1,4,207,202,207
1,Andrés Ibáñez,1,Santa Cruz de La Sierra,2234,Santa Cruz de la Sierra,6001,U. E. Carlos La Torre,7016121,5,240,209,1,6,216,209,216
1,Andrés Ibáñez,1,Santa Cruz de La Sierra,2234,Santa Cruz de la Sierra,6001,U. E. Carlos La Torre,7016131,6,240,184,1,9,194,184,194
1,Andrés Ibáñez,1,Santa Cruz de La Sierra,2234,Santa Cruz de la Sierra,6002,Col. Pampa De La Isla,7016291,4,240,202,1,3,206,202,206
1,Andrés Ibáñez,1,Santa Cruz de La Sierra,2234,Santa Cruz de la Sierra,6002,Col. Pampa De La Isla,7016311,6,240,191,1,10,202,191,202
1,Andrés Ibáñez,1,Santa Cruz de La Sierra,2234,Santa Cruz de la Sierra,6002,Col. Pampa De La Isla,7016331,8,240,182,1,25,208,182,208
1,Andrés Ibáñez,1,Santa Cruz de La Sierra,2234,Santa Cruz de la Sierra,6002,Col. Pampa De La Isla,7016341,9,240,186,0,10,196,186,196
1,Andrés Ibáñez,1,Santa Cruz de La Sierra,2234,Santa Cruz de la Sierra,6003,Colegio San Felipe,7016361,1,240,186,3,3,192,186,192
1,Andrés Ibáñez,1,Santa Cruz de La Sierra,2234,Santa Cruz de la Sierra,6003,Colegio San Felipe,7016371,2,240,176,1,6,183,176,183
1,Andrés Ibáñez,1,Santa Cruz de La Sierra,2234,Santa Cruz de la Sierra,6003,Colegio San Felipe,7016381,3,240,183,2,9,194,183,194
1,Andrés Ibáñez,1,Santa Cruz de La Sierra,2234,Santa Cruz de la Sierra,6003,Colegio San Felipe,7016391,4,240,192,6,6,204,192,204
1,Andrés Ibáñez,1,Santa Cruz de La Sierra,2234,Santa Cruz de la Sierra,6003,Colegio San Felipe,7016401,5,240,166,2,35,203,166,203
1,Andrés Ibáñez,1,Santa Cruz de La Sierra,2234,Santa Cruz de la Sierra,6003,Colegio San Felipe,7016411,6,240,191,0,21,212,191,212
1,Andrés Ibáñez,1,Santa Cruz de La Sierra,2234,Santa Cruz de la Sierra,6003,Colegio San Felipe,7016421,7,240,186,0,8,194,186,194
1,Andrés Ibáñez,1,Santa Cruz de La Sierra,2234,Santa Cruz de la Sierra,6003,Colegio San Felipe,7016431,8,240,183,0,7,190,183,190
1,Andrés Ibáñez,1,Santa Cruz de La Sierra,2234,Santa Cruz de la Sierra,6003,Colegio San Felipe,7016491,14,240,180,0,22,202,180,202
1,Andrés Ibáñez,1,Santa Cruz de La Sierra,2234,Santa Cruz de la Sierra,6003,Colegio San Felipe,7016501,15,240,196,0,10,206,196,206
1,Andrés Ibáñez,1,Santa Cruz de La Sierra,2234,Santa Cruz de la Sierra,6003,Colegio San Felipe,7016511,16,240,202,1,7,210,202,210
1,Andrés Ibáñez,1,Santa Cruz de La Sierra,2234,Santa Cruz de la Sierra,6003,Colegio San Felipe,7016531,18,240,180,2,13,195,180,195
1,Andrés Ibáñez,1,Santa Cruz de La Sierra,2234,Santa Cruz de la Sierra,6003,Colegio San Felipe,7016541,19,240,183,1,21,205,183,205
1,Andrés Ibáñez,1,Santa Cruz de La Sierra,2234,Santa Cruz de la Sierra,6003,Colegio San Felipe,7016551,20,240,182,0,11,193,182,193
1,Andrés Ibáñez,1,Santa Cruz de La Sierra,2234,Santa Cruz de la Sierra,6003,Colegio San Felipe,7016571,22,240,190,0,16,206,190,206
1,Andrés Ibáñez,1,Santa Cruz de La Sierra,2234,Santa Cruz de la Sierra,6003,Colegio San Felipe,7016581,23,240,191,1,10,202,191,202
1,Andrés Ibáñez,1,Santa Cruz de La Sierra,2234,Santa Cruz de la Sierra,6003,Colegio San Felipe,7016591,24,240,210,1,5,216,210,216
1,Andrés Ibáñez,1,Santa Cruz de La Sierra,2234,Santa Cruz de la Sierra,6003,Colegio San Felipe,7016601,25,240,186,0,19,205,186,205
1,Andrés Ibáñez,1,Santa Cruz de La Sierra,2234,Santa Cruz de la Sierra,6003,Colegio San Felipe,7016611,26,240,192,0,6,198,192,198
1,Andrés Ibáñez,1,Santa Cruz de La Sierra,2234,Santa Cruz de la Sierra,6003,Colegio San Felipe,7016621,27,240,186,2,15,203,186,203
1,Andrés Ibáñez,1,Santa Cruz de La Sierra,2234,Santa Cruz de la Sierra,6003,Colegio San Felipe,7016631,28,233,182,1,13,196,182,196
1,Andrés Ibáñez,1,Santa Cruz de La Sierra,2234,Santa Cruz de la Sierra,6004,Col.  Pedro Añez,7016641,1,240,191,1,3,195,191,195
1,Andrés Ibáñez,1,Santa Cruz de La Sierra,2234,Santa Cruz de la Sierra,6004,Col.  Pedro Añez,7016651,2,240,204,2,5,211,204,211
1,Andrés Ibáñez,1,Santa Cruz de La Sierra,2234,Santa Cruz de la Sierra,6004,Col.  Pedro Añez,7016661,3,240,201,2,9,212,201,212
1,Andrés Ibáñez,1,Santa Cruz de La Sierra,2234,Santa Cruz de la Sierra,6004,Col.  Pedro Añez,7016671,4,240,198,0,9,207,198,207
1,Andrés Ibáñez,1,Santa Cruz de La Sierra,2234,Santa Cruz de la Sierra,6004,Col.  Pedro Añez,7016681,5,240,187,0,11,198,187,198
1,Andrés Ibáñez,1,Santa Cruz de La Sierra,2234,Santa Cruz de la Sierra,6004,Col.  Pedro Añez,7016701,7,240,191,0,9,200,191,200
1,Andrés Ibáñez,1,Santa Cruz de La Sierra,2234,Santa Cruz de la Sierra,6004,Col.  Pedro Añez,7016711,8,240,195,0,13,208,195,208
1,Andrés Ibáñez,1,Santa Cruz de La Sierra,2234,Santa Cruz de la Sierra,6004,Col.  Pedro Añez,7016801,17,240,192,2,10,204,192,204
1,Andrés Ibáñez,1,Santa Cruz de La Sierra,2234,Santa Cruz de la Sierra,6004,Col.  Pedro Añez,7016821,19,240,187,2,11,200,187,200
1,Andrés Ibáñez,1,Santa Cruz de La Sierra,2234,Santa Cruz de la Sierra,6005,U.E. 23 de Diciembre J. Carlos Truji,7018421,2,240,196,2,20,218,196,218
1,Andrés Ibáñez,1,Santa Cruz de La Sierra,2234,Santa Cruz de la Sierra,6005,U.E. 23 de Diciembre J. Carlos Truji,7018451,5,240,200,2,6,208,200,208
1,Andrés Ibáñez,1,Santa Cruz de La Sierra,2234,Santa Cruz de la Sierra,6005,U.E. 23 de Diciembre J. Carlos Truji,7018461,6,240,204,0,4,208,204,208
1,Andrés Ibáñez,1,Santa Cruz de La Sierra,2234,Santa Cruz de la Sierra,6005,U.E. 23 de Diciembre J. Carlos Truji,7018471,7,240,204,0,5,209,204,209
1,Andrés Ibáñez,1,Santa Cruz de La Sierra,2234,Santa Cruz de la Sierra,6006,U.E. Elvira Parada A,7017941,1,240,190,1,13,204,190,204
1,Andrés Ibáñez,1,Santa Cruz de La Sierra,2234,Santa Cruz de la Sierra,6006,U.E. Elvira Parada A,7017951,2,240,191,1,12,204,191,204
1,Andrés Ibáñez,1,Santa Cruz de La Sierra,2234,Santa Cruz de la Sierra,6006,U.E. Elvira Parada A,7017971,4,240,164,0,39,203,164,203
1,Andrés Ibáñez,1,Santa Cruz de La Sierra,2234,Santa Cruz de la Sierra,6006,U.E. Elvira Parada A,7017981,5,240,193,0,9,202,193,202
1,Andrés Ibáñez,1,Santa Cruz de La Sierra,2234,Santa Cruz de la Sierra,6006,U.E. Elvira Parada A,7017991,6,240,193,3,7,203,193,203
1,Andrés Ibáñez,1,Santa Cruz de La Sierra,2234,Santa Cruz de la Sierra,6008,Col. Educativo Cotoca,7017461,3,240,191,1,9,201,191,201
1,Andrés Ibáñez,1,Santa Cruz de La Sierra,2234,Santa Cruz de la Sierra,6008,Col. Educativo Cotoca,7017561,13,240,167,2,36,205,167,205
1,Andrés Ibáñez,1,Santa Cruz de La Sierra,2234,Santa Cruz de la Sierra,6008,Col. Educativo Cotoca,7017581,15,240,188,0,12,200,188,200
1,Andrés Ibáñez,1,Santa Cruz de La Sierra,2234,Santa Cruz de la Sierra,6008,Col. Educativo Cotoca,7017591,16,240,188,1,7,196,188,196
1,Andrés Ibáñez,1,Santa Cruz de La Sierra,2234,Santa Cruz de la Sierra,6008,Col. Educativo Cotoca,7017601,17,240,174,2,7,183,174,183
1,Andrés Ibáñez,1,Santa Cruz de La Sierra,2234,Santa Cruz de la Sierra,6008,Col. Educativo Cotoca,7017611,18,240,202,3,8,213,202,213
1,Andrés Ibáñez,1,Santa Cruz de La Sierra,2234,Santa Cruz de la Sierra,6008,Col. Educativo Cotoca,7017621,19,240,193,3,6,202,193,202
1,Andrés Ibáñez,1,Santa Cruz de La Sierra,2234,Santa Cruz de la Sierra,6008,Col. Educativo Cotoca,7017631,20,253,186,1,12,199,186,199
1,Andrés Ibáñez,1,Santa Cruz de La Sierra,2234,Santa Cruz de la Sierra,6010,Col. Unidad Educativa España,7018281,2,240,199,2,6,207,199,207
1,Andrés Ibáñez,1,Santa Cruz de La Sierra,2234,Santa Cruz de la Sierra,6010,Col. Unidad Educativa España,7018341,8,240,176,0,31,207,176,207
1,Andrés Ibáñez,1,Santa Cruz de La Sierra,2234,Santa Cruz de la Sierra,6010,Col. Unidad Educativa España,7018371,11,240,201,0,6,207,201,207
1,Andrés Ibáñez,1,Santa Cruz de La Sierra,2234,Santa Cruz de la Sierra,6010,Col. Unidad Educativa España,7018381,12,240,202,1,4,207,202,207
1,Andrés Ibáñez,1,Santa Cruz de La Sierra,2234,Santa Cruz de la Sierra,6010,Col. Unidad Educativa España,7018401,14,176,144,1,5,150,144,150
1,Andrés Ibáñez,1,Santa Cruz de La Sierra,2234,Santa Cruz de la Sierra,6015,Col. Esc. Gral. Ismael Montes Gamboa,7018901,9,240,192,1,14,207,192,207
1,Andrés Ibáñez,1,Santa Cruz de La Sierra,2234,Santa Cruz de la Sierra,6015,Col. Esc. Gral. Ismael Montes Gamboa,7018941,13,240,201,0,5,206,201,206
1,Andrés Ibáñez,1,Santa Cruz de La Sierra,2234,Santa Cruz de la Sierra,6015,Col. Esc. Gral. Ismael Montes Gamboa,7018951,14,240,199,1,5,205,199,205
1,Andrés Ibáñez,1,Santa Cruz de La Sierra,2234,Santa Cruz de la Sierra,6015,Col. Esc. Gral. Ismael Montes Gamboa,7018961,15,240,194,1,10,205,194,205
1,Andrés Ibáñez,1,Santa Cruz de La Sierra,2234,Santa Cruz de la Sierra,6015,Col. Esc. Gral. Ismael Montes Gamboa,7018971,16,240,197,2,7,206,197,206
1,Andrés Ibáñez,1,Santa Cruz de La Sierra,2234,Santa Cruz de la Sierra,6015,Col. Esc. Gral. Ismael Montes Gamboa,7018981,17,240,202,1,6,209,202,209
1,Andrés Ibáñez,1,Santa Cruz de La Sierra,2234,Santa Cruz de la Sierra,6015,Col. Esc. Gral. Ismael Montes Gamboa,7019031,22,240,196,1,14,211,196,211
1,Andrés Ibáñez,1,Santa Cruz de La Sierra,2234,Santa Cruz de la Sierra,6016,Colegio  23 de Abril,7022171,1,240,203,2,4,209,203,209
1,Andrés Ibáñez,1,Santa Cruz de La Sierra,2234,Santa Cruz de la Sierra,6016,Colegio  23 de Abril,7022201,4,240,199,2,7,208,199,208
1,Andrés Ibáñez,1,Santa Cruz de La Sierra,2234,Santa Cruz de la Sierra,6016,Colegio  23 de Abril,7022251,9,240,185,0,9,194,185,194
1,Andrés Ibáñez,1,Santa Cruz de La Sierra,2234,Santa Cruz de la Sierra,6016,Colegio  23 de Abril,7022261,10,240,200,1,8,209,200,209
1,Andrés Ibáñez,1,Santa Cruz de La Sierra,2234,Santa Cruz de la Sierra,6016,Colegio  23 de Abril,7022271,11,240,175,0,34,209,175,209
1,Andrés Ibáñez,1,Santa Cruz de La Sierra,2234,Santa Cruz de la Sierra,6020,U.E. El Dorado Norte,7019761,6,240,194,2,5,201,194,201
1,Andrés Ibáñez,1,Santa Cruz de La Sierra,2234,Santa Cruz de la Sierra,6020,U.E. El Dorado Norte,7019771,7,240,189,4,9,202,189,202
1,Andrés Ibáñez,1,Santa Cruz de La Sierra,2234,Santa Cruz de la Sierra,6020,U.E. El Dorado Norte,7019791,9,240,197,1,4,202,197,202
1,Andrés Ibáñez,1,Santa Cruz de La Sierra,2234,Santa Cruz de la Sierra,6020,U.E. El Dorado Norte,7019801,10,240,198,1,7,206,198,206
1,Andrés Ibáñez,1,Santa Cruz de La Sierra,2234,Santa Cruz de la Sierra,6020,U.E. El Dorado Norte,7019811,11,240,190,1,10,201,190,201
1,Andrés Ibáñez,1,Santa Cruz de La Sierra,2234,Santa Cruz de la Sierra,6020,U.E. El Dorado Norte,7019821,12,240,186,0,13,199,186,199
1,Andrés Ibáñez,1,Santa Cruz de La Sierra,2234,Santa Cruz de la Sierra,6020,U.E. El Dorado Norte,7019831,13,240,195,2,8,205,195,205
1,Andrés Ibáñez,1,Santa Cruz de La Sierra,2234,Santa Cruz de la Sierra,6020,U.E. El Dorado Norte,7019841,14,240,200,1,12,213,200,213
1,Andrés Ibáñez,1,Santa Cruz de La Sierra,2234,Santa Cruz de la Sierra,6020,U.E. El Dorado Norte,7019851,15,240,197,1,14,212,197,212
1,Andrés Ibáñez,1,Santa Cruz de La Sierra,2234,Santa Cruz de la Sierra,6020,U.E. El Dorado Norte,7019861,16,240,189,1,9,199,189,199
1,Andrés Ibáñez,1,Santa Cruz de La Sierra,2234,Santa Cruz de la Sierra,6020,U.E. El Dorado Norte,7019871,17,240,189,3,8,200,189,200
1,Andrés Ibáñez,1,Santa Cruz de La Sierra,2234,Santa Cruz de la Sierra,6020,U.E. El Dorado Norte,7019891,19,240,201,0,8,209,201,209
1,Andrés Ibáñez,1,Santa Cruz de La Sierra,2234,Santa Cruz de la Sierra,6020,U.E. El Dorado Norte,7019901,20,240,189,3,8,200,189,200
1,Andrés Ibáñez,1,Santa Cruz de La Sierra,2234,Santa Cruz de la Sierra,6020,U.E. El Dorado Norte,7019911,21,240,182,1,13,196,182,196
1,Andrés Ibáñez,1,Santa Cruz de La Sierra,2234,Santa Cruz de la Sierra,6020,U.E. El Dorado Norte,7019921,22,240,178,2,12,192,178,192
1,Andrés Ibáñez,1,Santa Cruz de La Sierra,2234,Santa Cruz de la Sierra,6020,U.E. El Dorado Norte,7020001,30,240,194,0,15,209,194,209
1,Andrés Ibáñez,1,Santa Cruz de La Sierra,2234,Santa Cruz de la Sierra,6020,U.E. El Dorado Norte,7020021,32,240,191,0,16,207,191,207
1,Andrés Ibáñez,1,Santa Cruz de La Sierra,2234,Santa Cruz de la Sierra,6020,U.E. El Dorado Norte,7020031,33,240,199,2,9,210,199,210
1,Andrés Ibáñez,1,Santa Cruz de La Sierra,2234,Santa Cruz de la Sierra,6020,U.E. El Dorado Norte,7020041,34,240,193,1,8,202,193,202
1,Andrés Ibáñez,1,Santa Cruz de La Sierra,2234,Santa Cruz de la Sierra,6020,U.E. El Dorado Norte,7020051,35,240,201,1,6,208,201,208
1,Andrés Ibáñez,1,Santa Cruz de La Sierra,2234,Santa Cruz de la Sierra,6020,U.E. El Dorado Norte,7020061,36,79,61,1,1,63,61,63
1,Andrés Ibáñez,1,Santa Cruz de La Sierra,2234,Santa Cruz de la Sierra,6021,Esc. Mamerto Cuellar Costa,7012561,7,240,214,1,4,219,214,219
1,Andrés Ibáñez,1,Santa Cruz de La Sierra,2234,Santa Cruz de la Sierra,6021,Esc. Mamerto Cuellar Costa,7012571,8,240,208,2,5,215,208,215
1,Andrés Ibáñez,1,Santa Cruz de La Sierra,2234,Santa Cruz de la Sierra,6021,Esc. Mamerto Cuellar Costa,7012581,9,240,212,1,3,216,212,216
1,Andrés Ibáñez,1,Santa Cruz de La Sierra,2234,Santa Cruz de la Sierra,6021,Esc. Mamerto Cuellar Costa,7012591,10,240,204,0,3,207,204,207
1,Andrés Ibáñez,1,Santa Cruz de La Sierra,2234,Santa Cruz de la Sierra,6021,Esc. Mamerto Cuellar Costa,7012601,11,240,208,1,2,211,208,211
1,Andrés Ibáñez,1,Santa Cruz de La Sierra,2234,Santa Cruz de la Sierra,6021,Esc. Mamerto Cuellar Costa,7012611,12,240,205,3,2,210,205,210
1,Andrés Ibáñez,1,Santa Cruz de La Sierra,2234,Santa Cruz de la Sierra,6021,Esc. Mamerto Cuellar Costa,7012631,14,240,208,0,8,216,208,216
1,Andrés Ibáñez,1,Santa Cruz de La Sierra,2234,Santa Cruz de la Sierra,6021,Esc. Mamerto Cuellar Costa,7012641,15,240,214,1,6,221,214,221
1,Andrés Ibáñez,1,Santa Cruz de La Sierra,2234,Santa Cruz de la Sierra,6021,Esc. Mamerto Cuellar Costa,7012661,17,70,62,0,3,65,62,65
1,Andrés Ibáñez,1,Santa Cruz de La Sierra,2234,Santa Cruz de la Sierra,6022,Escuela 1ro. de Mayo,7015011,1,240,202,1,1,204,202,204
1,Andrés Ibáñez,1,Santa Cruz de La Sierra,2234,Santa Cruz de la Sierra,6022,Escuela 1ro. de Mayo,7015021,2,240,197,1,7,205,197,205
1,Andrés Ibáñez,1,Santa Cruz de La Sierra,2234,Santa Cruz de la Sierra,6022,Escuela 1ro. de Mayo,7015061,6,240,202,1,7,210,202,210
1,Andrés Ibáñez,1,Santa Cruz de La Sierra,2234,Santa Cruz de la Sierra,6022,Escuela 1ro. de Mayo,7015071,7,240,199,0,6,205,199,205
1,Andrés Ibáñez,1,Santa Cruz de La Sierra,2234,Santa Cruz de la Sierra,6022,Escuela 1ro. de Mayo,7015081,8,240,190,0,4,194,190,194
1,Andrés Ibáñez,1,Santa Cruz de La Sierra,2234,Santa Cruz de la Sierra,6022,Escuela 1ro. de Mayo,7015091,9,190,157,1,2,160,157,160
1,Andrés Ibáñez,1,Santa Cruz de La Sierra,2234,Santa Cruz de la Sierra,7000,Col. Educativo San Isidro,7027541,2,240,197,0,15,212,197,212
1,Andrés Ibáñez,1,Santa Cruz de La Sierra,2234,Santa Cruz de la Sierra,7000,Col. Educativo San Isidro,7027551,3,240,204,0,4,208,204,208
1,Andrés Ibáñez,1,Santa Cruz de La Sierra,2234,Santa Cruz de la Sierra,7000,Col. Educativo San Isidro,7027561,4,240,192,0,15,207,192,207
1,Andrés Ibáñez,1,Santa Cruz de La Sierra,2234,Santa Cruz de la Sierra,7000,Col. Educativo San Isidro,7027571,5,240,202,2,8,212,202,212
1,Andrés Ibáñez,1,Santa Cruz de La Sierra,2234,Santa Cruz de la Sierra,7000,Col. Educativo San Isidro,7027581,6,240,195,0,8,203,195,203
1,Andrés Ibáñez,1,Santa Cruz de La Sierra,2234,Santa Cruz de la Sierra,7000,Col. Educativo San Isidro,7027591,7,240,205,2,10,217,205,217
1,Andrés Ibáñez,1,Santa Cruz de La Sierra,2234,Santa Cruz de la Sierra,7000,Col. Educativo San Isidro,7027651,13,240,195,3,10,208,195,208
1,Andrés Ibáñez,1,Santa Cruz de La Sierra,2234,Santa Cruz de la Sierra,7000,Col. Educativo San Isidro,7027681,16,240,194,0,8,202,194,202
1,Andrés Ibáñez,1,Santa Cruz de La Sierra,2234,Santa Cruz de la Sierra,7000,Col. Educativo San Isidro,7027701,18,240,197,0,7,204,197,204
1,Andrés Ibáñez,1,Santa Cruz de La Sierra,2234,Santa Cruz de la Sierra,7000,Col. Educativo San Isidro,7027711,19,240,209,0,13,222,209,222
1,Andrés Ibáñez,1,Santa Cruz de La Sierra,2234,Santa Cruz de la Sierra,7000,Col. Educativo San Isidro,7027721,20,240,199,0,4,203,199,203
1,Andrés Ibáñez,1,Santa Cruz de La Sierra,2234,Santa Cruz de la Sierra,7000,Col. Educativo San Isidro,7027761,24,240,192,1,6,199,192,199
1,Andrés Ibáñez,1,Santa Cruz de La Sierra,2234,Santa Cruz de la Sierra,7000,Col. Educativo San Isidro,7027781,26,255,205,0,16,221,205,221
1,Andrés Ibáñez,1,Santa Cruz de La Sierra,2234,Santa Cruz de la Sierra,7001,U.E. Santa Cruz De La Sierra Fe Y Alegria,7025871,2,240,201,0,11,212,201,212
1,Andrés Ibáñez,1,Santa Cruz de La Sierra,2234,Santa Cruz de la Sierra,7001,U.E. Santa Cruz De La Sierra Fe Y Alegria,7025891,4,240,208,1,7,216,208,216
1,Andrés Ibáñez,1,Santa Cruz de La Sierra,2234,Santa Cruz de la Sierra,7001,U.E. Santa Cruz De La Sierra Fe Y Alegria,7025941,9,240,198,0,3,201,198,201
1,Andrés Ibáñez,1,Santa Cruz de La Sierra,2234,Santa Cruz de la Sierra,7001,U.E. Santa Cruz De La Sierra Fe Y Alegria,7026041,19,240,195,3,4,202,195,202
1,Andrés Ibáñez,1,Santa Cruz de La Sierra,2234,Santa Cruz de la Sierra,7003,Col. Felix Bascope,7008081,3,240,202,1,6,209,202,209
1,Andrés Ibáñez,1,Santa Cruz de La Sierra,2234,Santa Cruz de la Sierra,7003,Col. Felix Bascope,7008091,4,240,201,0,9,210,201,210
1,Andrés Ibáñez,1,Santa Cruz de La Sierra,2234,Santa Cruz de la Sierra,7003,Col. Felix Bascope,7008101,5,240,195,2,15,212,195,212
1,Andrés Ibáñez,1,Santa Cruz de La Sierra,2234,Santa Cruz de la Sierra,7003,Col. Felix Bascope,7008111,6,240,206,1,6,213,206,213
1,Andrés Ibáñez,1,Santa Cruz de La Sierra,2234,Santa Cruz de la Sierra,7003,Col. Felix Bascope,7008181,13,240,192,1,9,202,192,202
1,Andrés Ibáñez,1,Santa Cruz de La Sierra,2234,Santa Cruz de la Sierra,7003,Col. Felix Bascope,7008191,14,240,207,3,6,216,207,216
1,Andrés Ibáñez,1,Santa Cruz de La Sierra,2234,Santa Cruz de la Sierra,7003,Col. Felix Bascope,7008201,15,240,207,1,2,210,207,210
1,Andrés Ibáñez,1,Santa Cruz de La Sierra,2234,Santa Cruz de la Sierra,7003,Col. Felix Bascope,7008211,16,240,207,0,6,213,207,213
1,Andrés Ibáñez,1,Santa Cruz de La Sierra,2234,Santa Cruz de la Sierra,7003,Col. Felix Bascope,7008221,17,240,208,0,8,216,208,216
1,Andrés Ibáñez,1,Santa Cruz de La Sierra,2234,Santa Cruz de la Sierra,7004,Col. 30 de Marzo,7008461,1,240,206,0,5,211,206,211
1,Andrés Ibáñez,1,Santa Cruz de La Sierra,2234,Santa Cruz de la Sierra,7004,Col. 30 de Marzo,7008531,8,240,204,2,8,214,204,214
1,Andrés Ibáñez,1,Santa Cruz de La Sierra,2234,Santa Cruz de la Sierra,7004,Col. 30 de Marzo,7008541,9,240,190,0,12,202,190,202
1,Andrés Ibáñez,1,Santa Cruz de La Sierra,2234,Santa Cruz de la Sierra,7004,Col. 30 de Marzo,7008571,12,240,186,3,14,203,186,203
1,Andrés Ibáñez,1,Santa Cruz de La Sierra,2234,Santa Cruz de la Sierra,7004,Col. 30 de Marzo,7008581,13,240,204,0,10,214,204,214
1,Andrés Ibáñez,1,Santa Cruz de La Sierra,2234,Santa Cruz de la Sierra,7004,Col. 30 de Marzo,7008591,14,240,200,1,7,208,200,208
1,Andrés Ibáñez,1,Santa Cruz de La Sierra,2234,Santa Cruz de la Sierra,7004,Col. 30 de Marzo,7008601,15,240,209,1,5,215,209,215
1,Andrés Ibáñez,1,Santa Cruz de La Sierra,2234,Santa Cruz de la Sierra,7004,Col. 30 de Marzo,7008611,16,240,205,2,10,217,205,217
1,Andrés Ibáñez,1,Santa Cruz de La Sierra,2234,Santa Cruz de la Sierra,7004,Col. 30 de Marzo,7008621,17,259,218,0,10,228,218,228
1,Andrés Ibáñez,1,Santa Cruz de La Sierra,2234,Santa Cruz de la Sierra,7005,Col. Heroes Del Chaco,7008331,10,240,195,1,2,198,195,198
1,Andrés Ibáñez,1,Santa Cruz de La Sierra,2234,Santa Cruz de la Sierra,7005,Col. Heroes Del Chaco,7008341,11,240,203,2,9,214,203,214
1,Andrés Ibáñez,1,Santa Cruz de La Sierra,2234,Santa Cruz de la Sierra,7005,Col. Heroes Del Chaco,7008351,12,240,165,2,31,198,165,198
1,Andrés Ibáñez,1,Santa Cruz de La Sierra,2234,Santa Cruz de la Sierra,7005,Col. Heroes Del Chaco,7008361,13,240,202,1,4,207,202,207
1,Andrés Ibáñez,1,Santa Cruz de La Sierra,2234,Santa Cruz de la Sierra,7005,Col. Heroes Del Chaco,7008371,14,240,197,0,10,207,197,207
1,Andrés Ibáñez,1,Santa Cruz de La Sierra,2234,Santa Cruz de la Sierra,7005,Col. Heroes Del Chaco,7008381,15,240,204,1,11,216,204,216
1,Andrés Ibáñez,1,Santa Cruz de La Sierra,2234,Santa Cruz de la Sierra,7005,Col. Heroes Del Chaco,7008391,16,240,162,2,45,209,162,209
1,Andrés Ibáñez,1,Santa Cruz de La Sierra,2234,Santa Cruz de la Sierra,7005,Col. Heroes Del Chaco,7008401,17,240,204,2,6,212,204,212
1,Andrés Ibáñez,1,Santa Cruz de La Sierra,2234,Santa Cruz de la Sierra,7005,Col. Heroes Del Chaco,7008411,18,240,200,0,10,210,200,210
1,Andrés Ibáñez,1,Santa Cruz de La Sierra,2234,Santa Cruz de la Sierra,7005,Col. Heroes Del Chaco,7008421,19,240,194,1,13,208,194,208
1,Andrés Ibáñez,1,Santa Cruz de La Sierra,2234,Santa Cruz de la Sierra,7005,Col. Heroes Del Chaco,7008431,20,240,202,0,8,210,202,210
1,Andrés Ibáñez,1,Santa Cruz de La Sierra,2234,Santa Cruz de la Sierra,7005,Col. Heroes Del Chaco,7008441,21,240,205,0,1,206,205,206
1,Andrés Ibáñez,1,Santa Cruz de La Sierra,2234,Santa Cruz de la Sierra,7005,Col. Heroes Del Chaco,7008451,22,257,207,0,16,223,207,223
1,Andrés Ibáñez,1,Santa Cruz de La Sierra,2234,Santa Cruz de la Sierra,7006,Col. San Silvestre,7022671,4,240,191,0,8,199,191,199
1,Andrés Ibáñez,1,Santa Cruz de La Sierra,2234,Santa Cruz de la Sierra,7006,Col. San Silvestre,7022681,5,240,199,1,7,207,199,207
1,Andrés Ibáñez,1,Santa Cruz de La Sierra,2234,Santa Cruz de la Sierra,7006,Col. San Silvestre,7022691,6,240,195,1,8,204,195,204
1,Andrés Ibáñez,1,Santa Cruz de La Sierra,2234,Santa Cruz de la Sierra,7006,Col. San Silvestre,7022711,8,240,199,4,8,211,199,211
1,Andrés Ibáñez,1,Santa Cruz de La Sierra,2234,Santa Cruz de la Sierra,7006,Col. San Silvestre,7022721,9,240,202,0,6,208,202,208
1,Andrés Ibáñez,1,Santa Cruz de La Sierra,2234,Santa Cruz de la Sierra,7006,Col. San Silvestre,7022741,11,240,177,0,14,191,177,191
1,Andrés Ibáñez,1,Santa Cruz de La Sierra,2234,Santa Cruz de la Sierra,7006,Col. San Silvestre,7022751,12,240,197,0,7,204,197,204
1,Andrés Ibáñez,1,Santa Cruz de La Sierra,2234,Santa Cruz de la Sierra,7006,Col. San Silvestre,7022771,14,240,175,3,20,198,175,198
1,Andrés Ibáñez,1,Santa Cruz de La Sierra,2234,Santa Cruz de la Sierra,7006,Col. San Silvestre,7022781,15,240,193,0,11,204,193,204
1,Andrés Ibáñez,1,Santa Cruz de La Sierra,2234,Santa Cruz de la Sierra,7006,Col. San Silvestre,7022791,16,240,195,1,7,203,195,203
1,Andrés Ibáñez,1,Santa Cruz de La Sierra,2234,Santa Cruz de la Sierra,7006,Col. San Silvestre,7022801,17,240,181,1,14,196,181,196
1,Andrés Ibáñez,1,Santa Cruz de La Sierra,2234,Santa Cruz de la Sierra,7006,Col. San Silvestre,7022811,18,240,183,1,8,192,183,192
1,Andrés Ibáñez,1,Santa Cruz de La Sierra,2234,Santa Cruz de la Sierra,7006,Col. San Silvestre,7022821,19,240,192,1,15,208,192,208
1,Andrés Ibáñez,1,Santa Cruz de La Sierra,2234,Santa Cruz de la Sierra,7006,Col. San Silvestre,7022831,20,240,195,0,9,204,195,204
1,Andrés Ibáñez,1,Santa Cruz de La Sierra,2234,Santa Cruz de la Sierra,7007,Col. Angela Pinckert,7027241,1,240,193,0,11,204,193,204
1,Andrés Ibáñez,1,Santa Cruz de La Sierra,2234,Santa Cruz de la Sierra,7007,Col. Angela Pinckert,7027251,2,240,198,2,14,214,198,214
1,Andrés Ibáñez,1,Santa Cruz de La Sierra,2234,Santa Cruz de la Sierra,7007,Col. Angela Pinckert,7027271,4,240,206,0,4,210,206,210
1,Andrés Ibáñez,1,Santa Cruz de La Sierra,2234,Santa Cruz de la Sierra,7007,Col. Angela Pinckert,7027281,5,240,194,1,9,204,194,204
1,Andrés Ibáñez,1,Santa Cruz de La Sierra,2234,Santa Cruz de la Sierra,7007,Col. Angela Pinckert,7027311,8,240,191,0,5,196,191,196
1,Andrés Ibáñez,1,Santa Cruz de La Sierra,2234,Santa Cruz de la Sierra,7007,Col. Angela Pinckert,7027321,9,240,181,4,5,190,181,190
1,Andrés Ibáñez,1,Santa Cruz de La Sierra,2234,Santa Cruz de la Sierra,7007,Col. Angela Pinckert,7027331,10,240,201,0,4,205,201,205
1,Andrés Ibáñez,1,Santa Cruz de La Sierra,2234,Santa Cruz de la Sierra,7007,Col. Angela Pinckert,7027351,12,240,207,2,6,215,207,215
1,Andrés Ibáñez,1,Santa Cruz de La Sierra,2234,Santa Cruz de la Sierra,7007,Col. Angela Pinckert,7027361,13,240,202,0,6,208,202,208
1,Andrés Ibáñez,1,Santa Cruz de La Sierra,2234,Santa Cruz de la Sierra,7007,Col. Angela Pinckert,7027371,14,240,194,0,14,208,194,208
1,Andrés Ibáñez,1,Santa Cruz de La Sierra,2234,Santa Cruz de la Sierra,7007,Col. Angela Pinckert,7027381,15,240,198,1,13,212,198,212
1,Andrés Ibáñez,1,Santa Cruz de La Sierra,2234,Santa Cruz de la Sierra,7007,Col. Angela Pinckert,7027401,17,240,201,3,6,210,201,210
1,Andrés Ibáñez,1,Santa Cruz de La Sierra,2234,Santa Cruz de la Sierra,7007,Col. Angela Pinckert,7027411,18,240,188,1,12,201,188,201
1,Andrés Ibáñez,1,Santa Cruz de La Sierra,2234,Santa Cruz de la Sierra,7007,Col. Angela Pinckert,7027421,19,240,180,2,10,192,180,192
1,Andrés Ibáñez,1,Santa Cruz de La Sierra,2234,Santa Cruz de la Sierra,7007,Col. Angela Pinckert,7027431,20,240,195,2,14,211,195,211
1,Andrés Ibáñez,1,Santa Cruz de La Sierra,2234,Santa Cruz de la Sierra,7007,Col. Angela Pinckert,7027441,21,240,184,1,18,203,184,203
1,Andrés Ibáñez,1,Santa Cruz de La Sierra,2234,Santa Cruz de la Sierra,7007,Col. Angela Pinckert,7027451,22,240,185,0,18,203,185,203
1,Andrés Ibáñez,1,Santa Cruz de La Sierra,2234,Santa Cruz de la Sierra,7007,Col. Angela Pinckert,7027471,24,240,185,0,13,198,185,198
1,Andrés Ibáñez,1,Santa Cruz de La Sierra,2234,Santa Cruz de la Sierra,7008,U.E. 27 de mayo,7026981,1,240,193,2,5,200,193,200
1,Andrés Ibáñez,1,Santa Cruz de La Sierra,2234,Santa Cruz de la Sierra,7008,U.E. 27 de mayo,7027021,5,240,179,1,8,188,179,188
1,Andrés Ibáñez,1,Santa Cruz de La Sierra,2234,Santa Cruz de la Sierra,7008,U.E. 27 de mayo,7027031,6,240,191,0,10,201,191,201
1,Andrés Ibáñez,1,Santa Cruz de La Sierra,2234,Santa Cruz de la Sierra,7008,U.E. 27 de mayo,7027041,7,240,183,1,10,194,183,194
1,Andrés Ibáñez,1,Santa Cruz de La Sierra,2234,Santa Cruz de la Sierra,7008,U.E. 27 de mayo,7027051,8,240,182,0,10,192,182,192
1,Andrés Ibáñez,1,Santa Cruz de La Sierra,2234,Santa Cruz de la Sierra,7008,U.E. 27 de mayo,7027061,9,240,194,1,8,203,194,203
1,Andrés Ibáñez,1,Santa Cruz de La Sierra,2234,Santa Cruz de la Sierra,7008,U.E. 27 de mayo,7027071,10,240,185,1,10,196,185,196
1,Andrés Ibáñez,1,Santa Cruz de La Sierra,2234,Santa Cruz de la Sierra,7008,U.E. 27 de mayo,7027081,11,240,194,0,8,202,194,202
1,Andrés Ibáñez,1,Santa Cruz de La Sierra,2234,Santa Cruz de la Sierra,7008,U.E. 27 de mayo,7027091,12,240,185,1,7,193,185,193
1,Andrés Ibáñez,1,Santa Cruz de La Sierra,2234,Santa Cruz de la Sierra,7008,U.E. 27 de mayo,7027101,13,76,61,0,4,65,61,65
1,Andrés Ibáñez,1,Santa Cruz de La Sierra,2234,Santa Cruz de la Sierra,7009,Col. Gilberto Menacho,7026771,1,240,199,0,10,209,199,209
1,Andrés Ibáñez,1,Santa Cruz de La Sierra,2234,Santa Cruz de la Sierra,7009,Col. Gilberto Menacho,7026781,2,240,206,1,7,214,206,214
1,Andrés Ibáñez,1,Santa Cruz de La Sierra,2234,Santa Cruz de la Sierra,7009,Col. Gilberto Menacho,7026791,3,240,193,0,13,206,193,206
1,Andrés Ibáñez,1,Santa Cruz de La Sierra,2234,Santa Cruz de la Sierra,7009,Col. Gilberto Menacho,7026801,4,240,204,3,6,213,204,213
1,Andrés Ibáñez,1,Santa Cruz de La Sierra,2234,Santa Cruz de la Sierra,7009,Col. Gilberto Menacho,7026811,5,240,206,0,6,212,206,212
1,Andrés Ibáñez,1,Santa Cruz de La Sierra,2234,Santa Cruz de la Sierra,7009,Col. Gilberto Menacho,7026821,6,240,186,0,23,209,186,209
1,Andrés Ibáñez,1,Santa Cruz de La Sierra,2234,Santa Cruz de la Sierra,7009,Col. Gilberto Menacho,7026831,7,240,192,0,9,201,192,201
1,Andrés Ibáñez,1,Santa Cruz de La Sierra,2234,Santa Cruz de la Sierra,7009,Col. Gilberto Menacho,7026841,8,240,197,1,17,215,197,215
1,Andrés Ibáñez,1,Santa Cruz de La Sierra,2234,Santa Cruz de la Sierra,7009,Col. Gilberto Menacho,7026921,16,138,104,1,7,112,104,112
1,Andrés Ibáñez,1,Santa Cruz de La Sierra,2234,Santa Cruz de la Sierra,7010,U.E.  Kinder 27 de Mayo,7027111,1,240,196,3,13,212,196,212
1,Andrés Ibáñez,1,Santa Cruz de La Sierra,2234,Santa Cruz de la Sierra,7010,U.E.  Kinder 27 de Mayo,7027121,2,240,204,0,5,209,204,209
1,Andrés Ibáñez,1,Santa Cruz de La Sierra,2234,Santa Cruz de la Sierra,7010,U.E.  Kinder 27 de Mayo,7027131,3,240,187,3,15,205,187,205
1,Andrés Ibáñez,1,Santa Cruz de La Sierra,2234,Santa Cruz de la Sierra,7010,U.E.  Kinder 27 de Mayo,7027141,4,240,195,0,7,202,195,202
1,Andrés Ibáñez,1,Santa Cruz de La Sierra,2234,Santa Cruz de la Sierra,7010,U.E.  Kinder 27 de Mayo,7027151,5,240,199,0,7,206,199,206
1,Andrés Ibáñez,1,Santa Cruz de La Sierra,2234,Santa Cruz de la Sierra,7010,U.E.  Kinder 27 de Mayo,7027161,6,240,196,1,7,204,196,204
1,Andrés Ibáñez,1,Santa Cruz de La Sierra,2234,Santa Cruz de la Sierra,7010,U.E.  Kinder 27 de Mayo,7027171,7,240,183,1,15,199,183,199
1,Andrés Ibáñez,1,Santa Cruz de La Sierra,2234,Santa Cruz de la Sierra,7010,U.E.  Kinder 27 de Mayo,7027201,10,240,191,0,7,198,191,198
1,Andrés Ibáñez,1,Santa Cruz de La Sierra,2234,Santa Cruz de la Sierra,7010,U.E.  Kinder 27 de Mayo,7027211,11,240,200,0,9,209,200,209
1,Andrés Ibáñez,1,Santa Cruz de La Sierra,2234,Santa Cruz de la Sierra,7010,U.E.  Kinder 27 de Mayo,7027221,12,240,202,1,6,209,202,209
1,Andrés Ibáñez,1,Santa Cruz de La Sierra,2234,Santa Cruz de la Sierra,7010,U.E.  Kinder 27 de Mayo,7027231,13,157,126,1,4,131,126,131
1,Andrés Ibáñez,1,Santa Cruz de La Sierra,2234,Santa Cruz de la Sierra,7011,Col. Bertha Cuellar,7025071,1,240,177,1,18,196,177,196
1,Andrés Ibáñez,1,Santa Cruz de La Sierra,2234,Santa Cruz de la Sierra,7011,Col. Bertha Cuellar,7025081,2,240,183,2,18,203,183,203
1,Andrés Ibáñez,1,Santa Cruz de La Sierra,2234,Santa Cruz de la Sierra,7011,Col. Bertha Cuellar,7025091,3,240,188,0,9,197,188,197
1,Andrés Ibáñez,1,Santa Cruz de La Sierra,2234,Santa Cruz de la Sierra,7011,Col. Bertha Cuellar,7025101,4,240,203,0,7,210,203,210
1,Andrés Ibáñez,1,Santa Cruz de La Sierra,2234,Santa Cruz de la Sierra,7011,Col. Bertha Cuellar,7025111,5,240,205,0,9,214,205,214
1,Andrés Ibáñez,1,Santa Cruz de La Sierra,2234,Santa Cruz de la Sierra,7011,Col. Bertha Cuellar,7025121,6,240,201,0,10,211,201,211
1,Andrés Ibáñez,1,Santa Cruz de La Sierra,2234,Santa Cruz de la Sierra,7011,Col. Bertha Cuellar,7025141,8,240,194,2,4,200,194,200
1,Andrés Ibáñez,1,Santa Cruz de La Sierra,2234,Santa Cruz de la Sierra,7011,Col. Bertha Cuellar,7025151,9,240,196,0,6,202,196,202
1,Andrés Ibáñez,1,Santa Cruz de La Sierra,2234,Santa Cruz de la Sierra,7011,Col. Bertha Cuellar,7025161,10,240,199,0,5,204,199,204
1,Andrés Ibáñez,1,Santa Cruz de La Sierra,2234,Santa Cruz de la Sierra,7011,Col. Bertha Cuellar,7025171,11,240,181,0,16,197,181,197
1,Andrés Ibáñez,1,Santa Cruz de La Sierra,2234,Santa Cruz de la Sierra,7011,Col. Bertha Cuellar,7025181,12,240,176,1,16,193,176,193
1,Andrés Ibáñez,1,Santa Cruz de La Sierra,2234,Santa Cruz de la Sierra,7011,Col. Bertha Cuellar,7025201,14,240,195,2,15,212,195,212
1,Andrés Ibáñez,1,Santa Cruz de La Sierra,2234,Santa Cruz de la Sierra,7011,Col. Bertha Cuellar,7025211,15,240,199,0,10,209,199,209
1,Andrés Ibáñez,1,Santa Cruz de La Sierra,2234,Santa Cruz de la Sierra,7011,Col. Bertha Cuellar,7025221,16,240,188,1,6,195,188,195
1,Andrés Ibáñez,1,Santa Cruz de La Sierra,2234,Santa Cruz de la Sierra,7011,Col. Bertha Cuellar,7025231,17,240,194,1,6,201,194,201
1,Andrés Ibáñez,1,Santa Cruz de La Sierra,2234,Santa Cruz de la Sierra,7011,Col. Bertha Cuellar,7025241,18,240,189,0,14,203,189,203
1,Andrés Ibáñez,1,Santa Cruz de La Sierra,2234,Santa Cruz de la Sierra,7011,Col. Bertha Cuellar,7025251,19,240,194,1,5,200,194,200
1,Andrés Ibáñez,1,Santa Cruz de La Sierra,2234,Santa Cruz de la Sierra,7011,Col. Bertha Cuellar,7025261,20,240,194,0,13,207,194,207
1,Andrés Ibáñez,1,Santa Cruz de La Sierra,2234,Santa Cruz de la Sierra,7011,Col. Bertha Cuellar,7025271,21,240,200,1,6,207,200,207
1,Andrés Ibáñez,1,Santa Cruz de La Sierra,2234,Santa Cruz de la Sierra,7011,Col. Bertha Cuellar,7025281,22,240,184,1,10,195,184,195
1,Andrés Ibáñez,1,Santa Cruz de La Sierra,2234,Santa Cruz de la Sierra,7011,Col. Bertha Cuellar,7025291,23,109,84,0,4,88,84,88
1,Andrés Ibáñez,1,Santa Cruz de La Sierra,2234,Santa Cruz de la Sierra,7012,Col. Pampa De La Cruz,7026091,1,240,200,1,10,211,200,211
1,Andrés Ibáñez,1,Santa Cruz de La Sierra,2234,Santa Cruz de la Sierra,7012,Col. Pampa De La Cruz,7026101,2,240,190,0,15,205,190,205
1,Andrés Ibáñez,1,Santa Cruz de La Sierra,2234,Santa Cruz de la Sierra,7012,Col. Pampa De La Cruz,7026111,3,240,199,2,6,207,199,207
1,Andrés Ibáñez,1,Santa Cruz de La Sierra,2234,Santa Cruz de la Sierra,7012,Col. Pampa De La Cruz,7026121,4,240,191,0,14,205,191,205
1,Andrés Ibáñez,1,Santa Cruz de La Sierra,2234,Santa Cruz de la Sierra,7012,Col. Pampa De La Cruz,7026131,5,240,196,2,9,207,196,207
1,Andrés Ibáñez,1,Santa Cruz de La Sierra,2234,Santa Cruz de la Sierra,7012,Col. Pampa De La Cruz,7026141,6,240,198,0,7,205,198,205
1,Andrés Ibáñez,1,Santa Cruz de La Sierra,2234,Santa Cruz de la Sierra,7013,Col. 18 de Marzo,7025421,3,240,193,1,6,200,193,200
1,Andrés Ibáñez,1,Santa Cruz de La Sierra,2234,Santa Cruz de la Sierra,7013,Col. 18 de Marzo,7025431,4,240,200,0,5,205,200,205
1,Andrés Ibáñez,1,Santa Cruz de La Sierra,2234,Santa Cruz de la Sierra,7013,Col. 18 de Marzo,7025441,5,240,201,1,4,206,201,206
1,Andrés Ibáñez,1,Santa Cruz de La Sierra,2234,Santa Cruz de la Sierra,7013,Col. 18 de Marzo,7025451,6,240,198,0,5,203,198,203
1,Andrés Ibáñez,1,Santa Cruz de La Sierra,2234,Santa Cruz de la Sierra,7013,Col. 18 de Marzo,7025461,7,240,205,1,7,213,205,213
1,Andrés Ibáñez,1,Santa Cruz de La Sierra,2234,Santa Cruz de la Sierra,7013,Col. 18 de Marzo,7025561,17,240,199,0,3,202,199,202
1,Andrés Ibáñez,1,Santa Cruz de La Sierra,2234,Santa Cruz de la Sierra,7013,Col. 18 de Marzo,7025571,18,240,195,1,8,204,195,204
1,Andrés Ibáñez,1,Santa Cruz de La Sierra,2234,Santa Cruz de la Sierra,7014,Col. Fausto Medrano,7025681,1,240,193,1,12,206,193,206
1,Andrés Ibáñez,1,Santa Cruz de La Sierra,2234,Santa Cruz de la Sierra,7014,Col. Fausto Medrano,7025691,2,240,192,1,13,206,192,206
1,Andrés Ibáñez,1,Santa Cruz de La Sierra,2234,Santa Cruz de la Sierra,7014,Col. Fausto Medrano,7025731,6,240,204,2,4,210,204,210
1,Andrés Ibáñez,1,Santa Cruz de La Sierra,2234,Santa Cruz de la Sierra,7014,Col. Fausto Medrano,7025751,8,240,200,2,9,211,200,211
1,Andrés Ibáñez,1,Santa Cruz de La Sierra,2234,Santa Cruz de la Sierra,7014,Col. Fausto Medrano,7025761,9,240,200,1,3,204,200,204
1,Andrés Ibáñez,1,Santa Cruz de La Sierra,2234,Santa Cruz de la Sierra,7014,Col. Fausto Medrano,7025791,12,240,197,0,13,210,197,210
1,Andrés Ibáñez,1,Santa Cruz de La Sierra,2234,Santa Cruz de la Sierra,7014,Col. Fausto Medrano,7025801,13,213,182,0,9,191,182,191
1,Andrés Ibáñez,1,Santa Cruz de La Sierra,2234,Santa Cruz de la Sierra,7015,Col. Batallon Tren,7026501,1,240,203,0,5,208,203,208
1,Andrés Ibáñez,1,Santa Cruz de La Sierra,2234,Santa Cruz de la Sierra,7015,Col. Batallon Tren,7026521,3,240,208,2,8,218,208,218
1,Andrés Ibáñez,1,Santa Cruz de La Sierra,2234,Santa Cruz de la Sierra,7015,Col. Batallon Tren,7026551,6,240,196,0,10,206,196,206
1,Andrés Ibáñez,1,Santa Cruz de La Sierra,2234,Santa Cruz de la Sierra,7015,Col. Batallon Tren,7026561,7,240,204,3,7,214,204,214
1,Andrés Ibáñez,1,Santa Cruz de La Sierra,2234,Santa Cruz de la Sierra,7015,Col. Batallon Tren,7026571,8,117,100,0,2,102,100,102
1,Andrés Ibáñez,1,Santa Cruz de La Sierra,2234,Santa Cruz de la Sierra,7017,Col. Nimia Centella,7027791,1,240,204,2,8,214,204,214
1,Andrés Ibáñez,1,Santa Cruz de La Sierra,2234,Santa Cruz de la Sierra,7017,Col. Nimia Centella,7027801,2,240,195,2,10,207,195,207
1,Andrés Ibáñez,1,Santa Cruz de La Sierra,2234,Santa Cruz de la Sierra,7017,Col. Nimia Centella,7027821,4,240,194,1,7,202,194,202
1,Andrés Ibáñez,1,Santa Cruz de La Sierra,2234,Santa Cruz de la Sierra,7017,Col. Nimia Centella,7027831,5,240,203,0,8,211,203,211
1,Andrés Ibáñez,1,Santa Cruz de La Sierra,2234,Santa Cruz de la Sierra,7017,Col. Nimia Centella,7027841,6,240,201,1,12,214,201,214
1,Andrés Ibáñez,1,Santa Cruz de La Sierra,2234,Santa Cruz de la Sierra,7017,Col. Nimia Centella,7027851,7,240,205,1,11,217,205,217
1,Andrés Ibáñez,1,Santa Cruz de La Sierra,2234,Santa Cruz de la Sierra,7017,Col. Nimia Centella,7027871,9,240,210,1,3,214,210,214
1,Andrés Ibáñez,1,Santa Cruz de La Sierra,2234,Santa Cruz de la Sierra,7017,Col. Nimia Centella,7027881,10,240,203,1,10,214,203,214
1,Andrés Ibáñez,1,Santa Cruz de La Sierra,2234,Santa Cruz de la Sierra,7017,Col. Nimia Centella,7027891,11,240,200,2,3,205,200,205
1,Andrés Ibáñez,1,Santa Cruz de La Sierra,2234,Santa Cruz de la Sierra,7017,Col. Nimia Centella,7027901,12,240,206,1,5,212,206,212
1,Andrés Ibáñez,1,Santa Cruz de La Sierra,2234,Santa Cruz de la Sierra,7018,Col. Guapilo Junin,7023931,3,240,200,2,6,208,200,208
1,Andrés Ibáñez,1,Santa Cruz de La Sierra,2234,Santa Cruz de la Sierra,7018,Col. Guapilo Junin,7023951,5,240,194,0,9,203,194,203
1,Andrés Ibáñez,1,Santa Cruz de La Sierra,2234,Santa Cruz de la Sierra,7018,Col. Guapilo Junin,7023971,7,240,191,1,5,197,191,197
1,Andrés Ibáñez,1,Santa Cruz de La Sierra,2234,Santa Cruz de la Sierra,7018,Col. Guapilo Junin,7023981,8,240,197,1,4,202,197,202
1,Andrés Ibáñez,1,Santa Cruz de La Sierra,2234,Santa Cruz de la Sierra,7018,Col. Guapilo Junin,7023991,9,240,202,3,3,208,202,208
1,Andrés Ibáñez,1,Santa Cruz de La Sierra,2234,Santa Cruz de la Sierra,7018,Col. Guapilo Junin,7024011,11,240,196,0,12,208,196,208
1,Andrés Ibáñez,1,Santa Cruz de La Sierra,2234,Santa Cruz de la Sierra,7018,Col. Guapilo Junin,7024031,13,240,191,1,11,203,191,203
1,Andrés Ibáñez,1,Santa Cruz de La Sierra,2234,Santa Cruz de la Sierra,7018,Col. Guapilo Junin,7024041,14,240,188,0,12,200,188,200
1,Andrés Ibáñez,1,Santa Cruz de La Sierra,2234,Santa Cruz de la Sierra,7018,Col. Guapilo Junin,7024051,15,240,196,3,10,209,196,209
1,Andrés Ibáñez,1,Santa Cruz de La Sierra,2234,Santa Cruz de la Sierra,7018,Col. Guapilo Junin,7024061,16,240,192,1,8,201,192,201
1,Andrés Ibáñez,1,Santa Cruz de La Sierra,2234,Santa Cruz de la Sierra,7018,Col. Guapilo Junin,7024071,17,189,142,2,5,149,142,149
1,Andrés Ibáñez,1,Santa Cruz de La Sierra,2234,Santa Cruz de la Sierra,7019,Col. Madre Clara Ricci (Jesus Roman Vaca,7024991,4,240,195,1,12,208,195,208
1,Andrés Ibáñez,1,Santa Cruz de La Sierra,2234,Santa Cruz de la Sierra,7019,Col. Madre Clara Ricci (Jesus Roman Vaca,7025011,6,240,202,1,10,213,202,213
1,Andrés Ibáñez,1,Santa Cruz de La Sierra,2234,Santa Cruz de la Sierra,7019,Col. Madre Clara Ricci (Jesus Roman Vaca,7025021,7,240,200,0,12,212,200,212
1,Andrés Ibáñez,1,Santa Cruz de La Sierra,2234,Santa Cruz de la Sierra,7019,Col. Madre Clara Ricci (Jesus Roman Vaca,7025031,8,240,208,1,9,218,208,218
1,Andrés Ibáñez,1,Santa Cruz de La Sierra,2234,Santa Cruz de la Sierra,7019,Col. Madre Clara Ricci (Jesus Roman Vaca,7025051,10,240,197,1,6,204,197,204
1,Andrés Ibáñez,1,Santa Cruz de La Sierra,2234,Santa Cruz de la Sierra,7020,Col. Humberto Eguez,7026651,8,240,181,0,26,207,181,207
1,Andrés Ibáñez,1,Santa Cruz de La Sierra,2234,Santa Cruz de la Sierra,7020,Col. Humberto Eguez,7026661,9,240,195,1,7,203,195,203
1,Andrés Ibáñez,1,Santa Cruz de La Sierra,2234,Santa Cruz de la Sierra,7020,Col. Humberto Eguez,7026681,11,240,195,2,4,201,195,201
1,Andrés Ibáñez,1,Santa Cruz de La Sierra,2234,Santa Cruz de la Sierra,7020,Col. Humberto Eguez,7026691,12,240,188,0,6,194,188,194
1,Andrés Ibáñez,1,Santa Cruz de La Sierra,2234,Santa Cruz de la Sierra,7020,Col. Humberto Eguez,7026701,13,240,189,3,4,196,189,196
1,Andrés Ibáñez,1,Santa Cruz de La Sierra,2234,Santa Cruz de la Sierra,7020,Col. Humberto Eguez,7026721,15,240,186,0,16,202,186,202
1,Andrés Ibáñez,1,Santa Cruz de La Sierra,2234,Santa Cruz de la Sierra,7020,Col. Humberto Eguez,7026761,19,95,79,0,3,82,79,82
1,Andrés Ibáñez,1,Santa Cruz de La Sierra,2234,Santa Cruz de la Sierra,7021,Col. Alan Farah,7024461,8,240,198,0,16,214,198,214
1,Andrés Ibáñez,1,Santa Cruz de La Sierra,2234,Santa Cruz de la Sierra,7021,Col. Alan Farah,7024471,9,240,203,1,9,213,203,213
1,Andrés Ibáñez,1,Santa Cruz de La Sierra,2234,Santa Cruz de la Sierra,7021,Col. Alan Farah,7024491,11,240,198,1,7,206,198,206
1,Andrés Ibáñez,1,Santa Cruz de La Sierra,2234,Santa Cruz de la Sierra,7021,Col. Alan Farah,7024501,12,240,198,0,7,205,198,205
1,Andrés Ibáñez,1,Santa Cruz de La Sierra,2234,Santa Cruz de la Sierra,7021,Col. Alan Farah,7024511,13,240,188,2,7,197,188,197
1,Andrés Ibáñez,1,Santa Cruz de La Sierra,2234,Santa Cruz de la Sierra,7021,Col. Alan Farah,7024521,14,163,135,1,8,144,135,144
1,Andrés Ibáñez,1,Santa Cruz de La Sierra,2234,Santa Cruz de la Sierra,7022,U.E. Nuevo Horizonte,7020071,1,240,189,1,20,210,189,210
1,Andrés Ibáñez,1,Santa Cruz de La Sierra,2234,Santa Cruz de la Sierra,7022,U.E. Nuevo Horizonte,7020081,2,240,200,1,6,207,200,207
1,Andrés Ibáñez,1,Santa Cruz de La Sierra,2234,Santa Cruz de la Sierra,7022,U.E. Nuevo Horizonte,7020111,5,240,191,1,15,207,191,207
1,Andrés Ibáñez,1,Santa Cruz de La Sierra,2234,Santa Cruz de la Sierra,7022,U.E. Nuevo Horizonte,7020121,6,240,205,2,7,214,205,214
1,Andrés Ibáñez,1,Santa Cruz de La Sierra,2234,Santa Cruz de la Sierra,7022,U.E. Nuevo Horizonte,7020131,7,240,186,2,17,205,186,205
1,Andrés Ibáñez,1,Santa Cruz de La Sierra,2234,Santa Cruz de la Sierra,7022,U.E. Nuevo Horizonte,7020141,8,240,202,0,6,208,202,208
1,Andrés Ibáñez,1,Santa Cruz de La Sierra,2234,Santa Cruz de la Sierra,7022,U.E. Nuevo Horizonte,7020191,13,240,201,0,4,205,201,205
1,Andrés Ibáñez,1,Santa Cruz de La Sierra,2234,Santa Cruz de la Sierra,7022,U.E. Nuevo Horizonte,7020201,14,240,187,0,5,192,187,192
1,Andrés Ibáñez,1,Santa Cruz de La Sierra,2234,Santa Cruz de la Sierra,7022,U.E. Nuevo Horizonte,7020211,15,240,189,2,7,198,189,198
1,Andrés Ibáñez,1,Santa Cruz de La Sierra,2234,Santa Cruz de la Sierra,7022,U.E. Nuevo Horizonte,7020241,18,240,173,0,18,191,173,191
1,Andrés Ibáñez,1,Santa Cruz de La Sierra,2234,Santa Cruz de la Sierra,7023,Col. Central Obrera Departamental,7022911,2,240,199,1,2,202,199,202
1,Andrés Ibáñez,1,Santa Cruz de La Sierra,2234,Santa Cruz de la Sierra,7023,Col. Central Obrera Departamental,7022921,3,240,157,1,39,197,157,197
1,Andrés Ibáñez,1,Santa Cruz de La Sierra,2234,Santa Cruz de la Sierra,7023,Col. Central Obrera Departamental,7022931,4,240,187,0,16,203,187,203
1,Andrés Ibáñez,1,Santa Cruz de La Sierra,2234,Santa Cruz de la Sierra,7023,Col. Central Obrera Departamental,7022941,5,240,194,0,12,206,194,206
1,Andrés Ibáñez,1,Santa Cruz de La Sierra,2234,Santa Cruz de la Sierra,7023,Col. Central Obrera Departamental,7022991,10,240,190,2,7,199,190,199
1,Andrés Ibáñez,1,Santa Cruz de La Sierra,2234,Santa Cruz de la Sierra,7023,Col. Central Obrera Departamental,7023001,11,240,187,0,8,195,187,195
1,Andrés Ibáñez,1,Santa Cruz de La Sierra,2234,Santa Cruz de la Sierra,7023,Col. Central Obrera Departamental,7023011,12,240,192,2,8,202,192,202
1,Andrés Ibáñez,1,Santa Cruz de La Sierra,2234,Santa Cruz de la Sierra,7023,Col. Central Obrera Departamental,7023021,13,240,188,0,5,193,188,193
1,Andrés Ibáñez,1,Santa Cruz de La Sierra,2234,Santa Cruz de la Sierra,7023,Col. Central Obrera Departamental,7023031,14,240,196,0,5,201,196,201
1,Andrés Ibáñez,1,Santa Cruz de La Sierra,2234,Santa Cruz de la Sierra,7023,Col. Central Obrera Departamental,7023101,21,240,178,0,19,197,178,197
1,Andrés Ibáñez,1,Santa Cruz de La Sierra,2234,Santa Cruz de la Sierra,7023,Col. Central Obrera Departamental,7023111,22,240,201,1,7,209,201,209
1,Andrés Ibáñez,1,Santa Cruz de La Sierra,2234,Santa Cruz de la Sierra,7023,Col. Central Obrera Departamental,7023121,23,240,196,1,8,205,196,205
1,Andrés Ibáñez,1,Santa Cruz de La Sierra,2234,Santa Cruz de la Sierra,7023,Col. Central Obrera Departamental,7023131,24,240,197,1,10,208,197,208
1,Andrés Ibáñez,1,Santa Cruz de La Sierra,2234,Santa Cruz de la Sierra,7023,Col. Central Obrera Departamental,7023141,25,240,195,0,16,211,195,211
1,Andrés Ibáñez,1,Santa Cruz de La Sierra,2234,Santa Cruz de la Sierra,7023,Col. Central Obrera Departamental,7023151,26,40,31,0,2,33,31,33
1,Andrés Ibáñez,1,Santa Cruz de La Sierra,2234,Santa Cruz de la Sierra,7024,U. E. El Retoño,7021891,8,240,187,3,9,199,187,199
1,Andrés Ibáñez,1,Santa Cruz de La Sierra,2234,Santa Cruz de la Sierra,7024,U. E. El Retoño,7021911,10,240,196,1,6,203,196,203
1,Andrés Ibáñez,1,Santa Cruz de La Sierra,2234,Santa Cruz de la Sierra,7024,U. E. El Retoño,7021921,11,240,185,1,6,192,185,192
1,Andrés Ibáñez,1,Santa Cruz de La Sierra,2234,Santa Cruz de la Sierra,7024,U. E. El Retoño,7021971,16,240,200,0,9,209,200,209
1,Andrés Ibáñez,1,Santa Cruz de La Sierra,2234,Santa Cruz de la Sierra,7025,U.E. Alfredo Barbery Chavez A,7017881,25,240,207,0,4,211,207,211
1,Andrés Ibáñez,1,Santa Cruz de La Sierra,2234,Santa Cruz de la Sierra,7025,U.E. Alfredo Barbery Chavez A,7017891,26,240,195,0,15,210,195,210
1,Andrés Ibáñez,1,Santa Cruz de La Sierra,2234,Santa Cruz de la Sierra,7025,U.E. Alfredo Barbery Chavez A,7017901,27,240,199,0,3,202,199,202
1,Andrés Ibáñez,1,Santa Cruz de La Sierra,2234,Santa Cruz de la Sierra,7025,U.E. Alfredo Barbery Chavez A,7017911,28,240,176,0,20,196,176,196
1,Andrés Ibáñez,1,Santa Cruz de La Sierra,2234,Santa Cruz de la Sierra,7025,U.E. Alfredo Barbery Chavez A,7017921,29,240,196,0,6,202,196,202
1,Andrés Ibáñez,1,Santa Cruz de La Sierra,2234,Santa Cruz de la Sierra,7025,U.E. Alfredo Barbery Chavez A,7017931,30,123,96,0,3,99,96,99
1,Andrés Ibáñez,1,Santa Cruz de La Sierra,2234,Santa Cruz de la Sierra,7027,U.E. 26 De Septiembre,7020491,1,240,196,0,10,206,196,206
1,Andrés Ibáñez,1,Santa Cruz de La Sierra,2234,Santa Cruz de la Sierra,7027,U.E. 26 De Septiembre,7020501,2,240,195,0,17,212,195,212
1,Andrés Ibáñez,1,Santa Cruz de La Sierra,2234,Santa Cruz de la Sierra,7027,U.E. 26 De Septiembre,7020511,3,240,191,2,5,198,191,198
1,Andrés Ibáñez,1,Santa Cruz de La Sierra,2234,Santa Cruz de la Sierra,7027,U.E. 26 De Septiembre,7020521,4,240,181,1,11,193,181,193
1,Andrés Ibáñez,1,Santa Cruz de La Sierra,2234,Santa Cruz de la Sierra,7027,U.E. 26 De Septiembre,7020531,5,240,195,1,4,200,195,200
1,Andrés Ibáñez,1,Santa Cruz de La Sierra,2234,Santa Cruz de la Sierra,7027,U.E. 26 De Septiembre,7020541,6,240,188,2,7,197,188,197
1,Andrés Ibáñez,1,Santa Cruz de La Sierra,2234,Santa Cruz de la Sierra,7027,U.E. 26 De Septiembre,7020551,7,240,194,2,9,205,194,205
1,Andrés Ibáñez,1,Santa Cruz de La Sierra,2234,Santa Cruz de la Sierra,7027,U.E. 26 De Septiembre,7020561,8,240,182,2,17,201,182,201
1,Andrés Ibáñez,1,Santa Cruz de La Sierra,2234,Santa Cruz de la Sierra,7027,U.E. 26 De Septiembre,7020571,9,240,190,0,10,200,190,200
1,Andrés Ibáñez,1,Santa Cruz de La Sierra,2234,Santa Cruz de la Sierra,7027,U.E. 26 De Septiembre,7020581,10,240,194,1,14,209,194,209
1,Andrés Ibáñez,1,Santa Cruz de La Sierra,2234,Santa Cruz de la Sierra,7027,U.E. 26 De Septiembre,7020591,11,240,194,1,6,201,194,201
1,Andrés Ibáñez,1,Santa Cruz de La Sierra,2234,Santa Cruz de la Sierra,7027,U.E. 26 De Septiembre,7020601,12,240,167,2,13,182,167,182
1,Andrés Ibáñez,1,Santa Cruz de La Sierra,2234,Santa Cruz de la Sierra,7027,U.E. 26 De Septiembre,7020611,13,240,189,1,5,195,189,195
1,Andrés Ibáñez,1,Santa Cruz de La Sierra,2234,Santa Cruz de la Sierra,7027,U.E. 26 De Septiembre,7020621,14,240,206,0,5,211,206,211
1,Andrés Ibáñez,1,Santa Cruz de La Sierra,2234,Santa Cruz de la Sierra,7027,U.E. 26 De Septiembre,7020631,15,240,190,1,17,208,190,208
1,Andrés Ibáñez,1,Santa Cruz de La Sierra,2234,Santa Cruz de la Sierra,7027,U.E. 26 De Septiembre,7020641,16,240,189,1,5,195,189,195
1,Andrés Ibáñez,1,Santa Cruz de La Sierra,2234,Santa Cruz de la Sierra,7027,U.E. 26 De Septiembre,7020651,17,240,195,0,6,201,195,201
1,Andrés Ibáñez,1,Santa Cruz de La Sierra,2234,Santa Cruz de la Sierra,7027,U.E. 26 De Septiembre,7020681,20,240,186,0,5,191,186,191
1,Andrés Ibáñez,1,Santa Cruz de La Sierra,2234,Santa Cruz de la Sierra,7027,U.E. 26 De Septiembre,7020701,22,240,195,3,8,206,195,206
1,Andrés Ibáñez,1,Santa Cruz de La Sierra,2234,Santa Cruz de la Sierra,8000,U.E. Delcy Martinez,7042681,1,240,198,1,13,212,198,212
1,Andrés Ibáñez,1,Santa Cruz de La Sierra,2234,Santa Cruz de la Sierra,8000,U.E. Delcy Martinez,7042691,2,240,201,1,4,206,201,206
1,Andrés Ibáñez,1,Santa Cruz de La Sierra,2234,Santa Cruz de la Sierra,8000,U.E. Delcy Martinez,7042701,3,240,181,2,20,203,181,203
1,Andrés Ibáñez,1,Santa Cruz de La Sierra,2234,Santa Cruz de la Sierra,8000,U.E. Delcy Martinez,7042711,4,240,186,1,14,201,186,201
1,Andrés Ibáñez,1,Santa Cruz de La Sierra,2234,Santa Cruz de la Sierra,8000,U.E. Delcy Martinez,7042721,5,240,198,1,8,207,198,207
1,Andrés Ibáñez,1,Santa Cruz de La Sierra,2234,Santa Cruz de la Sierra,8000,U.E. Delcy Martinez,7042731,6,240,193,0,7,200,193,200
1,Andrés Ibáñez,1,Santa Cruz de La Sierra,2234,Santa Cruz de la Sierra,8000,U.E. Delcy Martinez,7042741,7,178,139,0,6,145,139,145
1,Andrés Ibáñez,1,Santa Cruz de La Sierra,2234,Santa Cruz de la Sierra,8001,Col. Esc. Roca Coronado,7042591,1,240,187,0,21,208,187,208
1,Andrés Ibáñez,1,Santa Cruz de La Sierra,2234,Santa Cruz de la Sierra,8001,Col. Esc. Roca Coronado,7042601,2,240,206,1,9,216,206,216
1,Andrés Ibáñez,1,Santa Cruz de La Sierra,2234,Santa Cruz de la Sierra,8001,Col. Esc. Roca Coronado,7042611,3,240,200,2,11,213,200,213
1,Andrés Ibáñez,1,Santa Cruz de La Sierra,2234,Santa Cruz de la Sierra,8001,Col. Esc. Roca Coronado,7042621,4,240,204,1,9,214,204,214
1,Andrés Ibáñez,1,Santa Cruz de La Sierra,2234,Santa Cruz de la Sierra,8001,Col. Esc. Roca Coronado,7042641,6,240,200,0,13,213,200,213
1,Andrés Ibáñez,1,Santa Cruz de La Sierra,2234,Santa Cruz de la Sierra,8001,Col. Esc. Roca Coronado,7042661,8,240,201,1,8,210,201,210
1,Andrés Ibáñez,1,Santa Cruz de La Sierra,2234,Santa Cruz de la Sierra,8002,Colegio Martin Sapp,7033301,3,240,199,0,6,205,199,205
1,Andrés Ibáñez,1,Santa Cruz de La Sierra,2234,Santa Cruz de la Sierra,8002,Colegio Martin Sapp,7033321,5,240,194,1,11,206,194,206
1,Andrés Ibáñez,1,Santa Cruz de La Sierra,2234,Santa Cruz de la Sierra,8002,Colegio Martin Sapp,7033351,8,240,204,0,6,210,204,210
1,Andrés Ibáñez,1,Santa Cruz de La Sierra,2234,Santa Cruz de la Sierra,8003,Col. Rodolfo Joem,7036441,1,240,207,1,4,212,207,212
1,Andrés Ibáñez,1,Santa Cruz de La Sierra,2234,Santa Cruz de la Sierra,8003,Col. Rodolfo Joem,7036451,2,240,201,1,4,206,201,206
1,Andrés Ibáñez,1,Santa Cruz de La Sierra,2234,Santa Cruz de la Sierra,8003,Col. Rodolfo Joem,7036461,3,240,203,1,5,209,203,209
1,Andrés Ibáñez,1,Santa Cruz de La Sierra,2234,Santa Cruz de la Sierra,8003,Col. Rodolfo Joem,7036471,4,240,196,0,11,207,196,207
1,Andrés Ibáñez,1,Santa Cruz de La Sierra,2234,Santa Cruz de la Sierra,8003,Col. Rodolfo Joem,7036481,5,240,198,1,12,211,198,211
1,Andrés Ibáñez,1,Santa Cruz de La Sierra,2234,Santa Cruz de la Sierra,8003,Col. Rodolfo Joem,7036491,6,240,178,0,15,193,178,193
1,Andrés Ibáñez,1,Santa Cruz de La Sierra,2234,Santa Cruz de la Sierra,8003,Col. Rodolfo Joem,7036501,7,240,185,1,14,200,185,200
1,Andrés Ibáñez,1,Santa Cruz de La Sierra,2234,Santa Cruz de la Sierra,8003,Col. Rodolfo Joem,7036511,8,240,203,2,5,210,203,210
1,Andrés Ibáñez,1,Santa Cruz de La Sierra,2234,Santa Cruz de la Sierra,8003,Col. Rodolfo Joem,7036521,9,240,189,3,9,201,189,201
1,Andrés Ibáñez,1,Santa Cruz de La Sierra,2234,Santa Cruz de la Sierra,8003,Col. Rodolfo Joem,7036541,11,240,197,0,7,204,197,204
1,Andrés Ibáñez,1,Santa Cruz de La Sierra,2234,Santa Cruz de la Sierra,8003,Col. Rodolfo Joem,7036561,13,240,199,2,5,206,199,206
1,Andrés Ibáñez,1,Santa Cruz de La Sierra,2234,Santa Cruz de la Sierra,8003,Col. Rodolfo Joem,7036571,14,240,192,0,6,198,192,198
1,Andrés Ibáñez,1,Santa Cruz de La Sierra,2234,Santa Cruz de la Sierra,8003,Col. Rodolfo Joem,7036581,15,102,80,0,1,81,80,81
1,Andrés Ibáñez,1,Santa Cruz de La Sierra,2234,Santa Cruz de la Sierra,8004,Col. Cañada Pailitas,7028271,3,240,187,2,9,198,187,198
1,Andrés Ibáñez,1,Santa Cruz de La Sierra,2234,Santa Cruz de la Sierra,8004,Col. Cañada Pailitas,7028281,4,240,171,0,30,201,171,201
1,Andrés Ibáñez,1,Santa Cruz de La Sierra,2234,Santa Cruz de la Sierra,8004,Col. Cañada Pailitas,7028311,7,240,196,0,9,205,196,205
1,Andrés Ibáñez,1,Santa Cruz de La Sierra,2234,Santa Cruz de la Sierra,8004,Col. Cañada Pailitas,7028331,9,240,180,0,12,192,180,192
1,Andrés Ibáñez,1,Santa Cruz de La Sierra,2234,Santa Cruz de la Sierra,8004,Col. Cañada Pailitas,7028351,11,240,201,0,14,215,201,215
1,Andrés Ibáñez,1,Santa Cruz de La Sierra,2234,Santa Cruz de la Sierra,8004,Col. Cañada Pailitas,7028361,12,186,135,1,9,145,135,145
1,Andrés Ibáñez,1,Santa Cruz de La Sierra,2234,Santa Cruz de la Sierra,8005,Col. Buenas Nuevas,7030031,1,240,189,1,9,199,189,199
1,Andrés Ibáñez,1,Santa Cruz de La Sierra,2234,Santa Cruz de la Sierra,8005,Col. Buenas Nuevas,7030061,4,240,191,1,7,199,191,199
1,Andrés Ibáñez,1,Santa Cruz de La Sierra,2234,Santa Cruz de la Sierra,8005,Col. Buenas Nuevas,7030071,5,240,201,0,19,220,201,220
1,Andrés Ibáñez,1,Santa Cruz de La Sierra,2234,Santa Cruz de la Sierra,8005,Col. Buenas Nuevas,7030081,6,240,211,0,7,218,211,218
1,Andrés Ibáñez,1,Santa Cruz de La Sierra,2234,Santa Cruz de la Sierra,8005,Col. Buenas Nuevas,7030091,7,240,189,1,16,206,189,206
1,Andrés Ibáñez,1,Santa Cruz de La Sierra,2234,Santa Cruz de la Sierra,8005,Col. Buenas Nuevas,7030111,9,240,197,1,6,204,197,204
1,Andrés Ibáñez,1,Santa Cruz de La Sierra,2234,Santa Cruz de la Sierra,8005,Col. Buenas Nuevas,7030131,11,240,204,1,4,209,204,209
1,Andrés Ibáñez,1,Santa Cruz de La Sierra,2234,Santa Cruz de la Sierra,8005,Col. Buenas Nuevas,7030151,13,240,197,0,10,207,197,207
1,Andrés Ibáñez,1,Santa Cruz de La Sierra,2234,Santa Cruz de la Sierra,8005,Col. Buenas Nuevas,7030161,14,240,189,2,11,202,189,202
1,Andrés Ibáñez,1,Santa Cruz de La Sierra,2234,Santa Cruz de la Sierra,8005,Col. Buenas Nuevas,7030171,15,240,183,3,15,201,183,201
1,Andrés Ibáñez,1,Santa Cruz de La Sierra,2234,Santa Cruz de la Sierra,8005,Col. Buenas Nuevas,7030181,16,240,192,0,15,207,192,207
1,Andrés Ibáñez,1,Santa Cruz de La Sierra,2234,Santa Cruz de la Sierra,8005,Col. Buenas Nuevas,7030191,17,240,183,1,14,198,183,198
1,Andrés Ibáñez,1,Santa Cruz de La Sierra,2234,Santa Cruz de la Sierra,8005,Col. Buenas Nuevas,7030201,18,240,199,0,11,210,199,210
1,Andrés Ibáñez,1,Santa Cruz de La Sierra,2234,Santa Cruz de la Sierra,8005,Col. Buenas Nuevas,7030211,19,240,195,1,6,202,195,202
1,Andrés Ibáñez,1,Santa Cruz de La Sierra,2234,Santa Cruz de la Sierra,8005,Col. Buenas Nuevas,7030241,22,240,195,4,10,209,195,209
1,Andrés Ibáñez,1,Santa Cruz de La Sierra,2234,Santa Cruz de la Sierra,8005,Col. Buenas Nuevas,7030261,24,240,176,1,19,196,176,196
1,Andrés Ibáñez,1,Santa Cruz de La Sierra,2234,Santa Cruz de la Sierra,8005,Col. Buenas Nuevas,7030271,25,240,197,0,7,204,197,204
1,Andrés Ibáñez,1,Santa Cruz de La Sierra,2234,Santa Cruz de la Sierra,8005,Col. Buenas Nuevas,7030281,26,240,191,1,7,199,191,199
1,Andrés Ibáñez,1,Santa Cruz de La Sierra,2234,Santa Cruz de la Sierra,8005,Col. Buenas Nuevas,7030301,28,240,211,0,5,216,211,216
1,Andrés Ibáñez,1,Santa Cruz de La Sierra,2234,Santa Cruz de la Sierra,8005,Col. Buenas Nuevas,7030311,29,240,187,2,22,211,187,211
1,Andrés Ibáñez,1,Santa Cruz de La Sierra,2234,Santa Cruz de la Sierra,8005,Col. Buenas Nuevas,7030321,30,240,199,0,12,211,199,211
1,Andrés Ibáñez,1,Santa Cruz de La Sierra,2234,Santa Cruz de la Sierra,8006,Col. 12 de Diciembre,7029081,5,240,190,1,7,198,190,198
1,Andrés Ibáñez,1,Santa Cruz de La Sierra,2234,Santa Cruz de la Sierra,8006,Col. 12 de Diciembre,7029121,9,240,182,0,10,192,182,192
1,Andrés Ibáñez,1,Santa Cruz de La Sierra,2234,Santa Cruz de la Sierra,8006,Col. 12 de Diciembre,7029131,10,240,190,1,11,202,190,202
1,Andrés Ibáñez,1,Santa Cruz de La Sierra,2234,Santa Cruz de la Sierra,8006,Col. 12 de Diciembre,7029141,11,240,196,0,7,203,196,203
1,Andrés Ibáñez,1,Santa Cruz de La Sierra,2234,Santa Cruz de la Sierra,8006,Col. 12 de Diciembre,7029151,12,240,187,1,13,201,187,201
1,Andrés Ibáñez,1,Santa Cruz de La Sierra,2234,Santa Cruz de la Sierra,8006,Col. 12 de Diciembre,7029181,15,240,182,2,13,197,182,197
1,Andrés Ibáñez,1,Santa Cruz de La Sierra,2234,Santa Cruz de la Sierra,8006,Col. 12 de Diciembre,7029201,17,240,182,0,10,192,182,192
1,Andrés Ibáñez,1,Santa Cruz de La Sierra,2234,Santa Cruz de la Sierra,8006,Col. 12 de Diciembre,7029211,18,240,179,3,14,196,179,196
1,Andrés Ibáñez,1,Santa Cruz de La Sierra,2234,Santa Cruz de la Sierra,8006,Col. 12 de Diciembre,7029221,19,240,199,0,6,205,199,205
1,Andrés Ibáñez,1,Santa Cruz de La Sierra,2234,Santa Cruz de la Sierra,8006,Col. 12 de Diciembre,7029231,20,240,193,0,10,203,193,203
1,Andrés Ibáñez,1,Santa Cruz de La Sierra,2234,Santa Cruz de la Sierra,8006,Col. 12 de Diciembre,7029241,21,240,181,1,9,191,181,191
1,Andrés Ibáñez,1,Santa Cruz de La Sierra,2234,Santa Cruz de la Sierra,8006,Col. 12 de Diciembre,7029261,23,240,198,35,7,240,198,240
1,Andrés Ibáñez,1,Santa Cruz de La Sierra,2234,Santa Cruz de la Sierra,8006,Col. 12 de Diciembre,7029281,25,240,198,0,2,200,198,200
1,Andrés Ibáñez,1,Santa Cruz de La Sierra,2234,Santa Cruz de la Sierra,8006,Col. 12 de Diciembre,7029291,26,240,194,0,12,206,194,206
1,Andrés Ibáñez,1,Santa Cruz de La Sierra,2234,Santa Cruz de la Sierra,8006,Col. 12 de Diciembre,7029301,27,240,194,0,8,202,194,202
1,Andrés Ibáñez,1,Santa Cruz de La Sierra,2234,Santa Cruz de la Sierra,8006,Col. 12 de Diciembre,7029311,28,240,193,1,8,202,193,202
1,Andrés Ibáñez,1,Santa Cruz de La Sierra,2234,Santa Cruz de la Sierra,8006,Col. 12 de Diciembre,7029321,29,240,200,0,10,210,200,210
1,Andrés Ibáñez,1,Santa Cruz de La Sierra,2234,Santa Cruz de la Sierra,8006,Col. 12 de Diciembre,7029331,30,240,189,2,11,202,189,202
1,Andrés Ibáñez,1,Santa Cruz de La Sierra,2234,Santa Cruz de la Sierra,8006,Col. 12 de Diciembre,7029341,31,79,66,0,4,70,66,70
1,Andrés Ibáñez,1,Santa Cruz de La Sierra,2234,Santa Cruz de la Sierra,8007,U.E. 25 de Diciembre,7028421,6,240,207,1,3,211,207,211
1,Andrés Ibáñez,1,Santa Cruz de La Sierra,2234,Santa Cruz de la Sierra,8007,U.E. 25 de Diciembre,7028431,7,240,204,3,5,212,204,212
1,Andrés Ibáñez,1,Santa Cruz de La Sierra,2234,Santa Cruz de la Sierra,8007,U.E. 25 de Diciembre,7028441,8,240,186,2,13,201,186,201
1,Andrés Ibáñez,1,Santa Cruz de La Sierra,2234,Santa Cruz de la Sierra,8007,U.E. 25 de Diciembre,7028461,10,259,209,1,15,225,209,225
1,Andrés Ibáñez,1,Santa Cruz de La Sierra,2234,Santa Cruz de la Sierra,8008,Colegio Simon Bolivar,7028541,2,240,196,0,11,207,196,207
1,Andrés Ibáñez,1,Santa Cruz de La Sierra,2234,Santa Cruz de la Sierra,8008,Colegio Simon Bolivar,7028551,3,240,205,1,5,211,205,211
1,Andrés Ibáñez,1,Santa Cruz de La Sierra,2234,Santa Cruz de la Sierra,8008,Colegio Simon Bolivar,7028571,5,240,180,2,29,211,180,211
1,Andrés Ibáñez,1,Santa Cruz de La Sierra,2234,Santa Cruz de la Sierra,8008,Colegio Simon Bolivar,7028621,10,240,194,0,9,203,194,203
1,Andrés Ibáñez,1,Santa Cruz de La Sierra,2234,Santa Cruz de la Sierra,8008,Colegio Simon Bolivar,7028631,11,240,204,1,13,218,204,218
1,Andrés Ibáñez,1,Santa Cruz de La Sierra,2234,Santa Cruz de la Sierra,8008,Colegio Simon Bolivar,7028641,12,240,196,0,10,206,196,206
1,Andrés Ibáñez,1,Santa Cruz de La Sierra,2234,Santa Cruz de la Sierra,8008,Colegio Simon Bolivar,7028661,14,240,193,1,10,204,193,204
1,Andrés Ibáñez,1,Santa Cruz de La Sierra,2234,Santa Cruz de la Sierra,8008,Colegio Simon Bolivar,7028671,15,240,193,1,8,202,193,202
1,Andrés Ibáñez,1,Santa Cruz de La Sierra,2234,Santa Cruz de la Sierra,8009,Col. M. Nelly Vda. De Bertero,7028161,1,240,193,2,10,205,193,205
1,Andrés Ibáñez,1,Santa Cruz de La Sierra,2234,Santa Cruz de la Sierra,8009,Col. M. Nelly Vda. De Bertero,7028181,3,240,184,4,13,201,184,201
1,Andrés Ibáñez,1,Santa Cruz de La Sierra,2234,Santa Cruz de la Sierra,8009,Col. M. Nelly Vda. De Bertero,7028201,5,240,188,1,1,190,188,190
1,Andrés Ibáñez,1,Santa Cruz de La Sierra,2234,Santa Cruz de la Sierra,8009,Col. M. Nelly Vda. De Bertero,7028221,7,240,192,0,7,199,192,199
1,Andrés Ibáñez,1,Santa Cruz de La Sierra,2234,Santa Cruz de la Sierra,8010,Colegio Villa Gladys Theveneth,7028761,2,240,186,0,13,199,186,199
1,Andrés Ibáñez,1,Santa Cruz de La Sierra,2234,Santa Cruz de la Sierra,8010,Colegio Villa Gladys Theveneth,7028771,3,240,191,3,16,210,191,210
1,Andrés Ibáñez,1,Santa Cruz de La Sierra,2234,Santa Cruz de la Sierra,8010,Colegio Villa Gladys Theveneth,7028781,4,240,200,4,4,208,200,208
1,Andrés Ibáñez,1,Santa Cruz de La Sierra,2234,Santa Cruz de la Sierra,8010,Colegio Villa Gladys Theveneth,7028791,5,240,182,2,20,204,182,204
1,Andrés Ibáñez,1,Santa Cruz de La Sierra,2234,Santa Cruz de la Sierra,8010,Colegio Villa Gladys Theveneth,7028801,6,240,192,2,12,206,192,206
1,Andrés Ibáñez,1,Santa Cruz de La Sierra,2234,Santa Cruz de la Sierra,8010,Colegio Villa Gladys Theveneth,7028811,7,240,184,3,22,209,184,209
1,Andrés Ibáñez,1,Santa Cruz de La Sierra,2234,Santa Cruz de la Sierra,8010,Colegio Villa Gladys Theveneth,7028821,8,240,192,1,13,206,192,206
1,Andrés Ibáñez,1,Santa Cruz de La Sierra,2234,Santa Cruz de la Sierra,8010,Colegio Villa Gladys Theveneth,7028831,9,240,191,2,11,204,191,204
1,Andrés Ibáñez,1,Santa Cruz de La Sierra,2234,Santa Cruz de la Sierra,8010,Colegio Villa Gladys Theveneth,7028841,10,240,182,2,19,203,182,203
1,Andrés Ibáñez,1,Santa Cruz de La Sierra,2234,Santa Cruz de la Sierra,8010,Colegio Villa Gladys Theveneth,7028851,11,240,189,2,12,203,189,203
1,Andrés Ibáñez,1,Santa Cruz de La Sierra,2234,Santa Cruz de la Sierra,8010,Colegio Villa Gladys Theveneth,7028861,12,240,189,3,20,212,189,212
1,Andrés Ibáñez,1,Santa Cruz de La Sierra,2234,Santa Cruz de la Sierra,8010,Colegio Villa Gladys Theveneth,7028871,13,240,193,2,15,210,193,210
1,Andrés Ibáñez,1,Santa Cruz de La Sierra,2234,Santa Cruz de la Sierra,8010,Colegio Villa Gladys Theveneth,7028881,14,240,191,0,6,197,191,197
1,Andrés Ibáñez,1,Santa Cruz de La Sierra,2234,Santa Cruz de la Sierra,8010,Colegio Villa Gladys Theveneth,7028891,15,240,184,1,17,202,184,202
1,Andrés Ibáñez,1,Santa Cruz de La Sierra,2234,Santa Cruz de la Sierra,8010,Colegio Villa Gladys Theveneth,7028901,16,240,191,1,17,209,191,209
1,Andrés Ibáñez,1,Santa Cruz de La Sierra,2234,Santa Cruz de la Sierra,8010,Colegio Villa Gladys Theveneth,7028911,17,240,184,0,20,204,184,204
1,Andrés Ibáñez,1,Santa Cruz de La Sierra,2234,Santa Cruz de la Sierra,8010,Colegio Villa Gladys Theveneth,7028921,18,240,187,2,14,203,187,203
1,Andrés Ibáñez,1,Santa Cruz de La Sierra,2234,Santa Cruz de la Sierra,8010,Colegio Villa Gladys Theveneth,7028941,20,240,195,1,15,211,195,211
1,Andrés Ibáñez,1,Santa Cruz de La Sierra,2234,Santa Cruz de la Sierra,8010,Colegio Villa Gladys Theveneth,7028951,21,240,196,3,5,204,196,204
1,Andrés Ibáñez,1,Santa Cruz de La Sierra,2234,Santa Cruz de la Sierra,8010,Colegio Villa Gladys Theveneth,7028961,22,247,183,0,25,208,183,208
1,Andrés Ibáñez,1,Santa Cruz de La Sierra,2234,Santa Cruz de la Sierra,8011,Col. Fe y Alegria Nueva America,7029711,3,240,197,2,3,202,197,202
1,Andrés Ibáñez,1,Santa Cruz de La Sierra,2234,Santa Cruz de la Sierra,8011,Col. Fe y Alegria Nueva America,7029741,6,240,190,2,12,204,190,204
1,Andrés Ibáñez,1,Santa Cruz de La Sierra,2234,Santa Cruz de la Sierra,8011,Col. Fe y Alegria Nueva America,7029761,8,240,192,5,9,206,192,206
1,Andrés Ibáñez,1,Santa Cruz de La Sierra,2234,Santa Cruz de la Sierra,8011,Col. Fe y Alegria Nueva America,7029771,9,240,192,1,18,211,192,211
1,Andrés Ibáñez,1,Santa Cruz de La Sierra,2234,Santa Cruz de la Sierra,8011,Col. Fe y Alegria Nueva America,7029781,10,240,180,3,22,205,180,205
1,Andrés Ibáñez,1,Santa Cruz de La Sierra,2234,Santa Cruz de la Sierra,8011,Col. Fe y Alegria Nueva America,7029791,11,240,200,2,5,207,200,207
1,Andrés Ibáñez,1,Santa Cruz de La Sierra,2234,Santa Cruz de la Sierra,8011,Col. Fe y Alegria Nueva America,7029801,12,240,193,3,15,211,193,211
1,Andrés Ibáñez,1,Santa Cruz de La Sierra,2234,Santa Cruz de la Sierra,8011,Col. Fe y Alegria Nueva America,7029811,13,240,195,1,11,207,195,207
1,Andrés Ibáñez,1,Santa Cruz de La Sierra,2234,Santa Cruz de la Sierra,8011,Col. Fe y Alegria Nueva America,7029821,14,240,180,0,11,191,180,191
1,Andrés Ibáñez,1,Santa Cruz de La Sierra,2234,Santa Cruz de la Sierra,8011,Col. Fe y Alegria Nueva America,7029831,15,240,186,2,8,196,186,196
1,Andrés Ibáñez,1,Santa Cruz de La Sierra,2234,Santa Cruz de la Sierra,8011,Col. Fe y Alegria Nueva America,7029841,16,240,195,1,8,204,195,204
1,Andrés Ibáñez,1,Santa Cruz de La Sierra,2234,Santa Cruz de la Sierra,8012,Col. Maria Teresa Pulido,7030861,9,240,187,0,17,204,187,204
1,Andrés Ibáñez,1,Santa Cruz de La Sierra,2234,Santa Cruz de la Sierra,8012,Col. Maria Teresa Pulido,7030871,10,240,185,0,10,195,185,195
1,Andrés Ibáñez,1,Santa Cruz de La Sierra,2234,Santa Cruz de la Sierra,8012,Col. Maria Teresa Pulido,7030881,11,240,204,2,7,213,204,213
1,Andrés Ibáñez,1,Santa Cruz de La Sierra,2234,Santa Cruz de la Sierra,8012,Col. Maria Teresa Pulido,7030891,12,240,186,1,13,200,186,200
1,Andrés Ibáñez,1,Santa Cruz de La Sierra,2234,Santa Cruz de la Sierra,8012,Col. Maria Teresa Pulido,7030901,13,240,194,1,13,208,194,208
1,Andrés Ibáñez,1,Santa Cruz de La Sierra,2234,Santa Cruz de la Sierra,8012,Col. Maria Teresa Pulido,7030911,14,240,206,2,4,212,206,212
1,Andrés Ibáñez,1,Santa Cruz de La Sierra,2234,Santa Cruz de la Sierra,8012,Col. Maria Teresa Pulido,7030921,15,240,192,2,14,208,192,208
1,Andrés Ibáñez,1,Santa Cruz de La Sierra,2234,Santa Cruz de la Sierra,8012,Col. Maria Teresa Pulido,7030931,16,240,199,1,9,209,199,209
1,Andrés Ibáñez,1,Santa Cruz de La Sierra,2234,Santa Cruz de la Sierra,8012,Col. Maria Teresa Pulido,7030941,17,240,208,1,3,212,208,212
1,Andrés Ibáñez,1,Santa Cruz de La Sierra,2234,Santa Cruz de la Sierra,8012,Col. Maria Teresa Pulido,7030951,18,240,195,1,10,206,195,206
1,Andrés Ibáñez,1,Santa Cruz de La Sierra,2234,Santa Cruz de la Sierra,8012,Col. Maria Teresa Pulido,7030961,19,240,181,0,12,193,181,193
1,Andrés Ibáñez,1,Santa Cruz de La Sierra,2234,Santa Cruz de la Sierra,8012,Col. Maria Teresa Pulido,7030971,20,240,199,0,13,212,199,212
1,Andrés Ibáñez,1,Santa Cruz de La Sierra,2234,Santa Cruz de la Sierra,8012,Col. Maria Teresa Pulido,7030981,21,240,186,2,11,199,186,199
1,Andrés Ibáñez,1,Santa Cruz de La Sierra,2234,Santa Cruz de la Sierra,8012,Col. Maria Teresa Pulido,7030991,22,223,177,0,14,191,177,191
1,Andrés Ibáñez,1,Santa Cruz de La Sierra,2234,Santa Cruz de la Sierra,8015,Col. Centro Interno Bol. Aleman,7029351,1,240,196,4,13,213,196,213
1,Andrés Ibáñez,1,Santa Cruz de La Sierra,2234,Santa Cruz de la Sierra,8015,Col. Centro Interno Bol. Aleman,7029361,2,240,187,1,16,204,187,204
1,Andrés Ibáñez,1,Santa Cruz de La Sierra,2234,Santa Cruz de la Sierra,8015,Col. Centro Interno Bol. Aleman,7029371,3,240,188,2,15,205,188,205
1,Andrés Ibáñez,1,Santa Cruz de La Sierra,2234,Santa Cruz de la Sierra,8015,Col. Centro Interno Bol. Aleman,7029381,4,240,201,3,9,213,201,213
1,Andrés Ibáñez,1,Santa Cruz de La Sierra,2234,Santa Cruz de la Sierra,8015,Col. Centro Interno Bol. Aleman,7029391,5,240,191,2,15,208,191,208
1,Andrés Ibáñez,1,Santa Cruz de La Sierra,2234,Santa Cruz de la Sierra,8015,Col. Centro Interno Bol. Aleman,7029401,6,240,198,0,13,211,198,211
1,Andrés Ibáñez,1,Santa Cruz de La Sierra,2234,Santa Cruz de la Sierra,8015,Col. Centro Interno Bol. Aleman,7029411,7,240,189,1,18,208,189,208
1,Andrés Ibáñez,1,Santa Cruz de La Sierra,2234,Santa Cruz de la Sierra,8015,Col. Centro Interno Bol. Aleman,7029421,8,240,191,2,11,204,191,204
1,Andrés Ibáñez,1,Santa Cruz de La Sierra,2234,Santa Cruz de la Sierra,8015,Col. Centro Interno Bol. Aleman,7029431,9,240,191,1,10,202,191,202
1,Andrés Ibáñez,1,Santa Cruz de La Sierra,2234,Santa Cruz de la Sierra,8015,Col. Centro Interno Bol. Aleman,7029441,10,240,195,1,7,203,195,203
1,Andrés Ibáñez,1,Santa Cruz de La Sierra,2234,Santa Cruz de la Sierra,8015,Col. Centro Interno Bol. Aleman,7029451,11,240,198,2,10,210,198,210
1,Andrés Ibáñez,1,Santa Cruz de La Sierra,2234,Santa Cruz de la Sierra,8015,Col. Centro Interno Bol. Aleman,7029461,12,240,185,1,23,209,185,209
1,Andrés Ibáñez,1,Santa Cruz de La Sierra,2234,Santa Cruz de la Sierra,8015,Col. Centro Interno Bol. Aleman,7029471,13,240,204,0,11,215,204,215
1,Andrés Ibáñez,1,Santa Cruz de La Sierra,2234,Santa Cruz de la Sierra,8015,Col. Centro Interno Bol. Aleman,7029491,15,240,188,1,9,198,188,198
1,Andrés Ibáñez,1,Santa Cruz de La Sierra,2234,Santa Cruz de la Sierra,8015,Col. Centro Interno Bol. Aleman,7029521,18,240,202,2,7,211,202,211
1,Andrés Ibáñez,1,Santa Cruz de La Sierra,2234,Santa Cruz de la Sierra,8015,Col. Centro Interno Bol. Aleman,7029531,19,240,189,2,17,208,189,208
1,Andrés Ibáñez,1,Santa Cruz de La Sierra,2234,Santa Cruz de la Sierra,8015,Col. Centro Interno Bol. Aleman,7029541,20,240,190,0,13,203,190,203
1,Andrés Ibáñez,1,Santa Cruz de La Sierra,2234,Santa Cruz de la Sierra,8015,Col. Centro Interno Bol. Aleman,7029561,22,69,55,0,5,60,55,60
1,Andrés Ibáñez,1,Santa Cruz de La Sierra,2234,Santa Cruz de la Sierra,8016,Col. Esc. Virgen De Urkupina,7031141,3,240,182,1,17,200,182,200
1,Andrés Ibáñez,1,Santa Cruz de La Sierra,2234,Santa Cruz de la Sierra,8016,Col. Esc. Virgen De Urkupina,7031181,7,240,193,5,16,214,193,214
1,Andrés Ibáñez,1,Santa Cruz de La Sierra,2234,Santa Cruz de la Sierra,8016,Col. Esc. Virgen De Urkupina,7031191,8,240,191,2,29,222,191,222
1,Andrés Ibáñez,1,Santa Cruz de La Sierra,2234,Santa Cruz de la Sierra,8016,Col. Esc. Virgen De Urkupina,7031201,9,240,181,1,23,205,181,205
1,Andrés Ibáñez,1,Santa Cruz de La Sierra,2234,Santa Cruz de la Sierra,8016,Col. Esc. Virgen De Urkupina,7031211,10,240,194,3,20,217,194,217
1,Andrés Ibáñez,1,Santa Cruz de La Sierra,2234,Santa Cruz de la Sierra,8016,Col. Esc. Virgen De Urkupina,7031221,11,240,196,2,9,207,196,207
1,Andrés Ibáñez,1,Santa Cruz de La Sierra,2234,Santa Cruz de la Sierra,8016,Col. Esc. Virgen De Urkupina,7031231,12,240,197,1,15,213,197,213
1,Andrés Ibáñez,1,Santa Cruz de La Sierra,2234,Santa Cruz de la Sierra,8016,Col. Esc. Virgen De Urkupina,7031241,13,240,196,0,9,205,196,205
1,Andrés Ibáñez,1,Santa Cruz de La Sierra,2234,Santa Cruz de la Sierra,8016,Col. Esc. Virgen De Urkupina,7031251,14,240,191,2,15,208,191,208
1,Andrés Ibáñez,1,Santa Cruz de La Sierra,2234,Santa Cruz de la Sierra,8016,Col. Esc. Virgen De Urkupina,7031261,15,240,192,2,14,208,192,208
1,Andrés Ibáñez,1,Santa Cruz de La Sierra,2234,Santa Cruz de la Sierra,8016,Col. Esc. Virgen De Urkupina,7031271,16,240,182,2,20,204,182,204
1,Andrés Ibáñez,1,Santa Cruz de La Sierra,2234,Santa Cruz de la Sierra,8016,Col. Esc. Virgen De Urkupina,7031281,17,240,167,0,46,213,167,213
1,Andrés Ibáñez,1,Santa Cruz de La Sierra,2234,Santa Cruz de la Sierra,8016,Col. Esc. Virgen De Urkupina,7031291,18,240,202,0,17,219,202,219
1,Andrés Ibáñez,1,Santa Cruz de La Sierra,2234,Santa Cruz de la Sierra,8016,Col. Esc. Virgen De Urkupina,7031301,19,240,198,1,15,214,198,214
1,Andrés Ibáñez,1,Santa Cruz de La Sierra,2234,Santa Cruz de la Sierra,8016,Col. Esc. Virgen De Urkupina,7031311,20,240,190,0,19,209,190,209
1,Andrés Ibáñez,1,Santa Cruz de La Sierra,2234,Santa Cruz de la Sierra,8016,Col. Esc. Virgen De Urkupina,7031321,21,240,199,1,11,211,199,211
1,Andrés Ibáñez,1,Santa Cruz de La Sierra,2234,Santa Cruz de la Sierra,8016,Col. Esc. Virgen De Urkupina,7031331,22,240,180,4,22,206,180,206
1,Andrés Ibáñez,1,Santa Cruz de La Sierra,2234,Santa Cruz de la Sierra,8016,Col. Esc. Virgen De Urkupina,7031341,23,240,200,3,10,213,200,213
1,Andrés Ibáñez,1,Santa Cruz de La Sierra,2234,Santa Cruz de la Sierra,8016,Col. Esc. Virgen De Urkupina,7031351,24,240,202,1,6,209,202,209
1,Andrés Ibáñez,1,Santa Cruz de La Sierra,2234,Santa Cruz de la Sierra,8016,Col. Esc. Virgen De Urkupina,7031361,25,240,191,0,10,201,191,201
1,Andrés Ibáñez,1,Santa Cruz de La Sierra,2234,Santa Cruz de la Sierra,8016,Col. Esc. Virgen De Urkupina,7031371,26,240,200,1,13,214,200,214
1,Andrés Ibáñez,1,Santa Cruz de La Sierra,2234,Santa Cruz de la Sierra,8016,Col. Esc. Virgen De Urkupina,7031381,27,240,200,1,14,215,200,215
1,Andrés Ibáñez,1,Santa Cruz de La Sierra,2234,Santa Cruz de la Sierra,8016,Col. Esc. Virgen De Urkupina,7031391,28,240,195,1,9,205,195,205
1,Andrés Ibáñez,1,Santa Cruz de La Sierra,2234,Santa Cruz de la Sierra,8016,Col. Esc. Virgen De Urkupina,7031401,29,240,203,0,5,208,203,208
1,Andrés Ibáñez,1,Santa Cruz de La Sierra,2234,Santa Cruz de la Sierra,8016,Col. Esc. Virgen De Urkupina,7031411,30,240,192,4,9,205,192,205
1,Andrés Ibáñez,1,Santa Cruz de La Sierra,2234,Santa Cruz de la Sierra,8016,Col. Esc. Virgen De Urkupina,7031421,31,113,89,0,4,93,89,93
1,Andrés Ibáñez,1,Santa Cruz de La Sierra,2234,Santa Cruz de la Sierra,8017,Col. Primavera,7023231,8,240,203,9,7,219,203,219
1,Andrés Ibáñez,1,Santa Cruz de La Sierra,2234,Santa Cruz de la Sierra,8017,Col. Primavera,7023241,9,240,137,2,45,184,137,184
1,Andrés Ibáñez,1,Santa Cruz de La Sierra,2234,Santa Cruz de la Sierra,8017,Col. Primavera,7023251,10,240,196,0,9,205,196,205
1,Andrés Ibáñez,1,Santa Cruz de La Sierra,2234,Santa Cruz de la Sierra,8017,Col. Primavera,7023261,11,240,200,2,10,212,200,212
1,Andrés Ibáñez,1,Santa Cruz de La Sierra,2234,Santa Cruz de la Sierra,8017,Col. Primavera,7023271,12,240,183,1,16,200,183,200
1,Andrés Ibáñez,1,Santa Cruz de La Sierra,2234,Santa Cruz de la Sierra,8017,Col. Primavera,7023281,13,240,186,0,20,206,186,206
1,Andrés Ibáñez,1,Santa Cruz de La Sierra,2234,Santa Cruz de la Sierra,8017,Col. Primavera,7023291,14,240,195,2,14,211,195,211
1,Andrés Ibáñez,1,Santa Cruz de La Sierra,2234,Santa Cruz de la Sierra,8017,Col. Primavera,7023311,16,240,199,0,11,210,199,210
1,Andrés Ibáñez,1,Santa Cruz de La Sierra,2234,Santa Cruz de la Sierra,8017,Col. Primavera,7023321,17,240,177,2,21,200,177,200
1,Andrés Ibáñez,1,Santa Cruz de La Sierra,2234,Santa Cruz de la Sierra,8017,Col. Primavera,7023331,18,240,192,3,14,209,192,209
1,Andrés Ibáñez,1,Santa Cruz de La Sierra,2234,Santa Cruz de la Sierra,8017,Col. Primavera,7023341,19,240,184,1,17,202,184,202
1,Andrés Ibáñez,1,Santa Cruz de La Sierra,2234,Santa Cruz de la Sierra,8017,Col. Primavera,7023351,20,240,198,1,8,207,198,207
1,Andrés Ibáñez,1,Santa Cruz de La Sierra,2234,Santa Cruz de la Sierra,8017,Col. Primavera,7023361,21,240,192,1,12,205,192,205
1,Andrés Ibáñez,1,Santa Cruz de La Sierra,2234,Santa Cruz de la Sierra,8018,Col. Rafael Bustillos,7028111,12,240,160,2,46,208,160,208
1,Andrés Ibáñez,1,Santa Cruz de La Sierra,2234,Santa Cruz de la Sierra,8018,Col. Rafael Bustillos,7028131,14,240,189,4,10,203,189,203
1,Andrés Ibáñez,1,Santa Cruz de La Sierra,2234,Santa Cruz de la Sierra,8018,Col. Rafael Bustillos,7028141,15,240,181,0,18,199,181,199
1,Andrés Ibáñez,1,Santa Cruz de La Sierra,2234,Santa Cruz de la Sierra,8018,Col. Rafael Bustillos,7028151,16,50,40,1,2,43,40,43
1,Andrés Ibáñez,1,Santa Cruz de La Sierra,2234,Santa Cruz de la Sierra,8020,Col. Esc. Inocencio Roman,7047431,1,240,186,2,14,202,186,202
1,Andrés Ibáñez,1,Santa Cruz de La Sierra,2234,Santa Cruz de la Sierra,8020,Col. Esc. Inocencio Roman,7047461,4,240,191,0,11,202,191,202
1,Andrés Ibáñez,1,Santa Cruz de La Sierra,2234,Santa Cruz de la Sierra,8020,Col. Esc. Inocencio Roman,7047471,5,171,134,1,4,139,134,139
1,Andrés Ibáñez,1,Santa Cruz de La Sierra,2234,Santa Cruz de la Sierra,8023,Col. Castilla La Mancha,7032811,6,240,202,1,4,207,202,207
1,Andrés Ibáñez,1,Santa Cruz de La Sierra,2234,Santa Cruz de la Sierra,8023,Col. Castilla La Mancha,7032841,9,240,179,1,15,195,179,195
1,Andrés Ibáñez,1,Santa Cruz de La Sierra,2234,Santa Cruz de la Sierra,8023,Col. Castilla La Mancha,7032861,11,240,180,3,15,198,180,198
1,Andrés Ibáñez,1,Santa Cruz de La Sierra,2234,Santa Cruz de la Sierra,8023,Col. Castilla La Mancha,7032871,12,240,189,1,12,202,189,202
1,Andrés Ibáñez,1,Santa Cruz de La Sierra,2234,Santa Cruz de la Sierra,8023,Col. Castilla La Mancha,7032881,13,240,201,1,6,208,201,208
1,Andrés Ibáñez,1,Santa Cruz de La Sierra,2234,Santa Cruz de la Sierra,8023,Col. Castilla La Mancha,7032891,14,240,200,0,9,209,200,209
1,Andrés Ibáñez,1,Santa Cruz de La Sierra,2234,Santa Cruz de la Sierra,8023,Col. Castilla La Mancha,7032901,15,240,197,2,9,208,197,208
1,Andrés Ibáñez,1,Santa Cruz de La Sierra,2234,Santa Cruz de la Sierra,8023,Col. Castilla La Mancha,7032911,16,240,160,2,40,202,160,202
1,Andrés Ibáñez,1,Santa Cruz de La Sierra,2234,Santa Cruz de la Sierra,8023,Col. Castilla La Mancha,7033011,26,240,191,2,11,204,191,204
1,Andrés Ibáñez,1,Santa Cruz de La Sierra,2234,Santa Cruz de la Sierra,8023,Col. Castilla La Mancha,7033021,27,240,196,3,9,208,196,208
1,Andrés Ibáñez,1,Santa Cruz de La Sierra,2234,Santa Cruz de la Sierra,8023,Col. Castilla La Mancha,7033041,29,240,197,3,10,210,197,210
1,Andrés Ibáñez,1,Santa Cruz de La Sierra,2234,Santa Cruz de la Sierra,8023,Col. Castilla La Mancha,7033051,30,240,180,0,21,201,180,201
1,Andrés Ibáñez,1,Santa Cruz de La Sierra,2234,Santa Cruz de la Sierra,8024,Col. Luis Barranco Alvarez,7031761,1,240,185,1,18,204,185,204
1,Andrés Ibáñez,1,Santa Cruz de La Sierra,2234,Santa Cruz de la Sierra,8024,Col. Luis Barranco Alvarez,7031781,3,240,198,0,11,209,198,209
1,Andrés Ibáñez,1,Santa Cruz de La Sierra,2234,Santa Cruz de la Sierra,8024,Col. Luis Barranco Alvarez,7031791,4,240,188,0,15,203,188,203
1,Andrés Ibáñez,1,Santa Cruz de La Sierra,2234,Santa Cruz de la Sierra,8024,Col. Luis Barranco Alvarez,7031811,6,240,192,2,8,202,192,202
1,Andrés Ibáñez,1,Santa Cruz de La Sierra,2234,Santa Cruz de la Sierra,8026,Col. El Buen Samaritano,7024661,1,240,198,0,8,206,198,206
1,Andrés Ibáñez,1,Santa Cruz de La Sierra,2234,Santa Cruz de la Sierra,8026,Col. El Buen Samaritano,7024671,2,240,193,4,13,210,193,210
1,Andrés Ibáñez,1,Santa Cruz de La Sierra,2234,Santa Cruz de la Sierra,8026,Col. El Buen Samaritano,7024681,3,240,200,4,8,212,200,212
1,Andrés Ibáñez,1,Santa Cruz de La Sierra,2234,Santa Cruz de la Sierra,8026,Col. El Buen Samaritano,7024691,4,240,206,0,6,212,206,212
1,Andrés Ibáñez,1,Santa Cruz de La Sierra,2234,Santa Cruz de la Sierra,8026,Col. El Buen Samaritano,7024701,5,240,198,0,12,210,198,210
1,Andrés Ibáñez,1,Santa Cruz de La Sierra,2234,Santa Cruz de la Sierra,8026,Col. El Buen Samaritano,7024711,6,240,194,5,12,211,194,211
1,Andrés Ibáñez,1,Santa Cruz de La Sierra,2234,Santa Cruz de la Sierra,8026,Col. El Buen Samaritano,7024721,7,240,201,2,9,212,201,212
1,Andrés Ibáñez,1,Santa Cruz de La Sierra,2234,Santa Cruz de la Sierra,8026,Col. El Buen Samaritano,7024761,11,240,196,2,12,210,196,210
1,Andrés Ibáñez,1,Santa Cruz de La Sierra,2234,Santa Cruz de la Sierra,8026,Col. El Buen Samaritano,7024771,12,240,204,1,9,214,204,214
1,Andrés Ibáñez,1,Santa Cruz de La Sierra,2234,Santa Cruz de la Sierra,8026,Col. El Buen Samaritano,7024781,13,240,210,1,5,216,210,216
1,Andrés Ibáñez,1,Santa Cruz de La Sierra,2234,Santa Cruz de la Sierra,8026,Col. El Buen Samaritano,7024801,15,240,195,2,8,205,195,205
1,Andrés Ibáñez,1,Santa Cruz de La Sierra,2234,Santa Cruz de la Sierra,8026,Col. El Buen Samaritano,7024811,16,240,187,3,9,199,187,199
1,Andrés Ibáñez,1,Santa Cruz de La Sierra,2234,Santa Cruz de la Sierra,8026,Col. El Buen Samaritano,7024831,18,240,204,0,10,214,204,214
1,Andrés Ibáñez,1,Santa Cruz de La Sierra,2234,Santa Cruz de la Sierra,8026,Col. El Buen Samaritano,7024861,21,101,75,0,3,78,75,78
1,Andrés Ibáñez,1,Santa Cruz de La Sierra,2234,Santa Cruz de la Sierra,9001,Cárcel Pública,7047281,6,240,173,2,5,180,173,180
1,Andrés Ibáñez,1,Santa Cruz de La Sierra,2234,Santa Cruz de la Sierra,9001,Cárcel Pública,7047291,7,240,166,0,9,175,166,175
1,Andrés Ibáñez,1,Santa Cruz de La Sierra,2234,Santa Cruz de la Sierra,9001,Cárcel Pública,7047301,8,240,160,2,9,171,160,171
1,Andrés Ibáñez,1,Santa Cruz de La Sierra,2234,Santa Cruz de la Sierra,9001,Cárcel Pública,7047311,9,238,160,2,17,179,160,179
1,Andrés Ibáñez,1,Santa Cruz de La Sierra,2234,Santa Cruz de la Sierra,9003,Col. Esc. Naun Fernandez,7034291,1,240,199,1,12,212,199,212
1,Andrés Ibáñez,1,Santa Cruz de La Sierra,2234,Santa Cruz de la Sierra,9003,Col. Esc. Naun Fernandez,7034311,3,240,184,1,16,201,184,201
1,Andrés Ibáñez,1,Santa Cruz de La Sierra,2234,Santa Cruz de la Sierra,9003,Col. Esc. Naun Fernandez,7034321,4,240,195,1,9,205,195,205
1,Andrés Ibáñez,1,Santa Cruz de La Sierra,2234,Santa Cruz de la Sierra,9003,Col. Esc. Naun Fernandez,7034341,6,240,191,1,11,203,191,203
1,Andrés Ibáñez,1,Santa Cruz de La Sierra,2234,Santa Cruz de la Sierra,9003,Col. Esc. Naun Fernandez,7034351,7,240,198,0,6,204,198,204
1,Andrés Ibáñez,1,Santa Cruz de La Sierra,2234,Santa Cruz de la Sierra,9003,Col. Esc. Naun Fernandez,7034381,10,240,207,1,8,216,207,216
1,Andrés Ibáñez,1,Santa Cruz de La Sierra,2234,Santa Cruz de la Sierra,9003,Col. Esc. Naun Fernandez,7034401,12,240,198,0,13,211,198,211
1,Andrés Ibáñez,1,Santa Cruz de La Sierra,2234,Santa Cruz de la Sierra,9003,Col. Esc. Naun Fernandez,7034421,14,124,103,0,3,106,103,106
1,Andrés Ibáñez,1,Santa Cruz de La Sierra,2234,Santa Cruz de la Sierra,9004,Colegio San Jorge,7036161,1,240,193,2,9,204,193,204
1,Andrés Ibáñez,1,Santa Cruz de La Sierra,2234,Santa Cruz de la Sierra,9004,Colegio San Jorge,7036171,2,240,190,0,19,209,190,209
1,Andrés Ibáñez,1,Santa Cruz de La Sierra,2234,Santa Cruz de la Sierra,9004,Colegio San Jorge,7036181,3,240,196,1,9,206,196,206
1,Andrés Ibáñez,1,Santa Cruz de La Sierra,2234,Santa Cruz de la Sierra,9004,Colegio San Jorge,7036191,4,240,191,0,9,200,191,200
1,Andrés Ibáñez,1,Santa Cruz de La Sierra,2234,Santa Cruz de la Sierra,9004,Colegio San Jorge,7036201,5,240,187,2,5,194,187,194
1,Andrés Ibáñez,1,Santa Cruz de La Sierra,2234,Santa Cruz de la Sierra,9004,Colegio San Jorge,7036211,6,240,201,0,12,213,201,213
1,Andrés Ibáñez,1,Santa Cruz de La Sierra,2234,Santa Cruz de la Sierra,9004,Colegio San Jorge,7036221,7,240,192,0,8,200,192,200
1,Andrés Ibáñez,1,Santa Cruz de La Sierra,2234,Santa Cruz de la Sierra,9004,Colegio San Jorge,7036231,8,240,183,4,10,197,183,197
1,Andrés Ibáñez,1,Santa Cruz de La Sierra,2234,Santa Cruz de la Sierra,9004,Colegio San Jorge,7036241,9,240,194,1,6,201,194,201
1,Andrés Ibáñez,1,Santa Cruz de La Sierra,2234,Santa Cruz de la Sierra,9004,Colegio San Jorge,7036251,10,240,190,2,6,198,190,198
1,Andrés Ibáñez,1,Santa Cruz de La Sierra,2234,Santa Cruz de la Sierra,9004,Colegio San Jorge,7036261,11,240,202,0,12,214,202,214
1,Andrés Ibáñez,1,Santa Cruz de La Sierra,2234,Santa Cruz de la Sierra,9004,Colegio San Jorge,7036271,12,25,21,0,0,21,21,21
1,Andrés Ibáñez,1,Santa Cruz de La Sierra,2234,Santa Cruz de la Sierra,9006,UE. El Paraíso,7035451,1,240,199,0,12,211,199,211
1,Andrés Ibáñez,1,Santa Cruz de La Sierra,2234,Santa Cruz de la Sierra,9006,UE. El Paraíso,7035461,2,240,198,0,14,212,198,212
1,Andrés Ibáñez,1,Santa Cruz de La Sierra,2234,Santa Cruz de la Sierra,9006,UE. El Paraíso,7035471,3,240,198,3,7,208,198,208
1,Andrés Ibáñez,1,Santa Cruz de La Sierra,2234,Santa Cruz de la Sierra,9006,UE. El Paraíso,7035481,4,240,198,0,9,207,198,207
1,Andrés Ibáñez,1,Santa Cruz de La Sierra,2234,Santa Cruz de la Sierra,9006,UE. El Paraíso,7035491,5,240,191,41,8,240,191,240
1,Andrés Ibáñez,1,Santa Cruz de La Sierra,2234,Santa Cruz de la Sierra,9006,UE. El Paraíso,7035501,6,240,195,0,12,207,195,207
1,Andrés Ibáñez,1,Santa Cruz de La Sierra,2234,Santa Cruz de la Sierra,9006,UE. El Paraíso,7035511,7,240,198,2,5,205,198,205
1,Andrés Ibáñez,1,Santa Cruz de La Sierra,2234,Santa Cruz de la Sierra,9006,UE. El Paraíso,7035531,9,240,178,4,31,213,178,213
1,Andrés Ibáñez,1,Santa Cruz de La Sierra,2234,Santa Cruz de la Sierra,9006,UE. El Paraíso,7035551,11,240,195,2,11,208,195,208
1,Andrés Ibáñez,1,Santa Cruz de La Sierra,2234,Santa Cruz de la Sierra,9006,UE. El Paraíso,7035561,12,240,206,2,8,216,206,216
1,Andrés Ibáñez,1,Santa Cruz de La Sierra,2234,Santa Cruz de la Sierra,9006,UE. El Paraíso,7035581,14,240,204,1,11,216,204,216
1,Andrés Ibáñez,1,Santa Cruz de La Sierra,2234,Santa Cruz de la Sierra,9006,UE. El Paraíso,7035591,15,240,200,2,8,210,200,210
1,Andrés Ibáñez,1,Santa Cruz de La Sierra,2234,Santa Cruz de la Sierra,9007,Col. Centro Educativo Caritas,7034471,1,240,203,2,4,209,203,209
1,Andrés Ibáñez,1,Santa Cruz de La Sierra,2234,Santa Cruz de la Sierra,9007,Col. Centro Educativo Caritas,7034481,2,240,211,0,5,216,211,216
1,Andrés Ibáñez,1,Santa Cruz de La Sierra,2234,Santa Cruz de la Sierra,9007,Col. Centro Educativo Caritas,7034491,3,240,206,1,4,211,206,211
1,Andrés Ibáñez,1,Santa Cruz de La Sierra,2234,Santa Cruz de la Sierra,9007,Col. Centro Educativo Caritas,7034501,4,240,204,4,5,213,204,213
1,Andrés Ibáñez,1,Santa Cruz de La Sierra,2234,Santa Cruz de la Sierra,9007,Col. Centro Educativo Caritas,7034511,5,240,216,0,3,219,216,219
1,Andrés Ibáñez,1,Santa Cruz de La Sierra,2234,Santa Cruz de la Sierra,9007,Col. Centro Educativo Caritas,7034521,6,240,212,2,7,221,212,221
1,Andrés Ibáñez,1,Santa Cruz de La Sierra,2234,Santa Cruz de la Sierra,9007,Col. Centro Educativo Caritas,7034531,7,240,200,1,5,206,200,206
1,Andrés Ibáñez,1,Santa Cruz de La Sierra,2234,Santa Cruz de la Sierra,9007,Col. Centro Educativo Caritas,7034591,13,240,198,2,1,201,198,201
1,Andrés Ibáñez,1,Santa Cruz de La Sierra,2234,Santa Cruz de la Sierra,9007,Col. Centro Educativo Caritas,7034611,15,240,214,1,4,219,214,219
1,Andrés Ibáñez,1,Santa Cruz de La Sierra,2234,Santa Cruz de la Sierra,9007,Col. Centro Educativo Caritas,7034631,17,240,215,0,5,220,215,220
1,Andrés Ibáñez,1,Santa Cruz de La Sierra,2234,Santa Cruz de la Sierra,9007,Col. Centro Educativo Caritas,7034651,19,240,205,1,4,210,205,210
1,Andrés Ibáñez,1,Santa Cruz de La Sierra,2234,Santa Cruz de la Sierra,9007,Col. Centro Educativo Caritas,7034681,22,240,209,2,2,213,209,213
1,Andrés Ibáñez,1,Santa Cruz de La Sierra,2234,Santa Cruz de la Sierra,9007,Col. Centro Educativo Caritas,7034691,23,240,198,0,7,205,198,205
1,Andrés Ibáñez,1,Santa Cruz de La Sierra,2234,Santa Cruz de la Sierra,9007,Col. Centro Educativo Caritas,7034711,25,238,209,1,5,215,209,215
1,Andrés Ibáñez,1,Santa Cruz de La Sierra,2234,Santa Cruz de la Sierra,9008,Colegio Domingo Savio   Don Bosco,7034801,3,240,216,0,6,222,216,222
1,Andrés Ibáñez,1,Santa Cruz de La Sierra,2234,Santa Cruz de la Sierra,9008,Colegio Domingo Savio   Don Bosco,7034821,5,240,201,0,8,209,201,209
1,Andrés Ibáñez,1,Santa Cruz de La Sierra,2234,Santa Cruz de la Sierra,9008,Colegio Domingo Savio   Don Bosco,7034871,10,240,189,2,7,198,189,198
1,Andrés Ibáñez,1,Santa Cruz de La Sierra,2234,Santa Cruz de la Sierra,9008,Colegio Domingo Savio   Don Bosco,7034911,14,240,189,2,7,198,189,198
1,Andrés Ibáñez,1,Santa Cruz de La Sierra,2234,Santa Cruz de la Sierra,9008,Colegio Domingo Savio   Don Bosco,7034951,18,240,189,1,17,207,189,207
1,Andrés Ibáñez,1,Santa Cruz de La Sierra,2234,Santa Cruz de la Sierra,9008,Colegio Domingo Savio   Don Bosco,7034961,19,240,200,1,4,205,200,205
1,Andrés Ibáñez,1,Santa Cruz de La Sierra,2234,Santa Cruz de la Sierra,9008,Colegio Domingo Savio   Don Bosco,7035021,25,182,149,1,6,156,149,156
1,Andrés Ibáñez,1,Santa Cruz de La Sierra,2234,Santa Cruz de la Sierra,9009,Col. Hernando Siles,7045081,7,240,187,2,11,200,187,200
1,Andrés Ibáñez,1,Santa Cruz de La Sierra,2234,Santa Cruz de la Sierra,9009,Col. Hernando Siles,7045151,14,240,200,1,13,214,200,214
1,Andrés Ibáñez,1,Santa Cruz de La Sierra,2234,Santa Cruz de la Sierra,9010,Col. Esc. Peregrina Davalos,7045441,2,240,194,1,11,206,194,206
1,Andrés Ibáñez,1,Santa Cruz de La Sierra,2234,Santa Cruz de la Sierra,9010,Col. Esc. Peregrina Davalos,7045451,3,240,203,1,6,210,203,210
1,Andrés Ibáñez,1,Santa Cruz de La Sierra,2234,Santa Cruz de la Sierra,9010,Col. Esc. Peregrina Davalos,7045461,4,240,180,3,20,203,180,203
1,Andrés Ibáñez,1,Santa Cruz de La Sierra,2234,Santa Cruz de la Sierra,9010,Col. Esc. Peregrina Davalos,7045491,7,240,182,3,8,193,182,193
1,Andrés Ibáñez,1,Santa Cruz de La Sierra,2234,Santa Cruz de la Sierra,9010,Col. Esc. Peregrina Davalos,7045511,9,240,192,1,10,203,192,203
1,Andrés Ibáñez,1,Santa Cruz de La Sierra,2234,Santa Cruz de la Sierra,9010,Col. Esc. Peregrina Davalos,7045531,11,240,202,2,7,211,202,211
1,Andrés Ibáñez,1,Santa Cruz de La Sierra,2234,Santa Cruz de la Sierra,9010,Col. Esc. Peregrina Davalos,7045551,13,240,203,1,4,208,203,208
1,Andrés Ibáñez,1,Santa Cruz de La Sierra,2234,Santa Cruz de la Sierra,9010,Col. Esc. Peregrina Davalos,7045561,14,240,199,1,13,213,199,213
1,Andrés Ibáñez,1,Santa Cruz de La Sierra,2234,Santa Cruz de la Sierra,9010,Col. Esc. Peregrina Davalos,7045571,15,240,203,3,8,214,203,214
1,Andrés Ibáñez,1,Santa Cruz de La Sierra,2234,Santa Cruz de la Sierra,9010,Col. Esc. Peregrina Davalos,7045581,16,250,181,1,14,196,181,196
1,Andrés Ibáñez,1,Santa Cruz de La Sierra,2234,Santa Cruz de la Sierra,10001,U.E. Union y Progreso,7037301,6,240,188,1,2,191,188,191
1,Andrés Ibáñez,1,Santa Cruz de La Sierra,2234,Santa Cruz de la Sierra,10001,U.E. Union y Progreso,7037321,8,240,195,1,4,200,195,200
1,Andrés Ibáñez,1,Santa Cruz de La Sierra,2234,Santa Cruz de la Sierra,10001,U.E. Union y Progreso,7037341,10,240,187,4,7,198,187,198
1,Andrés Ibáñez,1,Santa Cruz de La Sierra,2234,Santa Cruz de la Sierra,10001,U.E. Union y Progreso,7037351,11,240,198,0,6,204,198,204
1,Andrés Ibáñez,1,Santa Cruz de La Sierra,2234,Santa Cruz de la Sierra,10001,U.E. Union y Progreso,7037361,12,240,164,0,28,192,164,192
1,Andrés Ibáñez,1,Santa Cruz de La Sierra,2234,Santa Cruz de la Sierra,10001,U.E. Union y Progreso,7037371,13,240,184,1,20,205,184,205
1,Andrés Ibáñez,1,Santa Cruz de La Sierra,2234,Santa Cruz de la Sierra,10001,U.E. Union y Progreso,7037381,14,240,200,0,9,209,200,209
1,Andrés Ibáñez,1,Santa Cruz de La Sierra,2234,Santa Cruz de la Sierra,10001,U.E. Union y Progreso,7037401,16,240,187,2,12,201,187,201
1,Andrés Ibáñez,1,Santa Cruz de La Sierra,2234,Santa Cruz de la Sierra,10001,U.E. Union y Progreso,7037411,17,240,180,0,13,193,180,193
1,Andrés Ibáñez,1,Santa Cruz de La Sierra,2234,Santa Cruz de la Sierra,10001,U.E. Union y Progreso,7037421,18,240,178,2,23,203,178,203
1,Andrés Ibáñez,1,Santa Cruz de La Sierra,2234,Santa Cruz de la Sierra,10001,U.E. Union y Progreso,7037431,19,240,194,2,6,202,194,202
1,Andrés Ibáñez,1,Santa Cruz de La Sierra,2234,Santa Cruz de la Sierra,10001,U.E. Union y Progreso,7037441,20,240,199,0,4,203,199,203
1,Andrés Ibáñez,1,Santa Cruz de La Sierra,2234,Santa Cruz de la Sierra,10001,U.E. Union y Progreso,7037451,21,240,176,1,16,193,176,193
1,Andrés Ibáñez,1,Santa Cruz de La Sierra,2234,Santa Cruz de la Sierra,10002,Col. Unidad Educativa La Colina,7036641,1,240,208,1,7,216,208,216
1,Andrés Ibáñez,1,Santa Cruz de La Sierra,2234,Santa Cruz de la Sierra,10002,Col. Unidad Educativa La Colina,7036661,3,240,193,1,15,209,193,209
1,Andrés Ibáñez,1,Santa Cruz de La Sierra,2234,Santa Cruz de la Sierra,10002,Col. Unidad Educativa La Colina,7036671,4,240,200,1,7,208,200,208
1,Andrés Ibáñez,1,Santa Cruz de La Sierra,2234,Santa Cruz de la Sierra,10002,Col. Unidad Educativa La Colina,7036681,5,240,205,1,7,213,205,213
1,Andrés Ibáñez,1,Santa Cruz de La Sierra,2234,Santa Cruz de la Sierra,10002,Col. Unidad Educativa La Colina,7036701,7,240,202,0,4,206,202,206
1,Andrés Ibáñez,1,Santa Cruz de La Sierra,2234,Santa Cruz de la Sierra,10002,Col. Unidad Educativa La Colina,7036711,8,240,188,1,10,199,188,199
1,Andrés Ibáñez,1,Santa Cruz de La Sierra,2234,Santa Cruz de la Sierra,10002,Col. Unidad Educativa La Colina,7036751,12,240,208,2,8,218,208,218
1,Andrés Ibáñez,1,Santa Cruz de La Sierra,2234,Santa Cruz de la Sierra,10002,Col. Unidad Educativa La Colina,7036791,16,240,189,1,17,207,189,207
1,Andrés Ibáñez,1,Santa Cruz de La Sierra,2234,Santa Cruz de la Sierra,10002,Col. Unidad Educativa La Colina,7036801,17,240,201,0,8,209,201,209
1,Andrés Ibáñez,1,Santa Cruz de La Sierra,2234,Santa Cruz de la Sierra,10002,Col. Unidad Educativa La Colina,7036811,18,77,66,2,1,69,66,69
1,Andrés Ibáñez,1,Santa Cruz de La Sierra,2234,Santa Cruz de la Sierra,10003,Col. Esc. 29 De Diciembre,7036881,2,240,195,0,4,199,195,199
1,Andrés Ibáñez,1,Santa Cruz de La Sierra,2234,Santa Cruz de la Sierra,10003,Col. Esc. 29 De Diciembre,7036891,3,240,196,0,8,204,196,204
1,Andrés Ibáñez,1,Santa Cruz de La Sierra,2234,Santa Cruz de la Sierra,10003,Col. Esc. 29 De Diciembre,7036921,6,240,194,1,8,203,194,203
1,Andrés Ibáñez,1,Santa Cruz de La Sierra,2234,Santa Cruz de la Sierra,10003,Col. Esc. 29 De Diciembre,7036941,8,240,197,0,4,201,197,201
1,Andrés Ibáñez,1,Santa Cruz de La Sierra,2234,Santa Cruz de la Sierra,10003,Col. Esc. 29 De Diciembre,7036951,9,235,182,5,6,193,182,193
1,Andrés Ibáñez,1,Santa Cruz de La Sierra,2234,Santa Cruz de la Sierra,10004,Col. Esc. Hilanderia,7036961,1,240,188,5,9,202,188,202
1,Andrés Ibáñez,1,Santa Cruz de La Sierra,2234,Santa Cruz de la Sierra,10004,Col. Esc. Hilanderia,7036991,4,240,201,2,7,210,201,210
1,Andrés Ibáñez,1,Santa Cruz de La Sierra,2234,Santa Cruz de la Sierra,10004,Col. Esc. Hilanderia,7037011,6,240,186,4,7,197,186,197
1,Andrés Ibáñez,1,Santa Cruz de La Sierra,2234,Santa Cruz de la Sierra,10004,Col. Esc. Hilanderia,7037021,7,240,194,0,11,205,194,205
1,Andrés Ibáñez,1,Santa Cruz de La Sierra,2234,Santa Cruz de la Sierra,10007,Col. Escuela Jorge Urenda Trigo,7038851,1,240,196,0,5,201,196,201
1,Andrés Ibáñez,1,Santa Cruz de La Sierra,2234,Santa Cruz de la Sierra,10007,Col. Escuela Jorge Urenda Trigo,7038861,2,240,204,0,8,212,204,212
1,Andrés Ibáñez,1,Santa Cruz de La Sierra,2234,Santa Cruz de la Sierra,10007,Col. Escuela Jorge Urenda Trigo,7038871,3,240,207,2,8,217,207,217
1,Andrés Ibáñez,1,Santa Cruz de La Sierra,2234,Santa Cruz de la Sierra,10007,Col. Escuela Jorge Urenda Trigo,7038881,4,240,202,1,5,208,202,208
1,Andrés Ibáñez,1,Santa Cruz de La Sierra,2234,Santa Cruz de la Sierra,10007,Col. Escuela Jorge Urenda Trigo,7038891,5,240,197,0,5,202,197,202
1,Andrés Ibáñez,1,Santa Cruz de La Sierra,2234,Santa Cruz de la Sierra,10007,Col. Escuela Jorge Urenda Trigo,7038901,6,240,199,0,12,211,199,211
1,Andrés Ibáñez,1,Santa Cruz de La Sierra,2234,Santa Cruz de la Sierra,10007,Col. Escuela Jorge Urenda Trigo,7038911,7,240,207,1,12,220,207,220
1,Andrés Ibáñez,1,Santa Cruz de La Sierra,2234,Santa Cruz de la Sierra,10007,Col. Escuela Jorge Urenda Trigo,7038921,8,240,200,0,8,208,200,208
1,Andrés Ibáñez,1,Santa Cruz de La Sierra,2234,Santa Cruz de la Sierra,10007,Col. Escuela Jorge Urenda Trigo,7038931,9,240,200,0,6,206,200,206
1,Andrés Ibáñez,1,Santa Cruz de La Sierra,2234,Santa Cruz de la Sierra,10007,Col. Escuela Jorge Urenda Trigo,7038941,10,240,202,1,4,207,202,207
1,Andrés Ibáñez,1,Santa Cruz de La Sierra,2234,Santa Cruz de la Sierra,10007,Col. Escuela Jorge Urenda Trigo,7038951,11,240,203,0,6,209,203,209
1,Andrés Ibáñez,1,Santa Cruz de La Sierra,2234,Santa Cruz de la Sierra,10007,Col. Escuela Jorge Urenda Trigo,7038961,12,240,201,0,5,206,201,206
1,Andrés Ibáñez,1,Santa Cruz de La Sierra,2234,Santa Cruz de la Sierra,10007,Col. Escuela Jorge Urenda Trigo,7038981,14,240,204,1,12,217,204,217
1,Andrés Ibáñez,1,Santa Cruz de La Sierra,2234,Santa Cruz de la Sierra,10007,Col. Escuela Jorge Urenda Trigo,7038991,15,240,204,0,3,207,204,207
1,Andrés Ibáñez,1,Santa Cruz de La Sierra,2234,Santa Cruz de la Sierra,10007,Col. Escuela Jorge Urenda Trigo,7039001,16,240,205,2,6,213,205,213
1,Andrés Ibáñez,1,Santa Cruz de La Sierra,2234,Santa Cruz de la Sierra,10007,Col. Escuela Jorge Urenda Trigo,7039011,17,63,51,0,3,54,51,54
1,Andrés Ibáñez,1,Santa Cruz de La Sierra,2234,Santa Cruz de la Sierra,10011,Col.  Anita Suarez De Leygue,7040121,8,240,205,1,11,217,205,217
1,Andrés Ibáñez,1,Santa Cruz de La Sierra,2234,Santa Cruz de la Sierra,10011,Col.  Anita Suarez De Leygue,7040131,9,240,205,1,7,213,205,213
1,Andrés Ibáñez,1,Santa Cruz de La Sierra,2234,Santa Cruz de la Sierra,10012,Col. Hermanos Cavanis,7037811,5,240,197,1,6,204,197,204
1,Andrés Ibáñez,1,Santa Cruz de La Sierra,2234,Santa Cruz de la Sierra,10012,Col. Hermanos Cavanis,7037821,6,240,204,2,6,212,204,212
1,Andrés Ibáñez,1,Santa Cruz de La Sierra,2234,Santa Cruz de la Sierra,10012,Col. Hermanos Cavanis,7037911,15,240,196,0,5,201,196,201
1,Andrés Ibáñez,1,Santa Cruz de La Sierra,2234,Santa Cruz de la Sierra,10012,Col. Hermanos Cavanis,7037961,20,240,207,0,5,212,207,212
1,Andrés Ibáñez,1,Santa Cruz de La Sierra,2234,Santa Cruz de la Sierra,10012,Col. Hermanos Cavanis,7037981,22,240,200,3,2,205,200,205
1,Andrés Ibáñez,1,Santa Cruz de La Sierra,2234,Santa Cruz de la Sierra,10013,Col. Internacional (Bethesda),7038361,5,240,157,2,33,192,157,192
1,Andrés Ibáñez,1,Santa Cruz de La Sierra,2234,Santa Cruz de la Sierra,10013,Col. Internacional (Bethesda),7038421,11,240,179,3,15,197,179,197
1,Andrés Ibáñez,1,Santa Cruz de La Sierra,2234,Santa Cruz de la Sierra,10014,Col. Modulo Flamingo,7037631,1,240,195,0,7,202,195,202
1,Andrés Ibáñez,1,Santa Cruz de La Sierra,2234,Santa Cruz de la Sierra,10014,Col. Modulo Flamingo,7037661,4,240,201,0,7,208,201,208
1,Andrés Ibáñez,1,Santa Cruz de La Sierra,2234,Santa Cruz de la Sierra,10015,Col. Esc. La Base,7037141,3,240,197,0,10,207,197,207
1,Andrés Ibáñez,1,Santa Cruz de La Sierra,2234,Santa Cruz de la Sierra,10015,Col. Esc. La Base,7037151,4,240,199,2,7,208,199,208
1,Andrés Ibáñez,1,Santa Cruz de La Sierra,2234,Santa Cruz de la Sierra,10015,Col. Esc. La Base,7037181,7,240,203,1,7,211,203,211
1,Andrés Ibáñez,1,Santa Cruz de La Sierra,2234,Santa Cruz de la Sierra,10015,Col. Esc. La Base,7037191,8,240,193,0,12,205,193,205
1,Andrés Ibáñez,1,Santa Cruz de La Sierra,2234,Santa Cruz de la Sierra,10015,Col. Esc. La Base,7037201,9,240,190,1,10,201,190,201
1,Andrés Ibáñez,1,Santa Cruz de La Sierra,2234,Santa Cruz de la Sierra,10015,Col. Esc. La Base,7037211,10,240,205,0,11,216,205,216
1,Andrés Ibáñez,1,Santa Cruz de La Sierra,2234,Santa Cruz de la Sierra,10015,Col. Esc. La Base,7037221,11,240,197,1,6,204,197,204
1,Andrés Ibáñez,1,Santa Cruz de La Sierra,2234,Santa Cruz de la Sierra,10015,Col. Esc. La Base,7037241,13,139,117,0,5,122,117,122
1,Andrés Ibáñez,1,Santa Cruz de La Sierra,2234,Santa Cruz de la Sierra,10017,Col. Escuela Sara Porras De Pinto,7001211,1,240,183,2,5,190,183,190
1,Andrés Ibáñez,1,Santa Cruz de La Sierra,2234,Santa Cruz de la Sierra,10017,Col. Escuela Sara Porras De Pinto,7001221,2,240,191,2,11,204,191,204
1,Andrés Ibáñez,1,Santa Cruz de La Sierra,2234,Santa Cruz de la Sierra,10017,Col. Escuela Sara Porras De Pinto,7001241,4,240,192,0,6,198,192,198
1,Andrés Ibáñez,1,Santa Cruz de La Sierra,2234,Santa Cruz de la Sierra,10017,Col. Escuela Sara Porras De Pinto,7001251,5,240,190,1,10,201,190,201
1,Andrés Ibáñez,1,Santa Cruz de La Sierra,2234,Santa Cruz de la Sierra,10017,Col. Escuela Sara Porras De Pinto,7001261,6,240,200,1,6,207,200,207
1,Andrés Ibáñez,1,Santa Cruz de La Sierra,2234,Santa Cruz de la Sierra,10017,Col. Escuela Sara Porras De Pinto,7001271,7,240,190,1,6,197,190,197
1,Andrés Ibáñez,1,Santa Cruz de La Sierra,2234,Santa Cruz de la Sierra,10017,Col. Escuela Sara Porras De Pinto,7001281,8,240,198,1,5,204,198,204
1,Andrés Ibáñez,1,Santa Cruz de La Sierra,2234,Santa Cruz de la Sierra,10017,Col. Escuela Sara Porras De Pinto,7001291,9,240,191,0,17,208,191,208
1,Andrés Ibáñez,1,Santa Cruz de La Sierra,2234,Santa Cruz de la Sierra,10017,Col. Escuela Sara Porras De Pinto,7001301,10,240,200,1,5,206,200,206
1,Andrés Ibáñez,1,Santa Cruz de La Sierra,2234,Santa Cruz de la Sierra,10017,Col. Escuela Sara Porras De Pinto,7001311,11,240,186,1,19,206,186,206
1,Andrés Ibáñez,1,Santa Cruz de La Sierra,2234,Santa Cruz de la Sierra,10017,Col. Escuela Sara Porras De Pinto,7001321,12,240,193,1,10,204,193,204
1,Andrés Ibáñez,1,Santa Cruz de La Sierra,2234,Santa Cruz de la Sierra,10017,Col. Escuela Sara Porras De Pinto,7001331,13,199,159,2,6,167,159,167
1,Andrés Ibáñez,1,Santa Cruz de La Sierra,2234,Santa Cruz de la Sierra,10020,Col. Escuela El Fuerte,7042891,8,240,184,0,14,198,184,198
1,Andrés Ibáñez,1,Santa Cruz de La Sierra,2234,Santa Cruz de la Sierra,10020,Col. Escuela El Fuerte,7042901,9,240,195,1,9,205,195,205
1,Andrés Ibáñez,1,Santa Cruz de La Sierra,2234,Santa Cruz de la Sierra,10020,Col. Escuela El Fuerte,7042911,10,240,199,2,9,210,199,210
1,Andrés Ibáñez,1,Santa Cruz de La Sierra,2234,Santa Cruz de la Sierra,10020,Col. Escuela El Fuerte,7042921,11,240,198,1,11,210,198,210
1,Andrés Ibáñez,1,Santa Cruz de La Sierra,2234,Santa Cruz de la Sierra,10020,Col. Escuela El Fuerte,7042931,12,240,186,4,10,200,186,200
1,Andrés Ibáñez,1,Santa Cruz de La Sierra,2234,Santa Cruz de la Sierra,10020,Col. Escuela El Fuerte,7042941,13,240,185,0,6,191,185,191
1,Andrés Ibáñez,1,Santa Cruz de La Sierra,2234,Santa Cruz de la Sierra,10020,Col. Escuela El Fuerte,7042951,14,240,201,0,8,209,201,209
1,Andrés Ibáñez,1,Santa Cruz de La Sierra,2234,Santa Cruz de la Sierra,10020,Col. Escuela El Fuerte,7042961,15,240,197,1,9,207,197,207
1,Andrés Ibáñez,1,Santa Cruz de La Sierra,2234,Santa Cruz de la Sierra,10020,Col. Escuela El Fuerte,7043001,19,240,187,2,9,198,187,198
1,Andrés Ibáñez,1,Santa Cruz de La Sierra,2234,Santa Cruz de la Sierra,10020,Col. Escuela El Fuerte,7043011,20,240,199,0,17,216,199,216
1,Andrés Ibáñez,1,Santa Cruz de La Sierra,2234,Santa Cruz de la Sierra,10020,Col. Escuela El Fuerte,7043021,21,240,192,0,9,201,192,201
1,Andrés Ibáñez,1,Santa Cruz de La Sierra,2234,Santa Cruz de la Sierra,10020,Col. Escuela El Fuerte,7043031,22,240,197,1,8,206,197,206
1,Andrés Ibáñez,1,Santa Cruz de La Sierra,2234,Santa Cruz de la Sierra,10020,Col. Escuela El Fuerte,7043081,27,240,202,2,9,213,202,213
1,Andrés Ibáñez,1,Santa Cruz de La Sierra,2234,Santa Cruz de la Sierra,10021,Col. Nacional 9 De Octubre,7043471,7,240,205,1,11,217,205,217
1,Andrés Ibáñez,1,Santa Cruz de La Sierra,2234,Santa Cruz de la Sierra,10021,Col. Nacional 9 De Octubre,7043481,8,240,210,0,6,216,210,216
1,Andrés Ibáñez,1,Santa Cruz de La Sierra,2234,Santa Cruz de la Sierra,10021,Col. Nacional 9 De Octubre,7043491,9,240,215,0,5,220,215,220
1,Andrés Ibáñez,1,Santa Cruz de La Sierra,2234,Santa Cruz de la Sierra,10021,Col. Nacional 9 De Octubre,7043501,10,240,210,0,11,221,210,221
1,Andrés Ibáñez,1,Santa Cruz de La Sierra,2234,Santa Cruz de la Sierra,10021,Col. Nacional 9 De Octubre,7043521,12,240,208,0,10,218,208,218
1,Andrés Ibáñez,1,Santa Cruz de La Sierra,2234,Santa Cruz de la Sierra,10023,Colegio Ignacio Warnes,7044141,1,240,198,0,7,205,198,205
1,Andrés Ibáñez,1,Santa Cruz de La Sierra,2234,Santa Cruz de la Sierra,10023,Colegio Ignacio Warnes,7044171,4,240,189,3,14,206,189,206
1,Andrés Ibáñez,1,Santa Cruz de La Sierra,2234,Santa Cruz de la Sierra,10023,Colegio Ignacio Warnes,7044181,5,240,195,2,17,214,195,214
1,Andrés Ibáñez,1,Santa Cruz de La Sierra,2234,Santa Cruz de la Sierra,10023,Colegio Ignacio Warnes,7044191,6,240,186,1,20,207,186,207
1,Andrés Ibáñez,1,Santa Cruz de La Sierra,2234,Santa Cruz de la Sierra,10023,Colegio Ignacio Warnes,7044231,10,240,196,0,12,208,196,208
1,Andrés Ibáñez,1,Santa Cruz de La Sierra,2234,Santa Cruz de la Sierra,10023,Colegio Ignacio Warnes,7044241,11,240,197,1,5,203,197,203
1,Andrés Ibáñez,1,Santa Cruz de La Sierra,2234,Santa Cruz de la Sierra,10023,Colegio Ignacio Warnes,7044251,12,240,190,1,9,200,190,200
1,Andrés Ibáñez,1,Santa Cruz de La Sierra,2234,Santa Cruz de la Sierra,10024,Col. Modulo Nro.5 Elva Antelo Jordan,7044571,9,240,195,2,5,202,195,202
1,Andrés Ibáñez,1,Santa Cruz de La Sierra,2234,Santa Cruz de la Sierra,10024,Col. Modulo Nro.5 Elva Antelo Jordan,7044591,11,240,207,0,7,214,207,214
1,Andrés Ibáñez,1,Santa Cruz de La Sierra,2234,Santa Cruz de la Sierra,10024,Col. Modulo Nro.5 Elva Antelo Jordan,7044611,13,240,195,1,9,205,195,205
1,Andrés Ibáñez,1,Santa Cruz de La Sierra,2234,Santa Cruz de la Sierra,10024,Col. Modulo Nro.5 Elva Antelo Jordan,7044621,14,240,192,2,9,203,192,203
1,Andrés Ibáñez,1,Santa Cruz de La Sierra,2234,Santa Cruz de la Sierra,10024,Col. Modulo Nro.5 Elva Antelo Jordan,7044631,15,240,189,1,9,199,189,199
1,Andrés Ibáñez,1,Santa Cruz de La Sierra,2234,Santa Cruz de la Sierra,10024,Col. Modulo Nro.5 Elva Antelo Jordan,7044641,16,240,193,1,10,204,193,204
1,Andrés Ibáñez,1,Santa Cruz de La Sierra,2234,Santa Cruz de la Sierra,10024,Col. Modulo Nro.5 Elva Antelo Jordan,7044651,17,240,190,1,6,197,190,197
1,Andrés Ibáñez,1,Santa Cruz de La Sierra,2234,Santa Cruz de la Sierra,10024,Col. Modulo Nro.5 Elva Antelo Jordan,7044661,18,240,200,0,6,206,200,206
1,Andrés Ibáñez,1,Santa Cruz de La Sierra,2234,Santa Cruz de la Sierra,10024,Col. Modulo Nro.5 Elva Antelo Jordan,7044671,19,240,199,1,6,206,199,206
1,Andrés Ibáñez,1,Santa Cruz de La Sierra,2234,Santa Cruz de la Sierra,10024,Col. Modulo Nro.5 Elva Antelo Jordan,7044681,20,240,189,0,9,198,189,198
1,Andrés Ibáñez,1,Santa Cruz de La Sierra,2234,Santa Cruz de la Sierra,10024,Col. Modulo Nro.5 Elva Antelo Jordan,7044691,21,205,170,2,9,181,170,181
1,Andrés Ibáñez,1,Santa Cruz de La Sierra,2234,Santa Cruz de la Sierra,10026,Colegio Luz Y Verdad,7046971,1,240,181,3,20,204,181,204
1,Andrés Ibáñez,1,Santa Cruz de La Sierra,2234,Santa Cruz de la Sierra,10026,Colegio Luz Y Verdad,7046991,3,240,194,0,9,203,194,203
1,Andrés Ibáñez,1,Santa Cruz de La Sierra,2234,Santa Cruz de la Sierra,10026,Colegio Luz Y Verdad,7047001,4,240,192,4,13,209,192,209
1,Andrés Ibáñez,1,Santa Cruz de La Sierra,2234,Santa Cruz de la Sierra,10026,Colegio Luz Y Verdad,7047021,6,240,181,1,14,196,181,196
1,Andrés Ibáñez,1,Santa Cruz de La Sierra,2234,Santa Cruz de la Sierra,10026,Colegio Luz Y Verdad,7047031,7,240,197,0,6,203,197,203
1,Andrés Ibáñez,1,Santa Cruz de La Sierra,2234,Santa Cruz de la Sierra,10026,Colegio Luz Y Verdad,7047041,8,240,193,0,8,201,193,201
1,Andrés Ibáñez,1,Santa Cruz de La Sierra,2234,Santa Cruz de la Sierra,10026,Colegio Luz Y Verdad,7047051,9,240,183,3,16,202,183,202
1,Andrés Ibáñez,1,Santa Cruz de La Sierra,2234,Santa Cruz de la Sierra,10026,Colegio Luz Y Verdad,7047061,10,240,197,2,8,207,197,207
1,Andrés Ibáñez,1,Santa Cruz de La Sierra,2234,Santa Cruz de la Sierra,10026,Colegio Luz Y Verdad,7047071,11,240,195,2,6,203,195,203
1,Andrés Ibáñez,1,Santa Cruz de La Sierra,2234,Santa Cruz de la Sierra,10026,Colegio Luz Y Verdad,7047081,12,228,179,1,8,188,179,188
1,Andrés Ibáñez,1,Santa Cruz de La Sierra,2234,Santa Cruz de la Sierra,10027,Col. Escuela Poly Villarroel,7046141,5,240,179,0,10,189,179,189
1,Andrés Ibáñez,1,Santa Cruz de La Sierra,2234,Santa Cruz de la Sierra,10027,Col. Escuela Poly Villarroel,7046151,6,240,194,0,7,201,194,201
1,Andrés Ibáñez,1,Santa Cruz de La Sierra,2234,Santa Cruz de la Sierra,10027,Col. Escuela Poly Villarroel,7046161,7,240,199,0,4,203,199,203
1,Andrés Ibáñez,1,Santa Cruz de La Sierra,2234,Santa Cruz de la Sierra,10027,Col. Escuela Poly Villarroel,7046211,12,240,196,0,6,202,196,202
1,Andrés Ibáñez,1,Santa Cruz de La Sierra,2234,Santa Cruz de la Sierra,10027,Col. Escuela Poly Villarroel,7046221,13,136,104,0,4,108,104,108
1,Andrés Ibáñez,1,Santa Cruz de La Sierra,2234,Santa Cruz de la Sierra,10028,Col. Escuela Bolivia Holanda,7046231,1,240,197,1,8,206,197,206
1,Andrés Ibáñez,1,Santa Cruz de La Sierra,2234,Santa Cruz de la Sierra,10028,Col. Escuela Bolivia Holanda,7046251,3,240,202,3,11,216,202,216
1,Andrés Ibáñez,1,Santa Cruz de La Sierra,2234,Santa Cruz de la Sierra,10028,Col. Escuela Bolivia Holanda,7046271,5,240,191,2,8,201,191,201
1,Andrés Ibáñez,1,Santa Cruz de La Sierra,2234,Santa Cruz de la Sierra,10028,Col. Escuela Bolivia Holanda,7046281,6,240,196,3,16,215,196,215
1,Andrés Ibáñez,1,Santa Cruz de La Sierra,2234,Santa Cruz de la Sierra,10028,Col. Escuela Bolivia Holanda,7046291,7,240,199,1,4,204,199,204
1,Andrés Ibáñez,1,Santa Cruz de La Sierra,2234,Santa Cruz de la Sierra,10028,Col. Escuela Bolivia Holanda,7046301,8,240,194,2,9,205,194,205
1,Andrés Ibáñez,1,Santa Cruz de La Sierra,2234,Santa Cruz de la Sierra,10028,Col. Escuela Bolivia Holanda,7046311,9,240,192,1,9,202,192,202
1,Andrés Ibáñez,1,Santa Cruz de La Sierra,2234,Santa Cruz de la Sierra,10028,Col. Escuela Bolivia Holanda,7046321,10,240,200,1,13,214,200,214
1,Andrés Ibáñez,1,Santa Cruz de La Sierra,2234,Santa Cruz de la Sierra,10028,Col. Escuela Bolivia Holanda,7046331,11,240,201,4,8,213,201,213
1,Andrés Ibáñez,1,Santa Cruz de La Sierra,2234,Santa Cruz de la Sierra,10028,Col. Escuela Bolivia Holanda,7046361,14,240,186,0,17,203,186,203
1,Andrés Ibáñez,1,Santa Cruz de La Sierra,2234,Santa Cruz de la Sierra,10028,Col. Escuela Bolivia Holanda,7046371,15,240,175,1,17,193,175,193
1,Andrés Ibáñez,1,Santa Cruz de La Sierra,2234,Santa Cruz de la Sierra,10028,Col. Escuela Bolivia Holanda,7046381,16,240,189,0,8,197,189,197
1,Andrés Ibáñez,1,Santa Cruz de La Sierra,2234,Santa Cruz de la Sierra,10028,Col. Escuela Bolivia Holanda,7046401,18,240,199,0,7,206,199,206
1,Andrés Ibáñez,1,Santa Cruz de La Sierra,2234,Santa Cruz de la Sierra,10028,Col. Escuela Bolivia Holanda,7046411,19,240,189,1,13,203,189,203
1,Andrés Ibáñez,1,Santa Cruz de La Sierra,2234,Santa Cruz de la Sierra,10028,Col. Escuela Bolivia Holanda,7046421,20,240,199,2,10,211,199,211
1,Andrés Ibáñez,1,Santa Cruz de La Sierra,2234,Santa Cruz de la Sierra,10028,Col. Escuela Bolivia Holanda,7046431,21,240,197,1,6,204,197,204
1,Andrés Ibáñez,1,Santa Cruz de La Sierra,2234,Santa Cruz de la Sierra,10028,Col. Escuela Bolivia Holanda,7046441,22,240,173,4,12,189,173,189
1,Andrés Ibáñez,1,Santa Cruz de La Sierra,2234,Santa Cruz de la Sierra,10028,Col. Escuela Bolivia Holanda,7046451,23,240,192,0,10,202,192,202
1,Andrés Ibáñez,1,Santa Cruz de La Sierra,2234,Santa Cruz de la Sierra,10028,Col. Escuela Bolivia Holanda,7046461,24,240,191,1,10,202,191,202
1,Andrés Ibáñez,1,Santa Cruz de La Sierra,2234,Santa Cruz de la Sierra,10028,Col. Escuela Bolivia Holanda,7046471,25,240,191,2,12,205,191,205
1,Andrés Ibáñez,1,Santa Cruz de La Sierra,2234,Santa Cruz de la Sierra,10028,Col. Escuela Bolivia Holanda,7046481,26,240,199,2,10,211,199,211
1,Andrés Ibáñez,1,Santa Cruz de La Sierra,2234,Santa Cruz de la Sierra,10028,Col. Escuela Bolivia Holanda,7046491,27,208,161,5,13,179,161,179
1,Andrés Ibáñez,1,Santa Cruz de La Sierra,2234,Santa Cruz de la Sierra,10029,Col. San Francisco Sur,7043891,2,240,195,2,5,202,195,202
1,Andrés Ibáñez,1,Santa Cruz de La Sierra,2234,Santa Cruz de la Sierra,10029,Col. San Francisco Sur,7043901,3,240,198,2,9,209,198,209
1,Andrés Ibáñez,1,Santa Cruz de La Sierra,2234,Santa Cruz de la Sierra,10029,Col. San Francisco Sur,7043911,4,240,193,0,17,210,193,210
1,Andrés Ibáñez,1,Santa Cruz de La Sierra,2234,Santa Cruz de la Sierra,10029,Col. San Francisco Sur,7043921,5,240,198,1,8,207,198,207
1,Andrés Ibáñez,1,Santa Cruz de La Sierra,2234,Santa Cruz de la Sierra,10029,Col. San Francisco Sur,7043931,6,240,193,0,14,207,193,207
1,Andrés Ibáñez,1,Santa Cruz de La Sierra,2234,Santa Cruz de la Sierra,10029,Col. San Francisco Sur,7043941,7,240,184,2,16,202,184,202
1,Andrés Ibáñez,1,Santa Cruz de La Sierra,2234,Santa Cruz de la Sierra,10029,Col. San Francisco Sur,7043951,8,240,210,0,5,215,210,215
1,Andrés Ibáñez,1,Santa Cruz de La Sierra,2234,Santa Cruz de la Sierra,10029,Col. San Francisco Sur,7044041,17,240,186,0,11,197,186,197
1,Andrés Ibáñez,1,Santa Cruz de La Sierra,2234,Santa Cruz de la Sierra,10029,Col. San Francisco Sur,7044071,20,240,190,3,11,204,190,204
1,Andrés Ibáñez,1,Santa Cruz de La Sierra,2234,Santa Cruz de la Sierra,10030,Col. Esc.  Amsterdan,7043251,10,240,199,1,5,205,199,205
1,Andrés Ibáñez,1,Santa Cruz de La Sierra,2234,Santa Cruz de la Sierra,10031,Col. Esc. Max Fernandez Rojas B,7045751,1,240,198,1,7,206,198,206
1,Andrés Ibáñez,1,Santa Cruz de La Sierra,2234,Santa Cruz de la Sierra,10031,Col. Esc. Max Fernandez Rojas B,7045771,3,240,200,4,9,213,200,213
1,Andrés Ibáñez,1,Santa Cruz de La Sierra,2234,Santa Cruz de la Sierra,10031,Col. Esc. Max Fernandez Rojas B,7045781,4,240,186,2,26,214,186,214
1,Andrés Ibáñez,1,Santa Cruz de La Sierra,2234,Santa Cruz de la Sierra,10031,Col. Esc. Max Fernandez Rojas B,7045791,5,240,199,0,9,208,199,208
1,Andrés Ibáñez,1,Santa Cruz de La Sierra,2234,Santa Cruz de la Sierra,10031,Col. Esc. Max Fernandez Rojas B,7045801,6,240,196,0,13,209,196,209
1,Andrés Ibáñez,1,Santa Cruz de La Sierra,2234,Santa Cruz de la Sierra,10031,Col. Esc. Max Fernandez Rojas B,7045811,7,240,201,0,17,218,201,218
1,Andrés Ibáñez,1,Santa Cruz de La Sierra,2234,Santa Cruz de la Sierra,10031,Col. Esc. Max Fernandez Rojas B,7045831,9,240,187,0,10,197,187,197
1,Andrés Ibáñez,1,Santa Cruz de La Sierra,2234,Santa Cruz de la Sierra,10031,Col. Esc. Max Fernandez Rojas B,7045841,10,240,190,1,16,207,190,207
1,Andrés Ibáñez,1,Santa Cruz de La Sierra,2234,Santa Cruz de la Sierra,10032,U.E.  Magisterio Sur 120 II,7046011,7,240,190,1,7,198,190,198
1,Andrés Ibáñez,1,Santa Cruz de La Sierra,2234,Santa Cruz de la Sierra,10032,U.E.  Magisterio Sur 120 II,7046051,11,240,183,0,14,197,183,197
1,Andrés Ibáñez,1,Santa Cruz de La Sierra,2234,Santa Cruz de la Sierra,10032,U.E.  Magisterio Sur 120 II,7046071,13,240,195,0,9,204,195,204
1,Andrés Ibáñez,1,Santa Cruz de La Sierra,2234,Santa Cruz de la Sierra,10033,Colegio Plan 4000,7046541,1,240,187,1,12,200,187,200
1,Andrés Ibáñez,1,Santa Cruz de La Sierra,2234,Santa Cruz de la Sierra,10033,Colegio Plan 4000,7046581,5,240,178,1,15,194,178,194
1,Andrés Ibáñez,1,Santa Cruz de La Sierra,2234,Santa Cruz de la Sierra,10033,Colegio Plan 4000,7046611,8,240,196,0,14,210,196,210
1,Andrés Ibáñez,1,Santa Cruz de La Sierra,2234,Santa Cruz de la Sierra,10033,Colegio Plan 4000,7046661,13,240,184,1,16,201,184,201
1,Andrés Ibáñez,1,Santa Cruz de La Sierra,2234,Santa Cruz de la Sierra,10033,Colegio Plan 4000,7046721,19,240,188,1,15,204,188,204
1,Andrés Ibáñez,1,Santa Cruz de La Sierra,2234,Santa Cruz de la Sierra,10033,Colegio Plan 4000,7046741,21,240,188,2,11,201,188,201
1,Andrés Ibáñez,1,Santa Cruz de La Sierra,2234,Santa Cruz de la Sierra,10033,Colegio Plan 4000,7046771,24,240,176,0,26,202,176,202
1,Andrés Ibáñez,1,Santa Cruz de La Sierra,2234,Santa Cruz de la Sierra,10033,Colegio Plan 4000,7046811,28,240,175,0,20,195,175,195
1,Andrés Ibáñez,1,Santa Cruz de La Sierra,2234,Santa Cruz de la Sierra,10033,Colegio Plan 4000,7046841,31,240,189,3,14,206,189,206
1,Andrés Ibáñez,1,Santa Cruz de La Sierra,2234,Santa Cruz de la Sierra,10033,Colegio Plan 4000,7046881,35,240,180,2,19,201,180,201
1,Andrés Ibáñez,1,Santa Cruz de La Sierra,2234,Santa Cruz de la Sierra,10033,Colegio Plan 4000,7046901,37,240,174,3,13,190,174,190
1,Andrés Ibáñez,1,Santa Cruz de La Sierra,2234,Santa Cruz de la Sierra,10033,Colegio Plan 4000,7046911,38,102,80,0,8,88,80,88
1,Andrés Ibáñez,1,Santa Cruz de La Sierra,2234,Santa Cruz de la Sierra,10039,Col. Esc. Honorato Mejia,7036321,5,240,206,2,7,215,206,215
1,Andrés Ibáñez,1,Santa Cruz de La Sierra,2234,Santa Cruz de la Sierra,10039,Col. Esc. Honorato Mejia,7036411,14,240,208,0,4,212,208,212
1,Andrés Ibáñez,1,Santa Cruz de La Sierra,2234,Santa Cruz de la Sierra,10040,Col. Luis Espinal Campos,7044721,3,240,178,3,10,191,178,191
1,Andrés Ibáñez,1,Santa Cruz de La Sierra,2234,Santa Cruz de la Sierra,10040,Col. Luis Espinal Campos,7044771,8,240,195,4,9,208,195,208
1,Andrés Ibáñez,1,Santa Cruz de La Sierra,2234,Santa Cruz de la Sierra,10040,Col. Luis Espinal Campos,7044861,17,240,190,0,12,202,190,202
1,Andrés Ibáñez,1,Santa Cruz de La Sierra,2234,Santa Cruz de la Sierra,10040,Col. Luis Espinal Campos,7044881,19,240,181,1,10,192,181,192
1,Andrés Ibáñez,1,Santa Cruz de La Sierra,2234,Santa Cruz de la Sierra,10040,Col. Luis Espinal Campos,7044891,20,240,184,1,6,191,184,191
1,Andrés Ibáñez,1,Santa Cruz de La Sierra,2234,Santa Cruz de la Sierra,10040,Col. Luis Espinal Campos,7044901,21,240,184,2,5,191,184,191
1,Andrés Ibáñez,1,Santa Cruz de La Sierra,2234,Santa Cruz de la Sierra,10040,Col. Luis Espinal Campos,7044921,23,240,179,1,17,197,179,197
1,Andrés Ibáñez,1,Santa Cruz de La Sierra,2234,Santa Cruz de la Sierra,10041,Col. Esc. Holanda,7047101,2,240,187,0,7,194,187,194
1,Andrés Ibáñez,1,Santa Cruz de La Sierra,2234,Santa Cruz de la Sierra,10041,Col. Esc. Holanda,7047161,8,240,189,1,17,207,189,207
1,Andrés Ibáñez,1,Santa Cruz de La Sierra,2234,Santa Cruz de la Sierra,10041,Col. Esc. Holanda,7047171,9,240,199,1,4,204,199,204
1,Andrés Ibáñez,1,Santa Cruz de La Sierra,2234,Santa Cruz de la Sierra,10041,Col. Esc. Holanda,7047181,10,240,198,4,8,210,198,210
1,Andrés Ibáñez,1,Santa Cruz de La Sierra,2234,Santa Cruz de la Sierra,10041,Col. Esc. Holanda,7047191,11,240,198,0,8,206,198,206
1,Andrés Ibáñez,1,Santa Cruz de La Sierra,2234,Santa Cruz de la Sierra,10041,Col. Esc. Holanda,7047211,13,240,192,1,14,207,192,207
1,Andrés Ibáñez,1,Santa Cruz de La Sierra,2234,Santa Cruz de la Sierra,10041,Col. Esc. Holanda,7047221,14,78,60,1,7,68,60,68
1,Andrés Ibáñez,1,Santa Cruz de La Sierra,2234,Santa Cruz de la Sierra,11047,U.E. Juana Azurduy de Padilla,7032081,1,240,197,1,6,204,197,204
1,Andrés Ibáñez,1,Santa Cruz de La Sierra,2234,Santa Cruz de la Sierra,11047,U.E. Juana Azurduy de Padilla,7032091,2,240,193,0,12,205,193,205
1,Andrés Ibáñez,1,Santa Cruz de La Sierra,2234,Santa Cruz de la Sierra,11047,U.E. Juana Azurduy de Padilla,7032101,3,240,202,2,13,217,202,217
1,Andrés Ibáñez,1,Santa Cruz de La Sierra,2234,Santa Cruz de la Sierra,11047,U.E. Juana Azurduy de Padilla,7032111,4,240,186,1,16,203,186,203
1,Andrés Ibáñez,1,Santa Cruz de La Sierra,2234,Santa Cruz de la Sierra,11047,U.E. Juana Azurduy de Padilla,7032121,5,240,180,1,20,201,180,201
1,Andrés Ibáñez,1,Santa Cruz de La Sierra,2234,Santa Cruz de la Sierra,11047,U.E. Juana Azurduy de Padilla,7032131,6,240,185,2,15,202,185,202
1,Andrés Ibáñez,1,Santa Cruz de La Sierra,2234,Santa Cruz de la Sierra,11047,U.E. Juana Azurduy de Padilla,7032141,7,240,195,0,12,207,195,207
1,Andrés Ibáñez,1,Santa Cruz de La Sierra,2234,Santa Cruz de la Sierra,11047,U.E. Juana Azurduy de Padilla,7032151,8,240,183,3,12,198,183,198
1,Andrés Ibáñez,1,Santa Cruz de La Sierra,2234,Santa Cruz de la Sierra,11047,U.E. Juana Azurduy de Padilla,7032161,9,240,190,2,9,201,190,201
1,Andrés Ibáñez,1,Santa Cruz de La Sierra,2234,Santa Cruz de la Sierra,11047,U.E. Juana Azurduy de Padilla,7032171,10,240,182,2,13,197,182,197
1,Andrés Ibáñez,1,Santa Cruz de La Sierra,2234,Santa Cruz de la Sierra,11047,U.E. Juana Azurduy de Padilla,7032181,11,240,183,0,17,200,183,200
1,Andrés Ibáñez,1,Santa Cruz de La Sierra,2234,Santa Cruz de la Sierra,11047,U.E. Juana Azurduy de Padilla,7032191,12,240,189,2,11,202,189,202
1,Andrés Ibáñez,1,Santa Cruz de La Sierra,2234,Santa Cruz de la Sierra,11047,U.E. Juana Azurduy de Padilla,7032201,13,240,193,1,5,199,193,199
1,Andrés Ibáñez,1,Santa Cruz de La Sierra,2234,Santa Cruz de la Sierra,11047,U.E. Juana Azurduy de Padilla,7032211,14,240,194,1,7,202,194,202
1,Andrés Ibáñez,1,Santa Cruz de La Sierra,2234,Santa Cruz de la Sierra,11047,U.E. Juana Azurduy de Padilla,7032221,15,240,199,1,11,211,199,211
1,Andrés Ibáñez,1,Santa Cruz de La Sierra,2234,Santa Cruz de la Sierra,11047,U.E. Juana Azurduy de Padilla,7032231,16,240,186,5,11,202,186,202
1,Andrés Ibáñez,1,Santa Cruz de La Sierra,2234,Santa Cruz de la Sierra,11047,U.E. Juana Azurduy de Padilla,7032241,17,240,195,4,11,210,195,210
1,Andrés Ibáñez,1,Santa Cruz de La Sierra,2234,Santa Cruz de la Sierra,11047,U.E. Juana Azurduy de Padilla,7032251,18,54,43,0,4,47,43,47
1,Andrés Ibáñez,1,Santa Cruz de La Sierra,2234,Santa Cruz de la Sierra,11048,Col. Club De Leones,7041471,3,240,203,1,5,209,203,209
1,Andrés Ibáñez,1,Santa Cruz de La Sierra,2234,Santa Cruz de la Sierra,11048,Col. Club De Leones,7041501,6,240,205,0,4,209,205,209
1,Andrés Ibáñez,1,Santa Cruz de La Sierra,2234,Santa Cruz de la Sierra,11049,Col. Villa Alegre,7045591,1,240,197,0,9,206,197,206
1,Andrés Ibáñez,1,Santa Cruz de La Sierra,2234,Santa Cruz de la Sierra,11049,Col. Villa Alegre,7045641,6,240,184,2,9,195,184,195
1,Andrés Ibáñez,1,Santa Cruz de La Sierra,2234,Santa Cruz de la Sierra,11049,Col. Villa Alegre,7045681,10,240,194,0,13,207,194,207
1,Andrés Ibáñez,1,Santa Cruz de La Sierra,2234,Santa Cruz de la Sierra,11049,Col. Villa Alegre,7045691,11,240,191,2,14,207,191,207
1,Andrés Ibáñez,1,Santa Cruz de La Sierra,2234,Santa Cruz de la Sierra,11050,U.E. Niño Jesús IV,7033511,1,240,199,1,8,208,199,208
1,Andrés Ibáñez,1,Santa Cruz de La Sierra,2234,Santa Cruz de la Sierra,11050,U.E. Niño Jesús IV,7033541,4,240,201,1,5,207,201,207
1,Andrés Ibáñez,1,Santa Cruz de La Sierra,2234,Santa Cruz de la Sierra,11050,U.E. Niño Jesús IV,7033551,5,240,195,0,16,211,195,211
1,Andrés Ibáñez,1,Santa Cruz de La Sierra,2234,Santa Cruz de la Sierra,11050,U.E. Niño Jesús IV,7033561,6,240,200,0,8,208,200,208
1,Andrés Ibáñez,1,Santa Cruz de La Sierra,2234,Santa Cruz de la Sierra,11050,U.E. Niño Jesús IV,7033581,8,240,198,1,5,204,198,204
1,Andrés Ibáñez,1,Santa Cruz de La Sierra,2234,Santa Cruz de la Sierra,11050,U.E. Niño Jesús IV,7033591,9,240,187,2,10,199,187,199
1,Andrés Ibáñez,1,Santa Cruz de La Sierra,2234,Santa Cruz de la Sierra,11050,U.E. Niño Jesús IV,7033601,10,240,188,2,16,206,188,206
1,Andrés Ibáñez,1,Santa Cruz de La Sierra,2234,Santa Cruz de la Sierra,11050,U.E. Niño Jesús IV,7033611,11,240,197,0,10,207,197,207
1,Andrés Ibáñez,1,Santa Cruz de La Sierra,2234,Santa Cruz de la Sierra,11050,U.E. Niño Jesús IV,7033621,12,240,206,0,11,217,206,217
1,Andrés Ibáñez,1,Santa Cruz de La Sierra,2234,Santa Cruz de la Sierra,11050,U.E. Niño Jesús IV,7033631,13,240,196,1,8,205,196,205
1,Andrés Ibáñez,1,Santa Cruz de La Sierra,2234,Santa Cruz de la Sierra,11050,U.E. Niño Jesús IV,7033641,14,240,187,1,3,191,187,191
1,Andrés Ibáñez,1,Santa Cruz de La Sierra,2234,Santa Cruz de la Sierra,11050,U.E. Niño Jesús IV,7033651,15,240,204,0,7,211,204,211
1,Andrés Ibáñez,1,Santa Cruz de La Sierra,2234,Santa Cruz de la Sierra,11050,U.E. Niño Jesús IV,7033661,16,240,196,1,4,201,196,201
1,Andrés Ibáñez,1,Santa Cruz de La Sierra,2234,Santa Cruz de la Sierra,11050,U.E. Niño Jesús IV,7033691,19,240,192,1,7,200,192,200
1,Andrés Ibáñez,1,Santa Cruz de La Sierra,2234,Santa Cruz de la Sierra,11050,U.E. Niño Jesús IV,7033701,20,111,91,0,2,93,91,93
1,Andrés Ibáñez,1,Santa Cruz de La Sierra,2234,Santa Cruz de la Sierra,11051,Col. Las Americas II,7035671,2,240,212,0,1,213,212,213
1,Andrés Ibáñez,1,Santa Cruz de La Sierra,2234,Santa Cruz de la Sierra,11051,Col. Las Americas II,7035701,5,240,179,1,13,193,179,193
1,Andrés Ibáñez,1,Santa Cruz de La Sierra,2234,Santa Cruz de la Sierra,11051,Col. Las Americas II,7035721,7,240,195,1,6,202,195,202
1,Andrés Ibáñez,1,Santa Cruz de La Sierra,2234,Santa Cruz de la Sierra,11051,Col. Las Americas II,7035791,14,240,195,1,9,205,195,205
1,Andrés Ibáñez,1,Santa Cruz de La Sierra,2234,Santa Cruz de la Sierra,11051,Col. Las Americas II,7035801,15,240,201,34,5,240,201,240
1,Andrés Ibáñez,1,Santa Cruz de La Sierra,2234,Santa Cruz de la Sierra,11051,Col. Las Americas II,7035811,16,240,205,1,6,212,205,212
1,Andrés Ibáñez,1,Santa Cruz de La Sierra,2234,Santa Cruz de la Sierra,11051,Col. Las Americas II,7035821,17,240,196,1,6,203,196,203
1,Andrés Ibáñez,1,Santa Cruz de La Sierra,2234,Santa Cruz de la Sierra,11051,Col. Las Americas II,7035831,18,240,195,2,5,202,195,202
1,Andrés Ibáñez,1,Santa Cruz de La Sierra,2234,Santa Cruz de la Sierra,11051,Col. Las Americas II,7035841,19,220,181,2,5,188,181,188
1,Andrés Ibáñez,1,Santa Cruz de La Sierra,2234,Santa Cruz de la Sierra,11053,Col. Covipal,7039961,1,240,181,0,20,201,181,201
1,Andrés Ibáñez,1,Santa Cruz de La Sierra,2234,Santa Cruz de la Sierra,11053,Col. Covipal,7039971,2,240,193,1,11,205,193,205
1,Andrés Ibáñez,1,Santa Cruz de La Sierra,2234,Santa Cruz de la Sierra,11053,Col. Covipal,7039981,3,240,194,2,11,207,194,207
1,Andrés Ibáñez,1,Santa Cruz de La Sierra,2234,Santa Cruz de la Sierra,11053,Col. Covipal,7039991,4,240,172,3,16,191,172,191
1,Andrés Ibáñez,1,Santa Cruz de La Sierra,2234,Santa Cruz de la Sierra,11053,Col. Covipal,7040001,5,240,186,0,14,200,186,200
1,Andrés Ibáñez,1,Santa Cruz de La Sierra,2234,Santa Cruz de la Sierra,11053,Col. Covipal,7040011,6,240,192,1,10,203,192,203
1,Andrés Ibáñez,1,Santa Cruz de La Sierra,2234,Santa Cruz de la Sierra,11053,Col. Covipal,7040021,7,240,197,1,9,207,197,207
1,Andrés Ibáñez,1,Santa Cruz de La Sierra,2234,Santa Cruz de la Sierra,11053,Col. Covipal,7040031,8,240,195,0,12,207,195,207
1,Andrés Ibáñez,1,Santa Cruz de La Sierra,2234,Santa Cruz de la Sierra,11053,Col. Covipal,7040041,9,24,20,0,3,23,20,23
1,Andrés Ibáñez,1,Santa Cruz de La Sierra,2234,Santa Cruz de la Sierra,11056,Colegio Fuente Del Saber,7047511,4,240,192,3,14,209,192,209
1,Andrés Ibáñez,1,Santa Cruz de La Sierra,2234,Santa Cruz de la Sierra,11056,Colegio Fuente Del Saber,7047581,11,240,200,0,7,207,200,207
1,Andrés Ibáñez,1,Santa Cruz de La Sierra,2234,Santa Cruz de la Sierra,11057,Progreso,7020801,1,240,184,0,3,187,184,187
1,Andrés Ibáñez,1,Santa Cruz de La Sierra,2234,Santa Cruz de la Sierra,11057,Progreso,7020811,2,240,190,1,8,199,190,199
1,Andrés Ibáñez,1,Santa Cruz de La Sierra,2234,Santa Cruz de la Sierra,11057,Progreso,7020821,3,88,67,0,2,69,67,69
1,Andrés Ibáñez,1,Santa Cruz de La Sierra,2234,Santa Cruz de la Sierra,11058,U.E. 2 de Abril,7028471,1,240,183,1,9,193,183,193
1,Andrés Ibáñez,1,Santa Cruz de La Sierra,2234,Santa Cruz de la Sierra,11058,U.E. 2 de Abril,7028481,2,240,172,1,18,191,172,191
1,Andrés Ibáñez,1,Santa Cruz de La Sierra,2234,Santa Cruz de la Sierra,11058,U.E. 2 de Abril,7028491,3,240,190,1,11,202,190,202
1,Andrés Ibáñez,1,Santa Cruz de La Sierra,2234,Santa Cruz de la Sierra,11058,U.E. 2 de Abril,7028501,4,240,190,0,5,195,190,195
1,Andrés Ibáñez,1,Santa Cruz de La Sierra,2234,Santa Cruz de la Sierra,11058,U.E. 2 de Abril,7028511,5,240,185,3,2,190,185,190
1,Andrés Ibáñez,1,Santa Cruz de La Sierra,2234,Santa Cruz de la Sierra,11059,Virgen De Guadalupe,7020831,1,240,199,0,8,207,199,207
1,Andrés Ibáñez,1,Santa Cruz de La Sierra,2234,Santa Cruz de la Sierra,11059,Virgen De Guadalupe,7020841,2,240,206,0,9,215,206,215
1,Andrés Ibáñez,1,Santa Cruz de La Sierra,2234,Santa Cruz de la Sierra,11059,Virgen De Guadalupe,7020851,3,240,203,1,5,209,203,209
1,Andrés Ibáñez,1,Santa Cruz de La Sierra,2234,Santa Cruz de la Sierra,11059,Virgen De Guadalupe,7020861,4,240,209,0,6,215,209,215
1,Andrés Ibáñez,1,Santa Cruz de La Sierra,2234,Santa Cruz de la Sierra,11059,Virgen De Guadalupe,7020881,6,240,202,1,5,208,202,208
1,Andrés Ibáñez,1,Santa Cruz de La Sierra,2234,Santa Cruz de la Sierra,11059,Virgen De Guadalupe,7021031,21,240,194,1,10,205,194,205
1,Andrés Ibáñez,1,Santa Cruz de La Sierra,2234,Santa Cruz de la Sierra,11059,Virgen De Guadalupe,7021041,22,240,194,2,5,201,194,201
1,Andrés Ibáñez,1,Santa Cruz de La Sierra,2234,Santa Cruz de la Sierra,11059,Virgen De Guadalupe,7021051,23,240,210,1,3,214,210,214
1,Andrés Ibáñez,1,Santa Cruz de La Sierra,2234,Santa Cruz de la Sierra,11059,Virgen De Guadalupe,7021061,24,240,194,0,5,199,194,199
1,Andrés Ibáñez,1,Santa Cruz de La Sierra,2234,Santa Cruz de la Sierra,11059,Virgen De Guadalupe,7021071,25,240,205,2,10,217,205,217
1,Andrés Ibáñez,1,Santa Cruz de La Sierra,2234,Santa Cruz de la Sierra,11061,Fred Nuñez Gonzales,7021991,1,240,183,1,9,193,183,193
1,Andrés Ibáñez,1,Santa Cruz de La Sierra,2234,Santa Cruz de la Sierra,11061,Fred Nuñez Gonzales,7022001,2,240,194,1,6,201,194,201
1,Andrés Ibáñez,1,Santa Cruz de La Sierra,2234,Santa Cruz de la Sierra,11061,Fred Nuñez Gonzales,7022011,3,240,184,0,18,202,184,202
1,Andrés Ibáñez,1,Santa Cruz de La Sierra,2234,Santa Cruz de la Sierra,11061,Fred Nuñez Gonzales,7022021,4,240,184,2,15,201,184,201
1,Andrés Ibáñez,1,Santa Cruz de La Sierra,2234,Santa Cruz de la Sierra,11061,Fred Nuñez Gonzales,7022031,5,240,197,0,12,209,197,209
1,Andrés Ibáñez,1,Santa Cruz de La Sierra,2234,Santa Cruz de la Sierra,11061,Fred Nuñez Gonzales,7022041,6,240,195,2,6,203,195,203
1,Andrés Ibáñez,1,Santa Cruz de La Sierra,2234,Santa Cruz de la Sierra,11061,Fred Nuñez Gonzales,7022051,7,240,202,1,4,207,202,207
1,Andrés Ibáñez,1,Santa Cruz de La Sierra,2234,Santa Cruz de la Sierra,11061,Fred Nuñez Gonzales,7022061,8,240,194,1,4,199,194,199
1,Andrés Ibáñez,1,Santa Cruz de La Sierra,2234,Santa Cruz de la Sierra,11061,Fred Nuñez Gonzales,7022071,9,240,192,1,7,200,192,200
1,Andrés Ibáñez,1,Santa Cruz de La Sierra,2234,Santa Cruz de la Sierra,11061,Fred Nuñez Gonzales,7022081,10,240,210,0,7,217,210,217
1,Andrés Ibáñez,1,Santa Cruz de La Sierra,2234,Santa Cruz de la Sierra,11061,Fred Nuñez Gonzales,7022091,11,240,193,2,7,202,193,202
1,Andrés Ibáñez,1,Santa Cruz de La Sierra,2234,Santa Cruz de la Sierra,11061,Fred Nuñez Gonzales,7022101,12,240,188,0,6,194,188,194
1,Andrés Ibáñez,1,Santa Cruz de La Sierra,2234,Santa Cruz de la Sierra,11063,U.E. San Cayetano,7021291,2,240,181,1,14,196,181,196
1,Andrés Ibáñez,1,Santa Cruz de La Sierra,2234,Santa Cruz de la Sierra,11063,U.E. San Cayetano,7021301,3,240,202,1,8,211,202,211
1,Andrés Ibáñez,1,Santa Cruz de La Sierra,2234,Santa Cruz de la Sierra,11063,U.E. San Cayetano,7021321,5,240,194,3,4,201,194,201
1,Andrés Ibáñez,1,Santa Cruz de La Sierra,2234,Santa Cruz de la Sierra,11063,U.E. San Cayetano,7021331,6,240,189,0,9,198,189,198
1,Andrés Ibáñez,1,Santa Cruz de La Sierra,2234,Santa Cruz de la Sierra,11063,U.E. San Cayetano,7021341,7,240,183,1,12,196,183,196
1,Andrés Ibáñez,1,Santa Cruz de La Sierra,2234,Santa Cruz de la Sierra,11063,U.E. San Cayetano,7021351,8,240,206,1,4,211,206,211
1,Andrés Ibáñez,1,Santa Cruz de La Sierra,2234,Santa Cruz de la Sierra,11063,U.E. San Cayetano,7021361,9,240,168,1,17,186,168,186
1,Andrés Ibáñez,1,Santa Cruz de La Sierra,2234,Santa Cruz de la Sierra,11063,U.E. San Cayetano,7021371,10,240,193,1,2,196,193,196
1,Andrés Ibáñez,1,Santa Cruz de La Sierra,2234,Santa Cruz de la Sierra,11063,U.E. San Cayetano,7021381,11,240,195,2,3,200,195,200
1,Andrés Ibáñez,1,Santa Cruz de La Sierra,2234,Santa Cruz de la Sierra,11063,U.E. San Cayetano,7021391,12,240,181,2,10,193,181,193
1,Andrés Ibáñez,1,Santa Cruz de La Sierra,2234,Santa Cruz de la Sierra,11063,U.E. San Cayetano,7021401,13,240,185,3,8,196,185,196
1,Andrés Ibáñez,1,Santa Cruz de La Sierra,2234,Santa Cruz de la Sierra,11063,U.E. San Cayetano,7021441,17,85,58,0,8,66,58,66
1,Andrés Ibáñez,1,Santa Cruz de La Sierra,2234,Santa Cruz de la Sierra,11064,U.E. Los Cusis,7021651,1,240,179,0,20,199,179,199
1,Andrés Ibáñez,1,Santa Cruz de La Sierra,2234,Santa Cruz de la Sierra,11064,U.E. Los Cusis,7021661,2,240,179,1,6,186,179,186
1,Andrés Ibáñez,1,Santa Cruz de La Sierra,2234,Santa Cruz de la Sierra,11064,U.E. Los Cusis,7021671,3,240,187,0,3,190,187,190
1,Andrés Ibáñez,1,Santa Cruz de La Sierra,2234,Santa Cruz de la Sierra,11064,U.E. Los Cusis,7021681,4,240,186,1,13,200,186,200
1,Andrés Ibáñez,1,Santa Cruz de La Sierra,2234,Santa Cruz de la Sierra,11064,U.E. Los Cusis,7021701,6,240,180,3,9,192,180,192
1,Andrés Ibáñez,1,Santa Cruz de La Sierra,2234,Santa Cruz de la Sierra,11064,U.E. Los Cusis,7021731,9,240,158,1,33,192,158,192
1,Andrés Ibáñez,1,Santa Cruz de La Sierra,2234,Santa Cruz de la Sierra,11064,U.E. Los Cusis,7021741,10,240,189,0,8,197,189,197
1,Andrés Ibáñez,1,Santa Cruz de La Sierra,2234,Santa Cruz de la Sierra,11064,U.E. Los Cusis,7021751,11,240,189,0,9,198,189,198
1,Andrés Ibáñez,1,Santa Cruz de La Sierra,2234,Santa Cruz de la Sierra,11064,U.E. Los Cusis,7021761,12,240,171,0,8,179,171,179
1,Andrés Ibáñez,1,Santa Cruz de La Sierra,2234,Santa Cruz de la Sierra,11064,U.E. Los Cusis,7021771,13,240,181,0,11,192,181,192
1,Andrés Ibáñez,1,Santa Cruz de La Sierra,2234,Santa Cruz de la Sierra,11064,U.E. Los Cusis,7021781,14,240,189,0,4,193,189,193
1,Andrés Ibáñez,1,Santa Cruz de La Sierra,2234,Santa Cruz de la Sierra,11064,U.E. Los Cusis,7021791,15,240,174,0,17,191,174,191
1,Andrés Ibáñez,1,Santa Cruz de La Sierra,2234,Santa Cruz de la Sierra,11064,U.E. Los Cusis,7021801,16,240,189,3,11,203,189,203
1,Andrés Ibáñez,1,Santa Cruz de La Sierra,2234,Santa Cruz de la Sierra,11064,U.E. Los Cusis,7021811,17,61,42,0,2,44,42,44
1,Andrés Ibáñez,1,Santa Cruz de La Sierra,2234,Santa Cruz de la Sierra,11065,U.E. Sixto Suarez Navarro,7032521,4,240,180,2,22,204,180,204
1,Andrés Ibáñez,1,Santa Cruz de La Sierra,2234,Santa Cruz de la Sierra,11065,U.E. Sixto Suarez Navarro,7032541,6,240,193,1,2,196,193,196
1,Andrés Ibáñez,1,Santa Cruz de La Sierra,2234,Santa Cruz de la Sierra,11065,U.E. Sixto Suarez Navarro,7032571,9,23,18,0,0,18,18,18
1,Andrés Ibáñez,1,Santa Cruz de La Sierra,2234,Santa Cruz de la Sierra,11066,U.E. Zaragoza,7021451,1,240,211,0,4,215,211,215
1,Andrés Ibáñez,1,Santa Cruz de La Sierra,2234,Santa Cruz de la Sierra,11066,U.E. Zaragoza,7021461,2,240,158,0,42,200,158,200
1,Andrés Ibáñez,1,Santa Cruz de La Sierra,2234,Santa Cruz de la Sierra,11066,U.E. Zaragoza,7021501,6,240,191,0,11,202,191,202
1,Andrés Ibáñez,1,Santa Cruz de La Sierra,2234,Santa Cruz de la Sierra,11066,U.E. Zaragoza,7021511,7,240,188,3,12,203,188,203
1,Andrés Ibáñez,1,Santa Cruz de La Sierra,2234,Santa Cruz de la Sierra,11066,U.E. Zaragoza,7021521,8,240,182,0,12,194,182,194
1,Andrés Ibáñez,1,Santa Cruz de La Sierra,2234,Santa Cruz de la Sierra,11066,U.E. Zaragoza,7021531,9,240,185,0,8,193,185,193
1,Andrés Ibáñez,1,Santa Cruz de La Sierra,2234,Santa Cruz de la Sierra,11066,U.E. Zaragoza,7021541,10,240,178,1,16,195,178,195
1,Andrés Ibáñez,1,Santa Cruz de La Sierra,2234,Santa Cruz de la Sierra,11066,U.E. Zaragoza,7021551,11,240,178,3,12,193,178,193
1,Andrés Ibáñez,1,Santa Cruz de La Sierra,2234,Santa Cruz de la Sierra,11066,U.E. Zaragoza,7021561,12,240,200,2,2,204,200,204
1,Andrés Ibáñez,1,Santa Cruz de La Sierra,2234,Santa Cruz de la Sierra,11066,U.E. Zaragoza,7021571,13,240,179,3,12,194,179,194
1,Andrés Ibáñez,1,Santa Cruz de La Sierra,2234,Santa Cruz de la Sierra,11066,U.E. Zaragoza,7021581,14,240,185,1,8,194,185,194
1,Andrés Ibáñez,1,Santa Cruz de La Sierra,2234,Santa Cruz de la Sierra,11066,U.E. Zaragoza,7021591,15,240,188,0,18,206,188,206
1,Andrés Ibáñez,1,Santa Cruz de La Sierra,2234,Santa Cruz de la Sierra,11066,U.E. Zaragoza,7021601,16,240,195,1,9,205,195,205
1,Andrés Ibáñez,1,Santa Cruz de La Sierra,2234,Santa Cruz de la Sierra,11066,U.E. Zaragoza,7021611,17,240,198,0,5,203,198,203
1,Andrés Ibáñez,1,Santa Cruz de La Sierra,2234,Santa Cruz de la Sierra,11066,U.E. Zaragoza,7021621,18,240,203,23,1,227,203,227
1,Andrés Ibáñez,1,Santa Cruz de La Sierra,2234,Santa Cruz de la Sierra,11066,U.E. Zaragoza,7021631,19,240,187,0,11,198,187,198
1,Andrés Ibáñez,1,Santa Cruz de La Sierra,2234,Santa Cruz de la Sierra,11066,U.E. Zaragoza,7021641,20,100,91,0,2,93,91,93
1,Andrés Ibáñez,1,Santa Cruz de La Sierra,2234,Santa Cruz de la Sierra,11067,Luz Del Mundo C,7018551,1,240,200,1,7,208,200,208
1,Andrés Ibáñez,1,Santa Cruz de La Sierra,2234,Santa Cruz de la Sierra,11067,Luz Del Mundo C,7018571,3,240,185,2,11,198,185,198
1,Andrés Ibáñez,1,Santa Cruz de La Sierra,2234,Santa Cruz de la Sierra,11067,Luz Del Mundo C,7018581,4,240,198,1,7,206,198,206
1,Andrés Ibáñez,1,Santa Cruz de La Sierra,2234,Santa Cruz de la Sierra,11067,Luz Del Mundo C,7018611,7,240,212,1,2,215,212,215
1,Andrés Ibáñez,1,Santa Cruz de La Sierra,2234,Santa Cruz de la Sierra,11067,Luz Del Mundo C,7018621,8,118,100,1,4,105,100,105
1,Andrés Ibáñez,1,Santa Cruz de La Sierra,2234,Santa Cruz de la Sierra,11068,16 de Julio,7018191,6,240,180,2,5,187,180,187
1,Andrés Ibáñez,1,Santa Cruz de La Sierra,2234,Santa Cruz de la Sierra,11068,16 de Julio,7018211,8,240,185,1,4,190,185,190
1,Andrés Ibáñez,1,Santa Cruz de La Sierra,2234,Santa Cruz de la Sierra,11068,16 de Julio,7018221,9,72,56,1,0,57,56,57
1,Andrés Ibáñez,1,Santa Cruz de La Sierra,2234,Santa Cruz de la Sierra,11069,U.E. Cielito Lindo,7018641,2,240,190,0,14,204,190,204
1,Andrés Ibáñez,1,Santa Cruz de La Sierra,2234,Santa Cruz de la Sierra,11069,U.E. Cielito Lindo,7018671,5,240,205,0,2,207,205,207
1,Andrés Ibáñez,1,Santa Cruz de La Sierra,2234,Santa Cruz de la Sierra,11069,U.E. Cielito Lindo,7018691,7,240,201,0,6,207,201,207
1,Andrés Ibáñez,1,Santa Cruz de La Sierra,2234,Santa Cruz de la Sierra,11069,U.E. Cielito Lindo,7018701,8,231,182,1,8,191,182,191
1,Andrés Ibáñez,1,Santa Cruz de La Sierra,2234,Santa Cruz de la Sierra,11070,Urkupiña,7019061,2,240,191,0,18,209,191,209
1,Andrés Ibáñez,1,Santa Cruz de La Sierra,2234,Santa Cruz de la Sierra,11070,Urkupiña,7019081,4,240,191,0,9,200,191,200
1,Andrés Ibáñez,1,Santa Cruz de La Sierra,2234,Santa Cruz de la Sierra,11070,Urkupiña,7019091,5,240,202,1,4,207,202,207
1,Andrés Ibáñez,1,Santa Cruz de La Sierra,2234,Santa Cruz de la Sierra,11071,U.E. Arboleda De Fatima,7024541,2,240,206,0,15,221,206,221
1,Andrés Ibáñez,1,Santa Cruz de La Sierra,2234,Santa Cruz de la Sierra,11071,U.E. Arboleda De Fatima,7024551,3,240,202,0,10,212,202,212
1,Andrés Ibáñez,1,Santa Cruz de La Sierra,2234,Santa Cruz de la Sierra,11071,U.E. Arboleda De Fatima,7024561,4,240,192,0,11,203,192,203
1,Andrés Ibáñez,1,Santa Cruz de La Sierra,2234,Santa Cruz de la Sierra,11071,U.E. Arboleda De Fatima,7024571,5,240,209,0,11,220,209,220
1,Andrés Ibáñez,1,Santa Cruz de La Sierra,2234,Santa Cruz de la Sierra,11071,U.E. Arboleda De Fatima,7024581,6,240,190,2,10,202,190,202
1,Andrés Ibáñez,1,Santa Cruz de La Sierra,2234,Santa Cruz de la Sierra,11071,U.E. Arboleda De Fatima,7024591,7,240,201,1,9,211,201,211
1,Andrés Ibáñez,1,Santa Cruz de La Sierra,2234,Santa Cruz de la Sierra,11071,U.E. Arboleda De Fatima,7024601,8,240,198,0,5,203,198,203
1,Andrés Ibáñez,1,Santa Cruz de La Sierra,2234,Santa Cruz de la Sierra,11071,U.E. Arboleda De Fatima,7024611,9,240,204,1,6,211,204,211
1,Andrés Ibáñez,1,Santa Cruz de La Sierra,2234,Santa Cruz de la Sierra,11071,U.E. Arboleda De Fatima,7024621,10,240,206,3,6,215,206,215
1,Andrés Ibáñez,1,Santa Cruz de La Sierra,2234,Santa Cruz de la Sierra,11071,U.E. Arboleda De Fatima,7024631,11,240,195,1,3,199,195,199
1,Andrés Ibáñez,1,Santa Cruz de La Sierra,2234,Santa Cruz de la Sierra,11071,U.E. Arboleda De Fatima,7024641,12,240,195,2,8,205,195,205
1,Andrés Ibáñez,1,Santa Cruz de La Sierra,2234,Santa Cruz de la Sierra,11072,U.E. Florida Barba Chávez,7023501,9,240,188,0,2,190,188,190
1,Andrés Ibáñez,1,Santa Cruz de La Sierra,2234,Santa Cruz de la Sierra,11072,U.E. Florida Barba Chávez,7023511,10,240,184,2,3,189,184,189
1,Andrés Ibáñez,1,Santa Cruz de La Sierra,2234,Santa Cruz de la Sierra,11073,U.E. 25 de Octubre,7023751,1,240,177,1,10,188,177,188
1,Andrés Ibáñez,1,Santa Cruz de La Sierra,2234,Santa Cruz de la Sierra,11073,U.E. 25 de Octubre,7023761,2,240,199,0,11,210,199,210
1,Andrés Ibáñez,1,Santa Cruz de La Sierra,2234,Santa Cruz de la Sierra,11073,U.E. 25 de Octubre,7023771,3,240,194,1,9,204,194,204
1,Andrés Ibáñez,1,Santa Cruz de La Sierra,2234,Santa Cruz de la Sierra,11073,U.E. 25 de Octubre,7023801,6,240,185,5,5,195,185,195
1,Andrés Ibáñez,1,Santa Cruz de La Sierra,2234,Santa Cruz de la Sierra,11073,U.E. 25 de Octubre,7023811,7,240,191,1,9,201,191,201
1,Andrés Ibáñez,1,Santa Cruz de La Sierra,2234,Santa Cruz de la Sierra,11073,U.E. 25 de Octubre,7023821,8,240,181,1,10,192,181,192
1,Andrés Ibáñez,1,Santa Cruz de La Sierra,2234,Santa Cruz de la Sierra,11073,U.E. 25 de Octubre,7023831,9,240,183,0,6,189,183,189
1,Andrés Ibáñez,1,Santa Cruz de La Sierra,2234,Santa Cruz de la Sierra,11073,U.E. 25 de Octubre,7023841,10,207,166,1,2,169,166,169
1,Andrés Ibáñez,1,Santa Cruz de La Sierra,2234,Santa Cruz de la Sierra,11075,Pedro Diez,7036611,3,240,191,0,3,194,191,194
1,Andrés Ibáñez,1,Santa Cruz de La Sierra,2234,Santa Cruz de la Sierra,11076,Sahara Guardia,7035881,4,240,207,2,10,219,207,219
1,Andrés Ibáñez,1,Santa Cruz de La Sierra,2234,Santa Cruz de la Sierra,11076,Sahara Guardia,7035921,8,240,212,0,4,216,212,216
1,Andrés Ibáñez,1,Santa Cruz de La Sierra,2234,Santa Cruz de la Sierra,11077,Universitario Sur,7035151,6,240,194,2,8,204,194,204
1,Andrés Ibáñez,1,Santa Cruz de La Sierra,2234,Santa Cruz de la Sierra,11077,Universitario Sur,7035171,8,240,201,1,5,207,201,207
1,Andrés Ibáñez,1,Santa Cruz de La Sierra,2234,Santa Cruz de la Sierra,11077,Universitario Sur,7035191,10,73,61,0,5,66,61,66
1,Andrés Ibáñez,1,Santa Cruz de La Sierra,2234,Santa Cruz de la Sierra,11078,Angelina Rivera,7044361,1,240,199,2,7,208,199,208
1,Andrés Ibáñez,1,Santa Cruz de La Sierra,2234,Santa Cruz de la Sierra,11078,Angelina Rivera,7044371,2,240,194,0,16,210,194,210
1,Andrés Ibáñez,1,Santa Cruz de La Sierra,2234,Santa Cruz de la Sierra,11078,Angelina Rivera,7044391,4,240,201,1,6,208,201,208
1,Andrés Ibáñez,1,Santa Cruz de La Sierra,2234,Santa Cruz de la Sierra,11078,Angelina Rivera,7044401,5,240,194,1,10,205,194,205
1,Andrés Ibáñez,1,Santa Cruz de La Sierra,2234,Santa Cruz de la Sierra,11078,Angelina Rivera,7044411,6,240,197,2,8,207,197,207
1,Andrés Ibáñez,1,Santa Cruz de La Sierra,2234,Santa Cruz de la Sierra,11078,Angelina Rivera,7044421,7,240,194,1,12,207,194,207
1,Andrés Ibáñez,1,Santa Cruz de La Sierra,2234,Santa Cruz de la Sierra,11078,Angelina Rivera,7044441,9,240,205,2,3,210,205,210
1,Andrés Ibáñez,1,Santa Cruz de La Sierra,2234,Santa Cruz de la Sierra,11078,Angelina Rivera,7044481,13,232,188,3,11,202,188,202
1,Andrés Ibáñez,1,Santa Cruz de La Sierra,2234,Santa Cruz de la Sierra,11079,U.E. Nestor Paz Zamora,7034081,10,240,172,1,22,195,172,195
1,Andrés Ibáñez,1,Santa Cruz de La Sierra,2234,Santa Cruz de la Sierra,11079,U.E. Nestor Paz Zamora,7034131,15,240,196,1,11,208,196,208
1,Andrés Ibáñez,1,Santa Cruz de La Sierra,2234,Santa Cruz de la Sierra,11079,U.E. Nestor Paz Zamora,7034141,16,240,188,1,12,201,188,201
1,Andrés Ibáñez,1,Santa Cruz de La Sierra,2234,Santa Cruz de la Sierra,11079,U.E. Nestor Paz Zamora,7034221,24,240,198,0,11,209,198,209
1,Andrés Ibáñez,1,Santa Cruz de La Sierra,2234,Santa Cruz de la Sierra,11079,U.E. Nestor Paz Zamora,7034231,25,240,194,0,11,205,194,205
1,Andrés Ibáñez,1,Santa Cruz de La Sierra,2234,Santa Cruz de la Sierra,11081,U.E. Rep. del Paraguay,7045891,1,240,195,0,13,208,195,208
1,Andrés Ibáñez,1,Santa Cruz de La Sierra,2234,Santa Cruz de la Sierra,11081,U.E. Rep. del Paraguay,7045901,2,240,196,0,9,205,196,205
1,Andrés Ibáñez,1,Santa Cruz de La Sierra,2234,Santa Cruz de la Sierra,11082,Modulo Rancho Nuevo,7016991,8,240,193,0,3,196,193,196
1,Andrés Ibáñez,1,Santa Cruz de La Sierra,2234,Santa Cruz de la Sierra,11082,Modulo Rancho Nuevo,7017001,9,240,198,0,7,205,198,205
1,Andrés Ibáñez,1,Santa Cruz de La Sierra,2234,Santa Cruz de la Sierra,11082,Modulo Rancho Nuevo,7017011,10,240,189,1,4,194,189,194
1,Andrés Ibáñez,1,Santa Cruz de La Sierra,2234,Santa Cruz de la Sierra,11082,Modulo Rancho Nuevo,7017021,11,240,194,1,8,203,194,203
1,Andrés Ibáñez,1,Santa Cruz de La Sierra,2234,Santa Cruz de la Sierra,11082,Modulo Rancho Nuevo,7017031,12,240,183,0,10,193,183,193
1,Andrés Ibáñez,1,Santa Cruz de La Sierra,2234,Santa Cruz de la Sierra,11082,Modulo Rancho Nuevo,7017041,13,240,188,0,6,194,188,194
1,Andrés Ibáñez,1,Santa Cruz de La Sierra,2234,Santa Cruz de la Sierra,11082,Modulo Rancho Nuevo,7017051,14,240,196,0,2,198,196,198
1,Andrés Ibáñez,1,Santa Cruz de La Sierra,2234,Santa Cruz de la Sierra,11082,Modulo Rancho Nuevo,7017061,15,240,189,0,6,195,189,195
1,Andrés Ibáñez,1,Santa Cruz de La Sierra,2234,Santa Cruz de la Sierra,11082,Modulo Rancho Nuevo,7017071,16,240,196,0,1,197,196,197
1,Andrés Ibáñez,1,Santa Cruz de La Sierra,2234,Santa Cruz de la Sierra,11082,Modulo Rancho Nuevo,7017081,17,240,198,1,7,206,198,206
1,Andrés Ibáñez,1,Santa Cruz de La Sierra,2234,Santa Cruz de la Sierra,11082,Modulo Rancho Nuevo,7017091,18,240,197,1,7,205,197,205
1,Andrés Ibáñez,1,Santa Cruz de La Sierra,2234,Santa Cruz de la Sierra,11082,Modulo Rancho Nuevo,7017101,19,240,182,0,5,187,182,187
1,Andrés Ibáñez,1,Santa Cruz de La Sierra,2234,Santa Cruz de la Sierra,11082,Modulo Rancho Nuevo,7017111,20,240,191,0,9,200,191,200
1,Andrés Ibáñez,1,Santa Cruz de La Sierra,2234,Santa Cruz de la Sierra,11082,Modulo Rancho Nuevo,7017121,21,240,191,1,8,200,191,200
1,Andrés Ibáñez,1,Santa Cruz de La Sierra,2234,Santa Cruz de la Sierra,11082,Modulo Rancho Nuevo,7017131,22,240,198,0,6,204,198,204
1,Andrés Ibáñez,1,Santa Cruz de La Sierra,2234,Santa Cruz de la Sierra,11082,Modulo Rancho Nuevo,7017141,23,125,93,1,8,102,93,102
1,Andrés Ibáñez,1,Santa Cruz de La Sierra,2234,Santa Cruz de la Sierra,11083,Kinder Nimia Centella,7027971,2,240,190,0,6,196,190,196
1,Andrés Ibáñez,1,Santa Cruz de La Sierra,2234,Santa Cruz de la Sierra,11083,Kinder Nimia Centella,7027991,4,232,174,1,4,179,174,179
1,Andrés Ibáñez,1,Santa Cruz de La Sierra,2234,Santa Cruz de la Sierra,11084,Kinder Ferroviario,7016041,1,240,189,2,4,195,189,195
1,Andrés Ibáñez,1,Santa Cruz de La Sierra,2234,Santa Cruz de la Sierra,11084,Kinder Ferroviario,7016051,2,240,204,0,5,209,204,209
1,Andrés Ibáñez,1,Santa Cruz de La Sierra,2234,Santa Cruz de la Sierra,11084,Kinder Ferroviario,7016061,3,252,208,0,4,212,208,212
1,Andrés Ibáñez,1,Santa Cruz de La Sierra,2234,Santa Cruz de la Sierra,11085,U.E. 3 de Mayo,7029571,1,240,182,1,7,190,182,190
1,Andrés Ibáñez,1,Santa Cruz de La Sierra,2234,Santa Cruz de la Sierra,11085,U.E. 3 de Mayo,7029611,5,240,183,1,5,189,183,189
1,Andrés Ibáñez,1,Santa Cruz de La Sierra,2234,Santa Cruz de la Sierra,11085,U.E. 3 de Mayo,7029631,7,240,173,0,13,186,173,186
1,Andrés Ibáñez,1,Santa Cruz de La Sierra,2234,Santa Cruz de la Sierra,11085,U.E. 3 de Mayo,7029681,12,193,142,1,9,152,142,152
1,Andrés Ibáñez,1,Santa Cruz de La Sierra,2234,Santa Cruz de la Sierra,11086,U.E. San Juan Bautista,7024901,4,240,200,1,4,205,200,205
1,Andrés Ibáñez,1,Santa Cruz de La Sierra,2234,Santa Cruz de la Sierra,11086,U.E. San Juan Bautista,7024911,5,240,196,0,7,203,196,203
1,Andrés Ibáñez,1,Santa Cruz de La Sierra,2234,Santa Cruz de la Sierra,11086,U.E. San Juan Bautista,7024931,7,240,200,0,8,208,200,208
1,Andrés Ibáñez,1,Santa Cruz de La Sierra,2234,Santa Cruz de la Sierra,11086,U.E. San Juan Bautista,7024941,8,240,201,0,28,229,201,229
1,Andrés Ibáñez,1,Santa Cruz de La Sierra,2234,Santa Cruz de la Sierra,11086,U.E. San Juan Bautista,7024951,9,242,185,0,12,197,185,197
1,Andrés Ibáñez,1,Santa Cruz de La Sierra,2234,Santa Cruz de la Sierra,11087,U.E. San Juan del Este,7047611,1,240,179,2,12,193,179,193
1,Andrés Ibáñez,1,Santa Cruz de La Sierra,2234,Santa Cruz de la Sierra,11087,U.E. San Juan del Este,7047621,2,240,147,0,56,203,147,203
1,Andrés Ibáñez,1,Santa Cruz de La Sierra,2234,Santa Cruz de la Sierra,11087,U.E. San Juan del Este,7047631,3,240,157,4,27,188,157,188
1,Andrés Ibáñez,1,Santa Cruz de La Sierra,2234,Santa Cruz de la Sierra,11087,U.E. San Juan del Este,7047641,4,240,186,2,9,197,186,197
1,Andrés Ibáñez,1,Santa Cruz de La Sierra,2234,Santa Cruz de la Sierra,11087,U.E. San Juan del Este,7047661,6,240,186,0,18,204,186,204
1,Andrés Ibáñez,1,Santa Cruz de La Sierra,2234,Santa Cruz de la Sierra,11087,U.E. San Juan del Este,7047671,7,240,179,3,24,206,179,206
1,Andrés Ibáñez,1,Santa Cruz de La Sierra,2234,Santa Cruz de la Sierra,11087,U.E. San Juan del Este,7047681,8,240,195,1,13,209,195,209
1,Andrés Ibáñez,1,Santa Cruz de La Sierra,2234,Santa Cruz de la Sierra,11087,U.E. San Juan del Este,7047691,9,240,186,3,7,196,186,196
1,Andrés Ibáñez,1,Santa Cruz de La Sierra,2234,Santa Cruz de la Sierra,11088,U.E. 19 de Marzo,7047781,1,240,182,1,19,202,182,202
1,Andrés Ibáñez,1,Santa Cruz de La Sierra,2234,Santa Cruz de la Sierra,11088,U.E. 19 de Marzo,7047791,2,240,177,2,22,201,177,201
1,Andrés Ibáñez,1,Santa Cruz de La Sierra,2234,Santa Cruz de la Sierra,11088,U.E. 19 de Marzo,7047801,3,240,187,2,11,200,187,200
1,Andrés Ibáñez,1,Santa Cruz de La Sierra,2234,Santa Cruz de la Sierra,11088,U.E. 19 de Marzo,7047811,4,240,188,2,12,202,188,202
1,Andrés Ibáñez,1,Santa Cruz de La Sierra,2234,Santa Cruz de la Sierra,11088,U.E. 19 de Marzo,7047821,5,240,195,2,6,203,195,203
1,Andrés Ibáñez,1,Santa Cruz de La Sierra,2234,Santa Cruz de la Sierra,11088,U.E. 19 de Marzo,7047831,6,240,179,0,11,190,179,190
1,Andrés Ibáñez,1,Santa Cruz de La Sierra,2234,Santa Cruz de la Sierra,11088,U.E. 19 de Marzo,7047851,8,240,178,3,20,201,178,201
1,Andrés Ibáñez,1,Santa Cruz de La Sierra,2234,Santa Cruz de la Sierra,11088,U.E. 19 de Marzo,7047871,10,138,98,0,4,102,98,102
1,Andrés Ibáñez,1,Santa Cruz de La Sierra,2234,Santa Cruz de la Sierra,11089,U.E. Villa Moderna,7047911,4,240,175,1,11,187,175,187
1,Andrés Ibáñez,1,Santa Cruz de La Sierra,2234,Santa Cruz de la Sierra,11089,U.E. Villa Moderna,7047921,5,240,190,0,10,200,190,200
1,Andrés Ibáñez,1,Santa Cruz de La Sierra,2234,Santa Cruz de la Sierra,11089,U.E. Villa Moderna,7047951,8,116,88,1,5,94,88,94
1,Andrés Ibáñez,1,Santa Cruz de La Sierra,2234,Santa Cruz de la Sierra,11092,16 de Febrero,7019441,1,240,194,1,7,202,194,202
1,Andrés Ibáñez,1,Santa Cruz de La Sierra,2234,Santa Cruz de la Sierra,11092,16 de Febrero,7019451,2,240,190,4,5,199,190,199
1,Andrés Ibáñez,1,Santa Cruz de La Sierra,2234,Santa Cruz de la Sierra,11092,16 de Febrero,7019461,3,240,197,0,5,202,197,202
1,Andrés Ibáñez,1,Santa Cruz de La Sierra,2234,Santa Cruz de la Sierra,11092,16 de Febrero,7019471,4,240,194,0,4,198,194,198
1,Andrés Ibáñez,1,Santa Cruz de La Sierra,2234,Santa Cruz de la Sierra,11092,16 de Febrero,7019481,5,240,196,1,13,210,196,210
1,Andrés Ibáñez,1,Santa Cruz de La Sierra,2234,Santa Cruz de la Sierra,11092,16 de Febrero,7019491,6,240,190,1,6,197,190,197
1,Andrés Ibáñez,1,Santa Cruz de La Sierra,2234,Santa Cruz de la Sierra,11092,16 de Febrero,7019531,10,240,196,0,2,198,196,198
1,Andrés Ibáñez,1,Santa Cruz de La Sierra,2234,Santa Cruz de la Sierra,11092,16 de Febrero,7019541,11,24,22,0,0,22,22,22
1,Andrés Ibáñez,1,Santa Cruz de La Sierra,2234,Santa Cruz de la Sierra,11093,Colegio San Francisco de Asis,7043281,1,240,190,0,11,201,190,201
1,Andrés Ibáñez,1,Santa Cruz de La Sierra,2234,Santa Cruz de la Sierra,11093,Colegio San Francisco de Asis,7043321,5,240,189,2,7,198,189,198
1,Andrés Ibáñez,1,Santa Cruz de La Sierra,2234,Santa Cruz de la Sierra,11093,Colegio San Francisco de Asis,7043331,6,240,202,1,4,207,202,207
1,Andrés Ibáñez,1,Santa Cruz de La Sierra,2234,Santa Cruz de la Sierra,11093,Colegio San Francisco de Asis,7043341,7,240,189,2,6,197,189,197
1,Andrés Ibáñez,1,Santa Cruz de La Sierra,2234,Santa Cruz de la Sierra,11093,Colegio San Francisco de Asis,7043351,8,240,197,1,8,206,197,206
1,Andrés Ibáñez,1,Santa Cruz de La Sierra,2234,Santa Cruz de la Sierra,11093,Colegio San Francisco de Asis,7043361,9,240,197,1,10,208,197,208
1,Andrés Ibáñez,1,Santa Cruz de La Sierra,2234,Santa Cruz de la Sierra,11093,Colegio San Francisco de Asis,7043381,11,36,29,1,1,31,29,31
1,Andrés Ibáñez,1,Santa Cruz de La Sierra,2234,Santa Cruz de la Sierra,11094,U.E. 18 de Julio,7019561,2,240,194,1,4,199,194,199
1,Andrés Ibáñez,1,Santa Cruz de La Sierra,2234,Santa Cruz de la Sierra,11094,U.E. 18 de Julio,7019571,3,240,192,1,16,209,192,209
1,Andrés Ibáñez,1,Santa Cruz de La Sierra,2234,Santa Cruz de la Sierra,11094,U.E. 18 de Julio,7019631,9,240,192,1,4,197,192,197
1,Andrés Ibáñez,1,Santa Cruz de La Sierra,2234,Santa Cruz de la Sierra,11094,U.E. 18 de Julio,7019641,10,240,189,1,4,194,189,194
1,Andrés Ibáñez,1,Santa Cruz de La Sierra,2234,Santa Cruz de la Sierra,11094,U.E. 18 de Julio,7019651,11,240,195,2,10,207,195,207
1,Andrés Ibáñez,1,Santa Cruz de La Sierra,2234,Santa Cruz de la Sierra,11094,U.E. 18 de Julio,7019661,12,240,191,1,9,201,191,201
1,Andrés Ibáñez,1,Santa Cruz de La Sierra,2234,Santa Cruz de la Sierra,11094,U.E. 18 de Julio,7019671,13,240,197,5,8,210,197,210
1,Andrés Ibáñez,1,Santa Cruz de La Sierra,2234,Santa Cruz de la Sierra,11094,U.E. 18 de Julio,7019681,14,240,175,0,15,190,175,190
1,Andrés Ibáñez,1,Santa Cruz de La Sierra,2234,Santa Cruz de la Sierra,11094,U.E. 18 de Julio,7019691,15,240,187,4,13,204,187,204
1,Andrés Ibáñez,1,Santa Cruz de La Sierra,2234,Santa Cruz de la Sierra,11094,U.E. 18 de Julio,7019701,16,177,141,1,13,155,141,155
1,Andrés Ibáñez,1,Santa Cruz de La Sierra,2234,Santa Cruz de la Sierra,25416,Kinder Guarderia El Carmen,7003211,1,240,175,3,10,188,175,188
1,Andrés Ibáñez,1,Santa Cruz de La Sierra,2234,Santa Cruz de la Sierra,25417,Facultad de Ciencias Agricolas U.A.G.R.M.,7011871,8,240,195,1,8,204,195,204
1,Andrés Ibáñez,1,Santa Cruz de La Sierra,2234,Santa Cruz de la Sierra,25417,Facultad de Ciencias Agricolas U.A.G.R.M.,7011881,9,240,208,1,4,213,208,213
1,Andrés Ibáñez,1,Santa Cruz de La Sierra,2234,Santa Cruz de la Sierra,25417,Facultad de Ciencias Agricolas U.A.G.R.M.,7011891,10,240,198,0,6,204,198,204
1,Andrés Ibáñez,1,Santa Cruz de La Sierra,2234,Santa Cruz de la Sierra,25417,Facultad de Ciencias Agricolas U.A.G.R.M.,7011901,11,240,194,0,6,200,194,200
1,Andrés Ibáñez,1,Santa Cruz de La Sierra,2234,Santa Cruz de la Sierra,25417,Facultad de Ciencias Agricolas U.A.G.R.M.,7011911,12,240,183,1,18,202,183,202
1,Andrés Ibáñez,1,Santa Cruz de La Sierra,2234,Santa Cruz de la Sierra,25417,Facultad de Ciencias Agricolas U.A.G.R.M.,7011921,13,240,176,2,18,196,176,196
1,Andrés Ibáñez,1,Santa Cruz de La Sierra,2234,Santa Cruz de la Sierra,25417,Facultad de Ciencias Agricolas U.A.G.R.M.,7011941,15,240,204,0,2,206,204,206
1,Andrés Ibáñez,1,Santa Cruz de La Sierra,2234,Santa Cruz de la Sierra,25417,Facultad de Ciencias Agricolas U.A.G.R.M.,7011951,16,240,205,1,4,210,205,210
1,Andrés Ibáñez,1,Santa Cruz de La Sierra,2234,Santa Cruz de la Sierra,25417,Facultad de Ciencias Agricolas U.A.G.R.M.,7011961,17,240,196,0,9,205,196,205
1,Andrés Ibáñez,1,Santa Cruz de La Sierra,2234,Santa Cruz de la Sierra,25417,Facultad de Ciencias Agricolas U.A.G.R.M.,7011971,18,240,201,1,4,206,201,206
1,Andrés Ibáñez,1,Santa Cruz de La Sierra,2234,Santa Cruz de la Sierra,25417,Facultad de Ciencias Agricolas U.A.G.R.M.,7011981,19,240,209,0,3,212,209,212
1,Andrés Ibáñez,1,Santa Cruz de La Sierra,2234,Santa Cruz de la Sierra,25417,Facultad de Ciencias Agricolas U.A.G.R.M.,7011991,20,240,199,0,10,209,199,209
1,Andrés Ibáñez,1,Santa Cruz de La Sierra,2234,Santa Cruz de la Sierra,25417,Facultad de Ciencias Agricolas U.A.G.R.M.,7012011,22,240,201,1,4,206,201,206
1,Andrés Ibáñez,1,Santa Cruz de La Sierra,2234,Santa Cruz de la Sierra,25417,Facultad de Ciencias Agricolas U.A.G.R.M.,7012021,23,240,209,1,5,215,209,215
1,Andrés Ibáñez,1,Santa Cruz de La Sierra,2234,Santa Cruz de la Sierra,25417,Facultad de Ciencias Agricolas U.A.G.R.M.,7012031,24,240,204,0,7,211,204,211
1,Andrés Ibáñez,1,Santa Cruz de La Sierra,2234,Santa Cruz de la Sierra,25417,Facultad de Ciencias Agricolas U.A.G.R.M.,7012041,25,240,197,1,6,204,197,204
1,Andrés Ibáñez,1,Santa Cruz de La Sierra,2234,Santa Cruz de la Sierra,25417,Facultad de Ciencias Agricolas U.A.G.R.M.,7012051,26,240,198,2,6,206,198,206
1,Andrés Ibáñez,1,Santa Cruz de La Sierra,2234,Santa Cruz de la Sierra,25417,Facultad de Ciencias Agricolas U.A.G.R.M.,7012061,27,240,211,2,3,216,211,216
1,Andrés Ibáñez,1,Santa Cruz de La Sierra,2234,Santa Cruz de la Sierra,25417,Facultad de Ciencias Agricolas U.A.G.R.M.,7012071,28,73,56,0,3,59,56,59
1,Andrés Ibáñez,1,Santa Cruz de La Sierra,2234,Santa Cruz de la Sierra,25419,U.E. Josefina Balsamo Los Pinos,7022361,1,240,173,1,13,187,173,187
1,Andrés Ibáñez,1,Santa Cruz de La Sierra,2234,Santa Cruz de la Sierra,25419,U.E. Josefina Balsamo Los Pinos,7022411,6,240,197,2,3,202,197,202
1,Andrés Ibáñez,1,Santa Cruz de La Sierra,2234,Santa Cruz de la Sierra,25419,U.E. Josefina Balsamo Los Pinos,7022421,7,240,190,0,7,197,190,197
1,Andrés Ibáñez,1,Santa Cruz de La Sierra,2234,Santa Cruz de la Sierra,25419,U.E. Josefina Balsamo Los Pinos,7022431,8,30,24,0,0,24,24,24
1,Andrés Ibáñez,1,Santa Cruz de La Sierra,2234,Santa Cruz de la Sierra,25421,U.E. Pastorcito De Fátima (Don Bosco),7001891,1,240,192,0,7,199,192,199
1,Andrés Ibáñez,1,Santa Cruz de La Sierra,2234,Santa Cruz de la Sierra,25421,U.E. Pastorcito De Fátima (Don Bosco),7001901,2,240,188,2,4,194,188,194
1,Andrés Ibáñez,1,Santa Cruz de La Sierra,2234,Santa Cruz de la Sierra,25421,U.E. Pastorcito De Fátima (Don Bosco),7001911,3,240,187,2,6,195,187,195
1,Andrés Ibáñez,1,Santa Cruz de La Sierra,2234,Santa Cruz de la Sierra,25421,U.E. Pastorcito De Fátima (Don Bosco),7001921,4,240,197,1,12,210,197,210
1,Andrés Ibáñez,1,Santa Cruz de La Sierra,2234,Santa Cruz de la Sierra,25421,U.E. Pastorcito De Fátima (Don Bosco),7001931,5,58,42,0,2,44,42,44
1,Andrés Ibáñez,1,Santa Cruz de La Sierra,2234,Santa Cruz de la Sierra,25422,U.E. Bibosi,7020441,4,240,178,0,12,190,178,190
1,Andrés Ibáñez,1,Santa Cruz de La Sierra,2234,Santa Cruz de la Sierra,25422,U.E. Bibosi,7020451,5,240,138,2,43,183,138,183
1,Andrés Ibáñez,1,Santa Cruz de La Sierra,2234,Santa Cruz de la Sierra,25422,U.E. Bibosi,7020461,6,240,187,0,7,194,187,194
1,Andrés Ibáñez,1,Santa Cruz de La Sierra,2234,Santa Cruz de la Sierra,25422,U.E. Bibosi,7020471,7,240,194,0,6,200,194,200
1,Andrés Ibáñez,1,Santa Cruz de La Sierra,2234,Santa Cruz de la Sierra,25422,U.E. Bibosi,7020481,8,241,170,1,9,180,170,180
1,Andrés Ibáñez,1,Santa Cruz de La Sierra,2234,Santa Cruz de la Sierra,25423,U.E. El Arenal C,7016871,1,240,191,0,13,204,191,204
1,Andrés Ibáñez,1,Santa Cruz de La Sierra,2234,Santa Cruz de la Sierra,25423,U.E. El Arenal C,7016881,2,240,185,1,8,194,185,194
1,Andrés Ibáñez,1,Santa Cruz de La Sierra,2234,Santa Cruz de la Sierra,25423,U.E. El Arenal C,7016891,3,240,209,0,5,214,209,214
1,Andrés Ibáñez,1,Santa Cruz de La Sierra,2234,Santa Cruz de la Sierra,25423,U.E. El Arenal C,7016901,4,240,195,1,6,202,195,202
1,Andrés Ibáñez,1,Santa Cruz de La Sierra,2234,Santa Cruz de la Sierra,25423,U.E. El Arenal C,7016911,5,157,127,1,4,132,127,132
1,Andrés Ibáñez,1,Santa Cruz de La Sierra,2234,Santa Cruz de la Sierra,25425,U.E. Luis Antonio Añez Campos,7031061,7,240,177,2,10,189,177,189
1,Andrés Ibáñez,1,Santa Cruz de La Sierra,2234,Santa Cruz de la Sierra,25425,U.E. Luis Antonio Añez Campos,7031071,8,240,186,2,6,194,186,194
1,Andrés Ibáñez,1,Santa Cruz de La Sierra,2234,Santa Cruz de la Sierra,25425,U.E. Luis Antonio Añez Campos,7031081,9,240,188,1,5,194,188,194
1,Andrés Ibáñez,1,Santa Cruz de La Sierra,2234,Santa Cruz de la Sierra,25425,U.E. Luis Antonio Añez Campos,7031101,11,240,168,2,17,187,168,187
1,Andrés Ibáñez,1,Santa Cruz de La Sierra,2234,Santa Cruz de la Sierra,25426,U.E. 26 de Junio,7031431,1,240,184,0,11,195,184,195
1,Andrés Ibáñez,1,Santa Cruz de La Sierra,2234,Santa Cruz de la Sierra,25426,U.E. 26 de Junio,7031441,2,240,191,1,7,199,191,199
1,Andrés Ibáñez,1,Santa Cruz de La Sierra,2234,Santa Cruz de la Sierra,25426,U.E. 26 de Junio,7031451,3,240,182,0,10,192,182,192
1,Andrés Ibáñez,1,Santa Cruz de La Sierra,2234,Santa Cruz de la Sierra,25426,U.E. 26 de Junio,7031461,4,240,183,1,9,193,183,193
1,Andrés Ibáñez,1,Santa Cruz de La Sierra,2234,Santa Cruz de la Sierra,25426,U.E. 26 de Junio,7031471,5,240,194,0,7,201,194,201
1,Andrés Ibáñez,1,Santa Cruz de La Sierra,2234,Santa Cruz de la Sierra,25426,U.E. 26 de Junio,7031481,6,240,188,2,14,204,188,204
1,Andrés Ibáñez,1,Santa Cruz de La Sierra,2234,Santa Cruz de la Sierra,25426,U.E. 26 de Junio,7031491,7,240,188,0,6,194,188,194
1,Andrés Ibáñez,1,Santa Cruz de La Sierra,2234,Santa Cruz de la Sierra,25426,U.E. 26 de Junio,7031501,8,240,185,1,9,195,185,195
1,Andrés Ibáñez,1,Santa Cruz de La Sierra,2234,Santa Cruz de la Sierra,25426,U.E. 26 de Junio,7031511,9,240,190,0,15,205,190,205
1,Andrés Ibáñez,1,Santa Cruz de La Sierra,2234,Santa Cruz de la Sierra,25426,U.E. 26 de Junio,7031531,11,240,192,1,4,197,192,197
1,Andrés Ibáñez,1,Santa Cruz de La Sierra,2234,Santa Cruz de la Sierra,25428,U.E. Villa Alba,7018241,2,240,195,0,7,202,195,202
1,Andrés Ibáñez,1,Santa Cruz de La Sierra,2234,Santa Cruz de la Sierra,25428,U.E. Villa Alba,7018251,3,240,191,2,8,201,191,201
1,Andrés Ibáñez,1,Santa Cruz de La Sierra,2234,Santa Cruz de la Sierra,25428,U.E. Villa Alba,7018261,4,186,152,1,5,158,152,158
1,Andrés Ibáñez,1,Santa Cruz de La Sierra,2234,Santa Cruz de la Sierra,25429,U.E. Señor de los Milagros,7018711,1,240,186,4,9,199,186,199
1,Andrés Ibáñez,1,Santa Cruz de La Sierra,2234,Santa Cruz de la Sierra,25429,U.E. Señor de los Milagros,7018721,2,240,201,1,5,207,201,207
1,Andrés Ibáñez,1,Santa Cruz de La Sierra,2234,Santa Cruz de la Sierra,25429,U.E. Señor de los Milagros,7018731,3,240,198,2,10,210,198,210
1,Andrés Ibáñez,1,Santa Cruz de La Sierra,2234,Santa Cruz de la Sierra,25429,U.E. Señor de los Milagros,7018741,4,240,192,1,5,198,192,198
1,Andrés Ibáñez,1,Santa Cruz de La Sierra,2234,Santa Cruz de la Sierra,25429,U.E. Señor de los Milagros,7018751,5,240,195,0,14,209,195,209
1,Andrés Ibáñez,1,Santa Cruz de La Sierra,2234,Santa Cruz de la Sierra,25429,U.E. Señor de los Milagros,7018761,6,240,194,1,8,203,194,203
1,Andrés Ibáñez,1,Santa Cruz de La Sierra,2234,Santa Cruz de la Sierra,25429,U.E. Señor de los Milagros,7018771,7,240,199,0,6,205,199,205
1,Andrés Ibáñez,1,Santa Cruz de La Sierra,2234,Santa Cruz de la Sierra,25429,U.E. Señor de los Milagros,7018781,8,240,204,0,6,210,204,210
1,Andrés Ibáñez,1,Santa Cruz de La Sierra,2234,Santa Cruz de la Sierra,25430,U.E. 24 de Marzo,7020271,1,240,195,1,7,203,195,203
1,Andrés Ibáñez,1,Santa Cruz de La Sierra,2234,Santa Cruz de la Sierra,25430,U.E. 24 de Marzo,7020281,2,240,192,2,6,200,192,200
1,Andrés Ibáñez,1,Santa Cruz de La Sierra,2234,Santa Cruz de la Sierra,25430,U.E. 24 de Marzo,7020291,3,240,186,0,12,198,186,198
1,Andrés Ibáñez,1,Santa Cruz de La Sierra,2234,Santa Cruz de la Sierra,25430,U.E. 24 de Marzo,7020301,4,240,188,1,8,197,188,197
1,Andrés Ibáñez,1,Santa Cruz de La Sierra,2234,Santa Cruz de la Sierra,25430,U.E. 24 de Marzo,7020311,5,240,192,2,6,200,192,200
1,Andrés Ibáñez,1,Santa Cruz de La Sierra,2234,Santa Cruz de la Sierra,25430,U.E. 24 de Marzo,7020331,7,240,181,3,8,192,181,192
1,Andrés Ibáñez,1,Santa Cruz de La Sierra,2234,Santa Cruz de la Sierra,25430,U.E. 24 de Marzo,7020341,8,240,192,2,8,202,192,202
1,Andrés Ibáñez,1,Santa Cruz de La Sierra,2234,Santa Cruz de la Sierra,25430,U.E. 24 de Marzo,7020351,9,240,173,3,17,193,173,193
1,Andrés Ibáñez,1,Santa Cruz de La Sierra,2234,Santa Cruz de la Sierra,25430,U.E. 24 de Marzo,7020361,10,240,187,3,7,197,187,197
1,Andrés Ibáñez,1,Santa Cruz de La Sierra,2234,Santa Cruz de la Sierra,25430,U.E. 24 de Marzo,7020401,14,139,114,1,5,120,114,120
1,Andrés Ibáñez,1,Santa Cruz de La Sierra,2234,Santa Cruz de la Sierra,25432,U.E. Maria De Las Candelarias,7025811,1,240,180,1,9,190,180,190
1,Andrés Ibáñez,1,Santa Cruz de La Sierra,2234,Santa Cruz de la Sierra,25432,U.E. Maria De Las Candelarias,7025821,2,240,190,0,8,198,190,198
1,Andrés Ibáñez,1,Santa Cruz de La Sierra,2234,Santa Cruz de la Sierra,25432,U.E. Maria De Las Candelarias,7025841,4,240,200,2,5,207,200,207
1,Andrés Ibáñez,1,Santa Cruz de La Sierra,2234,Santa Cruz de la Sierra,25432,U.E. Maria De Las Candelarias,7025851,5,240,197,2,3,202,197,202
1,Andrés Ibáñez,1,Santa Cruz de La Sierra,2234,Santa Cruz de la Sierra,25433,Kinder Libertad,7026941,2,240,186,0,4,190,186,190
1,Andrés Ibáñez,1,Santa Cruz de La Sierra,2234,Santa Cruz de la Sierra,25433,Kinder Libertad,7026961,4,240,183,0,8,191,183,191
1,Andrés Ibáñez,1,Santa Cruz de La Sierra,2234,Santa Cruz de la Sierra,25433,Kinder Libertad,7026971,5,47,33,0,0,33,33,33
1,Andrés Ibáñez,1,Santa Cruz de La Sierra,2234,Santa Cruz de la Sierra,25434,U.E. Hacia La Cumbre,7025301,1,240,191,0,14,205,191,205
1,Andrés Ibáñez,1,Santa Cruz de La Sierra,2234,Santa Cruz de la Sierra,25434,U.E. Hacia La Cumbre,7025311,2,240,195,0,1,196,195,196
1,Andrés Ibáñez,1,Santa Cruz de La Sierra,2234,Santa Cruz de la Sierra,25434,U.E. Hacia La Cumbre,7025331,4,240,193,1,4,198,193,198
1,Andrés Ibáñez,1,Santa Cruz de La Sierra,2234,Santa Cruz de la Sierra,25435,U.E. Palmar Del Oriente,7043621,5,240,198,2,7,207,198,207
1,Andrés Ibáñez,1,Santa Cruz de La Sierra,2234,Santa Cruz de la Sierra,25435,U.E. Palmar Del Oriente,7043641,7,240,206,1,12,219,206,219
1,Andrés Ibáñez,1,Santa Cruz de La Sierra,2234,Santa Cruz de la Sierra,25435,U.E. Palmar Del Oriente,7043651,8,240,208,0,4,212,208,212
1,Andrés Ibáñez,1,Santa Cruz de La Sierra,2234,Santa Cruz de la Sierra,25435,U.E. Palmar Del Oriente,7043661,9,240,192,0,10,202,192,202
1,Andrés Ibáñez,1,Santa Cruz de La Sierra,2234,Santa Cruz de la Sierra,25435,U.E. Palmar Del Oriente,7043681,11,62,47,0,1,48,47,48
1,Andrés Ibáñez,1,Santa Cruz de La Sierra,2234,Santa Cruz de la Sierra,25436,Kinder Cariñosito,7039381,1,240,190,1,8,199,190,199
1,Andrés Ibáñez,1,Santa Cruz de La Sierra,2234,Santa Cruz de la Sierra,25436,Kinder Cariñosito,7039401,3,240,182,1,13,196,182,196
1,Andrés Ibáñez,1,Santa Cruz de La Sierra,2234,Santa Cruz de la Sierra,25436,Kinder Cariñosito,7039411,4,240,194,1,5,200,194,200
1,Andrés Ibáñez,1,Santa Cruz de La Sierra,2234,Santa Cruz de la Sierra,25437,U.E. Mateo Kuljis Llic II,7039701,2,240,194,1,4,199,194,199
1,Andrés Ibáñez,1,Santa Cruz de La Sierra,2234,Santa Cruz de la Sierra,25437,U.E. Mateo Kuljis Llic II,7039711,3,240,202,0,4,206,202,206
1,Andrés Ibáñez,1,Santa Cruz de La Sierra,2234,Santa Cruz de la Sierra,25437,U.E. Mateo Kuljis Llic II,7039721,4,251,193,1,9,203,193,203
1,Andrés Ibáñez,1,Santa Cruz de La Sierra,2234,Santa Cruz de la Sierra,25439,Modulo Educativo Republica De Colombia,7036041,1,240,193,0,12,205,193,205
1,Andrés Ibáñez,1,Santa Cruz de La Sierra,2234,Santa Cruz de la Sierra,25439,Modulo Educativo Republica De Colombia,7036051,2,240,182,2,15,199,182,199
1,Andrés Ibáñez,1,Santa Cruz de La Sierra,2234,Santa Cruz de la Sierra,25439,Modulo Educativo Republica De Colombia,7036061,3,240,183,2,9,194,183,194
1,Andrés Ibáñez,1,Santa Cruz de La Sierra,2234,Santa Cruz de la Sierra,25439,Modulo Educativo Republica De Colombia,7036081,5,240,192,0,12,204,192,204
1,Andrés Ibáñez,1,Santa Cruz de La Sierra,2234,Santa Cruz de la Sierra,25439,Modulo Educativo Republica De Colombia,7036091,6,240,191,1,9,201,191,201
1,Andrés Ibáñez,1,Santa Cruz de La Sierra,2234,Santa Cruz de la Sierra,25439,Modulo Educativo Republica De Colombia,7036101,7,240,191,0,4,195,191,195
1,Andrés Ibáñez,1,Santa Cruz de La Sierra,2234,Santa Cruz de la Sierra,25439,Modulo Educativo Republica De Colombia,7036121,9,240,179,1,13,193,179,193
1,Andrés Ibáñez,1,Santa Cruz de La Sierra,2234,Santa Cruz de la Sierra,25439,Modulo Educativo Republica De Colombia,7036131,10,240,182,1,16,199,182,199
1,Andrés Ibáñez,1,Santa Cruz de La Sierra,2234,Santa Cruz de la Sierra,25439,Modulo Educativo Republica De Colombia,7036141,11,240,199,0,11,210,199,210
1,Andrés Ibáñez,1,Santa Cruz de La Sierra,2234,Santa Cruz de la Sierra,25440,U.E. Victoria Diez,7035951,1,240,185,2,18,205,185,205
1,Andrés Ibáñez,1,Santa Cruz de La Sierra,2234,Santa Cruz de la Sierra,25440,U.E. Victoria Diez,7035961,2,240,182,1,14,197,182,197
1,Andrés Ibáñez,1,Santa Cruz de La Sierra,2234,Santa Cruz de la Sierra,25440,U.E. Victoria Diez,7035981,4,240,187,1,11,199,187,199
1,Andrés Ibáñez,1,Santa Cruz de La Sierra,2234,Santa Cruz de la Sierra,25440,U.E. Victoria Diez,7036001,6,240,192,0,6,198,192,198
1,Andrés Ibáñez,1,Santa Cruz de La Sierra,2234,Santa Cruz de la Sierra,25440,U.E. Victoria Diez,7036011,7,240,182,1,23,206,182,206
1,Andrés Ibáñez,1,Santa Cruz de La Sierra,2234,Santa Cruz de la Sierra,25440,U.E. Victoria Diez,7036021,8,240,188,0,11,199,188,199
1,Andrés Ibáñez,1,Santa Cruz de La Sierra,2234,Santa Cruz de la Sierra,25440,U.E. Victoria Diez,7036031,9,161,134,0,4,138,134,138
1,Andrés Ibáñez,1,Santa Cruz de La Sierra,2234,Santa Cruz de la Sierra,25441,Modulo Educativo Cenetrop,7045711,1,240,184,1,8,193,184,193
1,Andrés Ibáñez,1,Santa Cruz de La Sierra,2234,Santa Cruz de la Sierra,25442,U.E. Santa Ana C,7038811,3,240,186,1,5,192,186,192
1,Andrés Ibáñez,1,Santa Cruz de La Sierra,2234,Santa Cruz de la Sierra,25444,Modulo Educativo 24 De Septiembre,7036851,4,240,183,0,2,185,183,185
1,Andrés Ibáñez,1,Santa Cruz de La Sierra,2234,Santa Cruz de la Sierra,25470,U.E. Santa Cruz de la Sierra,7014671,9,240,193,2,10,205,193,205
1,Andrés Ibáñez,1,Santa Cruz de La Sierra,2234,Santa Cruz de la Sierra,25470,U.E. Santa Cruz de la Sierra,7014691,11,240,197,0,5,202,197,202
1,Andrés Ibáñez,1,Santa Cruz de La Sierra,2234,Santa Cruz de la Sierra,25470,U.E. Santa Cruz de la Sierra,7014701,12,240,195,2,6,203,195,203
1,Andrés Ibáñez,1,Santa Cruz de La Sierra,2234,Santa Cruz de la Sierra,25470,U.E. Santa Cruz de la Sierra,7014711,13,240,207,0,4,211,207,211
1,Andrés Ibáñez,1,Santa Cruz de La Sierra,2234,Santa Cruz de la Sierra,25470,U.E. Santa Cruz de la Sierra,7014721,14,240,189,1,4,194,189,194
1,Andrés Ibáñez,1,Santa Cruz de La Sierra,2234,Santa Cruz de la Sierra,25470,U.E. Santa Cruz de la Sierra,7014731,15,240,213,1,2,216,213,216
1,Andrés Ibáñez,1,Santa Cruz de La Sierra,2234,Santa Cruz de la Sierra,25470,U.E. Santa Cruz de la Sierra,7014761,18,240,203,3,4,210,203,210
1,Andrés Ibáñez,1,Santa Cruz de La Sierra,2234,Santa Cruz de la Sierra,25470,U.E. Santa Cruz de la Sierra,7014771,19,240,201,1,6,208,201,208
1,Andrés Ibáñez,1,Santa Cruz de La Sierra,2234,Santa Cruz de la Sierra,25470,U.E. Santa Cruz de la Sierra,7014801,22,240,197,2,2,201,197,201
1,Andrés Ibáñez,1,Santa Cruz de La Sierra,2234,Santa Cruz de la Sierra,25470,U.E. Santa Cruz de la Sierra,7014841,26,240,207,1,6,214,207,214
1,Andrés Ibáñez,1,Santa Cruz de La Sierra,2234,Santa Cruz de la Sierra,25470,U.E. Santa Cruz de la Sierra,7014851,27,240,197,0,10,207,197,207
1,Andrés Ibáñez,1,Santa Cruz de La Sierra,2234,Santa Cruz de la Sierra,25470,U.E. Santa Cruz de la Sierra,7014861,28,240,187,0,10,197,187,197
1,Andrés Ibáñez,1,Santa Cruz de La Sierra,2234,Santa Cruz de la Sierra,25470,U.E. Santa Cruz de la Sierra,7014871,29,91,79,1,2,82,79,82
1,Andrés Ibáñez,1,Santa Cruz de La Sierra,2234,Santa Cruz de la Sierra,25475,U.E. Manantial De Vida,7048061,3,240,177,4,16,197,177,197
1,Andrés Ibáñez,1,Santa Cruz de La Sierra,2234,Santa Cruz de la Sierra,25475,U.E. Manantial De Vida,7048071,4,240,171,1,14,186,171,186
1,Andrés Ibáñez,1,Santa Cruz de La Sierra,2234,Santa Cruz de la Sierra,25475,U.E. Manantial De Vida,7048081,5,240,180,1,10,191,180,191
1,Andrés Ibáñez,1,Santa Cruz de La Sierra,2234,Santa Cruz de la Sierra,25475,U.E. Manantial De Vida,7048161,13,240,182,1,9,192,182,192
1,Andrés Ibáñez,1,Santa Cruz de La Sierra,2234,Santa Cruz de la Sierra,25653,U.E. Santa Cecilia,7022551,9,240,187,0,25,212,187,212
1,Andrés Ibáñez,1,Santa Cruz de La Sierra,2234,Santa Cruz de la Sierra,25653,U.E. Santa Cecilia,7022581,12,240,209,0,2,211,209,211
1,Andrés Ibáñez,1,Santa Cruz de La Sierra,2234,Santa Cruz de la Sierra,25653,U.E. Santa Cecilia,7022591,13,240,199,1,8,208,199,208
1,Andrés Ibáñez,1,Santa Cruz de La Sierra,2234,Santa Cruz de la Sierra,25654,U.E. Pedro Rivero Mercado,7024081,1,240,197,0,3,200,197,200
1,Andrés Ibáñez,1,Santa Cruz de La Sierra,2234,Santa Cruz de la Sierra,25654,U.E. Pedro Rivero Mercado,7024101,3,240,193,1,10,204,193,204
1,Andrés Ibáñez,1,Santa Cruz de La Sierra,2234,Santa Cruz de la Sierra,25654,U.E. Pedro Rivero Mercado,7024111,4,240,195,0,7,202,195,202
1,Andrés Ibáñez,1,Santa Cruz de La Sierra,2234,Santa Cruz de la Sierra,25654,U.E. Pedro Rivero Mercado,7024121,5,240,194,1,4,199,194,199
1,Andrés Ibáñez,1,Santa Cruz de La Sierra,2234,Santa Cruz de la Sierra,25654,U.E. Pedro Rivero Mercado,7024131,6,240,189,1,9,199,189,199
1,Andrés Ibáñez,1,Santa Cruz de La Sierra,2234,Santa Cruz de la Sierra,25654,U.E. Pedro Rivero Mercado,7024141,7,240,209,0,5,214,209,214
1,Andrés Ibáñez,1,Santa Cruz de La Sierra,2234,Santa Cruz de la Sierra,25654,U.E. Pedro Rivero Mercado,7024161,9,240,184,0,11,195,184,195
1,Andrés Ibáñez,1,Santa Cruz de La Sierra,2234,Santa Cruz de la Sierra,25654,U.E. Pedro Rivero Mercado,7024171,10,240,192,0,8,200,192,200
1,Andrés Ibáñez,1,Santa Cruz de La Sierra,2234,Santa Cruz de la Sierra,25654,U.E. Pedro Rivero Mercado,7024181,11,240,202,1,2,205,202,205
1,Andrés Ibáñez,1,Santa Cruz de La Sierra,2234,Santa Cruz de la Sierra,25654,U.E. Pedro Rivero Mercado,7024201,13,240,194,2,14,210,194,210
1,Andrés Ibáñez,1,Santa Cruz de La Sierra,2234,Santa Cruz de la Sierra,25654,U.E. Pedro Rivero Mercado,7024211,14,240,197,0,7,204,197,204
1,Andrés Ibáñez,1,Santa Cruz de La Sierra,2234,Santa Cruz de la Sierra,25654,U.E. Pedro Rivero Mercado,7024221,15,240,201,0,12,213,201,213
1,Andrés Ibáñez,1,Santa Cruz de La Sierra,2234,Santa Cruz de la Sierra,25654,U.E. Pedro Rivero Mercado,7024231,16,240,195,0,12,207,195,207
1,Andrés Ibáñez,1,Santa Cruz de La Sierra,2234,Santa Cruz de la Sierra,25654,U.E. Pedro Rivero Mercado,7024251,18,240,184,1,8,193,184,193
1,Andrés Ibáñez,1,Santa Cruz de La Sierra,2234,Santa Cruz de la Sierra,25654,U.E. Pedro Rivero Mercado,7024261,19,240,207,1,7,215,207,215
1,Andrés Ibáñez,1,Santa Cruz de La Sierra,2234,Santa Cruz de la Sierra,25654,U.E. Pedro Rivero Mercado,7024271,20,240,196,0,12,208,196,208
1,Andrés Ibáñez,1,Santa Cruz de La Sierra,2234,Santa Cruz de la Sierra,25654,U.E. Pedro Rivero Mercado,7024281,21,240,201,0,6,207,201,207
1,Andrés Ibáñez,1,Santa Cruz de La Sierra,2234,Santa Cruz de la Sierra,25654,U.E. Pedro Rivero Mercado,7024301,23,123,98,0,4,102,98,102
1,Andrés Ibáñez,1,Santa Cruz de La Sierra,2234,Santa Cruz de la Sierra,25655,U.E. Ramon Dario Gutierrez  A,7008641,2,240,197,3,9,209,197,209
1,Andrés Ibáñez,1,Santa Cruz de La Sierra,2234,Santa Cruz de la Sierra,25655,U.E. Ramon Dario Gutierrez  A,7008691,7,240,205,0,7,212,205,212
1,Andrés Ibáñez,1,Santa Cruz de La Sierra,2234,Santa Cruz de la Sierra,25655,U.E. Ramon Dario Gutierrez  A,7008701,8,240,203,0,6,209,203,209
1,Andrés Ibáñez,1,Santa Cruz de La Sierra,2234,Santa Cruz de la Sierra,25655,U.E. Ramon Dario Gutierrez  A,7008711,9,240,205,1,7,213,205,213
1,Andrés Ibáñez,1,Santa Cruz de La Sierra,2234,Santa Cruz de la Sierra,25655,U.E. Ramon Dario Gutierrez  A,7008721,10,240,207,2,5,214,207,214
1,Andrés Ibáñez,1,Santa Cruz de La Sierra,2234,Santa Cruz de la Sierra,25655,U.E. Ramon Dario Gutierrez  A,7008731,11,240,191,0,8,199,191,199
1,Andrés Ibáñez,1,Santa Cruz de La Sierra,2234,Santa Cruz de la Sierra,25655,U.E. Ramon Dario Gutierrez  A,7008741,12,240,204,0,5,209,204,209
1,Andrés Ibáñez,1,Santa Cruz de La Sierra,2234,Santa Cruz de la Sierra,25655,U.E. Ramon Dario Gutierrez  A,7008751,13,240,200,2,11,213,200,213
1,Andrés Ibáñez,1,Santa Cruz de La Sierra,2234,Santa Cruz de la Sierra,25655,U.E. Ramon Dario Gutierrez  A,7008761,14,240,197,0,6,203,197,203
1,Andrés Ibáñez,1,Santa Cruz de La Sierra,2234,Santa Cruz de la Sierra,25655,U.E. Ramon Dario Gutierrez  A,7008771,15,240,179,1,30,210,179,210
1,Andrés Ibáñez,1,Santa Cruz de La Sierra,2234,Santa Cruz de la Sierra,25655,U.E. Ramon Dario Gutierrez  A,7008791,17,240,210,2,9,221,210,221
1,Andrés Ibáñez,1,Santa Cruz de La Sierra,2234,Santa Cruz de la Sierra,25655,U.E. Ramon Dario Gutierrez  A,7008801,18,203,179,0,2,181,179,181
1,Andrés Ibáñez,1,Santa Cruz de La Sierra,2234,Santa Cruz de la Sierra,25657,U.E. Luz del Mundo  A,7031891,6,240,192,1,10,203,192,203
1,Andrés Ibáñez,1,Santa Cruz de La Sierra,2234,Santa Cruz de la Sierra,25657,U.E. Luz del Mundo  A,7031921,9,240,184,1,9,194,184,194
1,Andrés Ibáñez,1,Santa Cruz de La Sierra,2234,Santa Cruz de la Sierra,25657,U.E. Luz del Mundo  A,7031941,11,240,177,4,15,196,177,196
1,Andrés Ibáñez,1,Santa Cruz de La Sierra,2234,Santa Cruz de la Sierra,25657,U.E. Luz del Mundo  A,7031971,14,240,184,0,11,195,184,195
1,Andrés Ibáñez,1,Santa Cruz de La Sierra,2234,Santa Cruz de la Sierra,25657,U.E. Luz del Mundo  A,7031981,15,240,189,1,13,203,189,203
1,Andrés Ibáñez,1,Santa Cruz de La Sierra,2234,Santa Cruz de la Sierra,25657,U.E. Luz del Mundo  A,7032001,17,240,196,1,7,204,196,204
1,Andrés Ibáñez,1,Santa Cruz de La Sierra,2234,Santa Cruz de la Sierra,25657,U.E. Luz del Mundo  A,7032011,18,240,201,0,5,206,201,206
1,Andrés Ibáñez,1,Santa Cruz de La Sierra,2234,Santa Cruz de la Sierra,25657,U.E. Luz del Mundo  A,7032021,19,240,195,0,9,204,195,204
1,Andrés Ibáñez,1,Santa Cruz de La Sierra,2234,Santa Cruz de la Sierra,25657,U.E. Luz del Mundo  A,7032031,20,240,197,0,8,205,197,205
1,Andrés Ibáñez,1,Santa Cruz de La Sierra,2234,Santa Cruz de la Sierra,25657,U.E. Luz del Mundo  A,7032041,21,240,191,1,9,201,191,201
1,Andrés Ibáñez,1,Santa Cruz de La Sierra,2234,Santa Cruz de la Sierra,25657,U.E. Luz del Mundo  A,7032051,22,240,180,0,14,194,180,194
1,Andrés Ibáñez,1,Santa Cruz de La Sierra,2234,Santa Cruz de la Sierra,25657,U.E. Luz del Mundo  A,7032061,23,240,190,2,10,202,190,202
1,Andrés Ibáñez,1,Santa Cruz de La Sierra,2234,Santa Cruz de la Sierra,25657,U.E. Luz del Mundo  A,7032071,24,190,151,0,9,160,151,160
1,Andrés Ibáñez,1,Santa Cruz de La Sierra,2234,Santa Cruz de la Sierra,25659,U.E. Andres Ibañez  A,7031581,1,240,171,3,14,188,171,188
1,Andrés Ibáñez,1,Santa Cruz de La Sierra,2234,Santa Cruz de la Sierra,25659,U.E. Andres Ibañez  A,7031591,2,240,181,1,12,194,181,194
1,Andrés Ibáñez,1,Santa Cruz de La Sierra,2234,Santa Cruz de la Sierra,25659,U.E. Andres Ibañez  A,7031601,3,240,181,0,9,190,181,190
1,Andrés Ibáñez,1,Santa Cruz de La Sierra,2234,Santa Cruz de la Sierra,25659,U.E. Andres Ibañez  A,7031611,4,240,170,1,27,198,170,198
1,Andrés Ibáñez,1,Santa Cruz de La Sierra,2234,Santa Cruz de la Sierra,25659,U.E. Andres Ibañez  A,7031621,5,240,173,2,17,192,173,192
1,Andrés Ibáñez,1,Santa Cruz de La Sierra,2234,Santa Cruz de la Sierra,25659,U.E. Andres Ibañez  A,7031631,6,240,169,1,11,181,169,181
1,Andrés Ibáñez,1,Santa Cruz de La Sierra,2234,Santa Cruz de la Sierra,25659,U.E. Andres Ibañez  A,7031641,7,240,168,0,8,176,168,176
1,Andrés Ibáñez,1,Santa Cruz de La Sierra,2234,Santa Cruz de la Sierra,25659,U.E. Andres Ibañez  A,7031651,8,240,178,1,3,182,178,182
1,Andrés Ibáñez,1,Santa Cruz de La Sierra,2234,Santa Cruz de la Sierra,25659,U.E. Andres Ibañez  A,7031661,9,240,180,2,7,189,180,189
1,Andrés Ibáñez,1,Santa Cruz de La Sierra,2234,Santa Cruz de la Sierra,25660,U.E. El Terrado,7024311,1,240,197,1,5,203,197,203
1,Andrés Ibáñez,1,Santa Cruz de La Sierra,2234,Santa Cruz de la Sierra,25660,U.E. El Terrado,7024331,3,240,192,1,3,196,192,196
1,Andrés Ibáñez,1,Santa Cruz de La Sierra,2234,Santa Cruz de la Sierra,25660,U.E. El Terrado,7024341,4,240,181,1,5,187,181,187
1,Andrés Ibáñez,1,Santa Cruz de La Sierra,2234,Santa Cruz de la Sierra,25660,U.E. El Terrado,7024351,5,240,176,2,16,194,176,194
1,Andrés Ibáñez,1,Santa Cruz de La Sierra,2234,Santa Cruz de la Sierra,25660,U.E. El Terrado,7024371,7,240,190,1,5,196,190,196
1,Andrés Ibáñez,1,Santa Cruz de La Sierra,2234,Santa Cruz de la Sierra,25660,U.E. El Terrado,7024381,8,237,189,1,12,202,189,202
1,Andrés Ibáñez,1,Santa Cruz de La Sierra,2234,Santa Cruz de la Sierra,25661,U.E. Libertad,7021181,1,240,169,0,19,188,169,188
1,Andrés Ibáñez,1,Santa Cruz de La Sierra,2234,Santa Cruz de la Sierra,25661,U.E. Libertad,7021261,9,240,189,2,14,205,189,205
1,Andrés Ibáñez,1,Santa Cruz de La Sierra,2234,Santa Cruz de la Sierra,25661,U.E. Libertad,7021271,10,47,42,0,2,44,42,44
1,Andrés Ibáñez,1,Santa Cruz de La Sierra,2234,Santa Cruz de la Sierra,25662,U.E. Luis Melgar I,7030711,13,240,183,1,18,202,183,202
1,Andrés Ibáñez,1,Santa Cruz de La Sierra,2234,Santa Cruz de la Sierra,25662,U.E. Luis Melgar I,7030721,14,240,191,1,11,203,191,203
1,Andrés Ibáñez,1,Santa Cruz de La Sierra,2234,Santa Cruz de la Sierra,25662,U.E. Luis Melgar I,7030731,15,240,194,1,16,211,194,211
1,Andrés Ibáñez,1,Santa Cruz de La Sierra,2234,Santa Cruz de la Sierra,25662,U.E. Luis Melgar I,7030741,16,240,202,2,10,214,202,214
1,Andrés Ibáñez,1,Santa Cruz de La Sierra,2234,Santa Cruz de la Sierra,25662,U.E. Luis Melgar I,7030751,17,240,182,0,19,201,182,201
1,Andrés Ibáñez,1,Santa Cruz de La Sierra,2234,Santa Cruz de la Sierra,25662,U.E. Luis Melgar I,7030761,18,240,193,3,7,203,193,203
1,Andrés Ibáñez,1,Santa Cruz de La Sierra,2234,Santa Cruz de la Sierra,25662,U.E. Luis Melgar I,7030771,19,54,47,0,2,49,47,49
1,Andrés Ibáñez,1,Santa Cruz de La Sierra,2234,Santa Cruz de la Sierra,25663,U.E. Módulo Roca y Coronado,7043691,1,240,185,0,16,201,185,201
1,Andrés Ibáñez,1,Santa Cruz de La Sierra,2234,Santa Cruz de la Sierra,25663,U.E. Módulo Roca y Coronado,7043721,4,240,199,1,3,203,199,203
1,Andrés Ibáñez,1,Santa Cruz de La Sierra,2234,Santa Cruz de la Sierra,25663,U.E. Módulo Roca y Coronado,7043731,5,240,200,2,4,206,200,206
1,Andrés Ibáñez,1,Santa Cruz de La Sierra,2234,Santa Cruz de la Sierra,25663,U.E. Módulo Roca y Coronado,7043741,6,240,197,2,5,204,197,204
1,Andrés Ibáñez,1,Santa Cruz de La Sierra,2234,Santa Cruz de la Sierra,25663,U.E. Módulo Roca y Coronado,7043751,7,240,200,0,7,207,200,207
1,Andrés Ibáñez,1,Santa Cruz de La Sierra,2234,Santa Cruz de la Sierra,25663,U.E. Módulo Roca y Coronado,7043761,8,240,199,1,5,205,199,205
1,Andrés Ibáñez,1,Santa Cruz de La Sierra,2234,Santa Cruz de la Sierra,25663,U.E. Módulo Roca y Coronado,7043771,9,240,191,1,7,199,191,199
1,Andrés Ibáñez,1,Santa Cruz de La Sierra,2234,Santa Cruz de la Sierra,25663,U.E. Módulo Roca y Coronado,7043781,10,240,204,0,6,210,204,210
1,Andrés Ibáñez,1,Santa Cruz de La Sierra,2234,Santa Cruz de la Sierra,25663,U.E. Módulo Roca y Coronado,7043811,13,240,197,0,11,208,197,208
1,Andrés Ibáñez,1,Santa Cruz de La Sierra,2234,Santa Cruz de la Sierra,25663,U.E. Módulo Roca y Coronado,7043851,17,240,186,4,8,198,186,198
1,Andrés Ibáñez,1,Santa Cruz de La Sierra,2234,Santa Cruz de la Sierra,25663,U.E. Módulo Roca y Coronado,7043871,19,86,67,1,4,72,67,72
1,Andrés Ibáñez,1,Santa Cruz de La Sierra,2234,Santa Cruz de la Sierra,25664,U.E. 1ro. De Mayo,7026221,2,240,181,0,5,186,181,186
1,Andrés Ibáñez,1,Santa Cruz de La Sierra,2234,Santa Cruz de la Sierra,25664,U.E. 1ro. De Mayo,7026231,3,240,179,2,4,185,179,185
1,Andrés Ibáñez,1,Santa Cruz de La Sierra,2234,Santa Cruz de la Sierra,25664,U.E. 1ro. De Mayo,7026251,5,240,174,0,9,183,174,183
1,Andrés Ibáñez,1,Santa Cruz de La Sierra,2234,Santa Cruz de la Sierra,25664,U.E. 1ro. De Mayo,7026271,7,151,112,0,4,116,112,116
1,Andrés Ibáñez,1,Santa Cruz de La Sierra,2234,Santa Cruz de la Sierra,25665,U.E. Francisco Hurtado Pedraza,7032261,1,240,185,1,13,199,185,199
1,Andrés Ibáñez,1,Santa Cruz de La Sierra,2234,Santa Cruz de la Sierra,25665,U.E. Francisco Hurtado Pedraza,7032271,2,240,153,1,44,198,153,198
1,Andrés Ibáñez,1,Santa Cruz de La Sierra,2234,Santa Cruz de la Sierra,25665,U.E. Francisco Hurtado Pedraza,7032281,3,240,190,1,5,196,190,196
1,Andrés Ibáñez,1,Santa Cruz de La Sierra,2234,Santa Cruz de la Sierra,25665,U.E. Francisco Hurtado Pedraza,7032291,4,240,182,0,21,203,182,203
1,Andrés Ibáñez,1,Santa Cruz de La Sierra,2234,Santa Cruz de la Sierra,25665,U.E. Francisco Hurtado Pedraza,7032301,5,240,188,1,15,204,188,204
1,Andrés Ibáñez,1,Santa Cruz de La Sierra,2234,Santa Cruz de la Sierra,25665,U.E. Francisco Hurtado Pedraza,7032311,6,240,178,1,7,186,178,186
1,Andrés Ibáñez,1,Santa Cruz de La Sierra,2234,Santa Cruz de la Sierra,25665,U.E. Francisco Hurtado Pedraza,7032321,7,240,177,0,14,191,177,191
1,Andrés Ibáñez,1,Santa Cruz de La Sierra,2234,Santa Cruz de la Sierra,25665,U.E. Francisco Hurtado Pedraza,7032331,8,240,178,1,22,201,178,201
1,Andrés Ibáñez,1,Santa Cruz de La Sierra,2234,Santa Cruz de la Sierra,25665,U.E. Francisco Hurtado Pedraza,7032341,9,240,187,0,11,198,187,198
1,Andrés Ibáñez,1,Santa Cruz de La Sierra,2234,Santa Cruz de la Sierra,25665,U.E. Francisco Hurtado Pedraza,7032371,12,240,192,1,3,196,192,196
1,Andrés Ibáñez,1,Santa Cruz de La Sierra,2234,Santa Cruz de la Sierra,25665,U.E. Francisco Hurtado Pedraza,7032401,15,240,199,4,8,211,199,211
1,Andrés Ibáñez,1,Santa Cruz de La Sierra,2234,Santa Cruz de la Sierra,25665,U.E. Francisco Hurtado Pedraza,7032411,16,240,185,0,11,196,185,196
1,Andrés Ibáñez,1,Santa Cruz de La Sierra,2234,Santa Cruz de la Sierra,25666,U.E. Melvin Jones,7009931,1,240,184,0,5,189,184,189
1,Andrés Ibáñez,1,Santa Cruz de La Sierra,2234,Santa Cruz de la Sierra,25666,U.E. Melvin Jones,7009941,2,240,177,0,7,184,177,184
1,Andrés Ibáñez,1,Santa Cruz de La Sierra,2234,Santa Cruz de la Sierra,25666,U.E. Melvin Jones,7009951,3,240,185,1,7,193,185,193
1,Andrés Ibáñez,1,Santa Cruz de La Sierra,2234,Santa Cruz de la Sierra,25666,U.E. Melvin Jones,7009961,4,191,149,1,7,157,149,157
1,Andrés Ibáñez,1,Santa Cruz de La Sierra,2234,Santa Cruz de la Sierra,25667,U.E. Juancito Pinto,7032581,1,240,197,0,6,203,197,203
1,Andrés Ibáñez,1,Santa Cruz de La Sierra,2234,Santa Cruz de la Sierra,25667,U.E. Juancito Pinto,7032591,2,240,183,0,16,199,183,199
1,Andrés Ibáñez,1,Santa Cruz de La Sierra,2234,Santa Cruz de la Sierra,25667,U.E. Juancito Pinto,7032601,3,240,183,2,14,199,183,199
1,Andrés Ibáñez,1,Santa Cruz de La Sierra,2234,Santa Cruz de la Sierra,25667,U.E. Juancito Pinto,7032611,4,240,188,1,13,202,188,202
1,Andrés Ibáñez,1,Santa Cruz de La Sierra,2234,Santa Cruz de la Sierra,25667,U.E. Juancito Pinto,7032621,5,240,195,0,9,204,195,204
1,Andrés Ibáñez,1,Santa Cruz de La Sierra,2234,Santa Cruz de la Sierra,25667,U.E. Juancito Pinto,7032631,6,240,179,0,12,191,179,191
1,Andrés Ibáñez,1,Santa Cruz de La Sierra,2234,Santa Cruz de la Sierra,25667,U.E. Juancito Pinto,7032641,7,240,194,1,10,205,194,205
1,Andrés Ibáñez,1,Santa Cruz de La Sierra,2234,Santa Cruz de la Sierra,25667,U.E. Juancito Pinto,7032651,8,240,199,1,6,206,199,206
1,Andrés Ibáñez,1,Santa Cruz de La Sierra,2234,Santa Cruz de la Sierra,25667,U.E. Juancito Pinto,7032661,9,240,190,0,11,201,190,201
1,Andrés Ibáñez,1,Santa Cruz de La Sierra,2234,Santa Cruz de la Sierra,25667,U.E. Juancito Pinto,7032671,10,240,195,0,9,204,195,204
1,Andrés Ibáñez,1,Santa Cruz de La Sierra,2234,Santa Cruz de la Sierra,25667,U.E. Juancito Pinto,7032681,11,240,198,2,4,204,198,204
1,Andrés Ibáñez,1,Santa Cruz de La Sierra,2234,Santa Cruz de la Sierra,25667,U.E. Juancito Pinto,7032691,12,240,190,1,2,193,190,193
1,Andrés Ibáñez,1,Santa Cruz de La Sierra,2234,Santa Cruz de la Sierra,25667,U.E. Juancito Pinto,7032711,14,240,190,0,6,196,190,196
1,Andrés Ibáñez,1,Santa Cruz de La Sierra,2234,Santa Cruz de la Sierra,25667,U.E. Juancito Pinto,7032731,16,240,191,1,7,199,191,199
1,Andrés Ibáñez,1,Santa Cruz de La Sierra,2234,Santa Cruz de la Sierra,25667,U.E. Juancito Pinto,7032741,17,240,187,2,8,197,187,197
1,Andrés Ibáñez,1,Santa Cruz de La Sierra,2234,Santa Cruz de la Sierra,25667,U.E. Juancito Pinto,7032751,18,219,169,6,7,182,169,182
1,Andrés Ibáñez,1,Santa Cruz de La Sierra,2234,Santa Cruz de la Sierra,25668,U.E. 18 de Noviembre,7012371,1,240,201,1,6,208,201,208
1,Andrés Ibáñez,1,Santa Cruz de La Sierra,2234,Santa Cruz de la Sierra,25668,U.E. 18 de Noviembre,7012381,2,240,191,0,10,201,191,201
1,Andrés Ibáñez,1,Santa Cruz de La Sierra,2234,Santa Cruz de la Sierra,25668,U.E. 18 de Noviembre,7012391,3,240,203,1,4,208,203,208
1,Andrés Ibáñez,1,Santa Cruz de La Sierra,2234,Santa Cruz de la Sierra,25668,U.E. 18 de Noviembre,7012411,5,240,202,1,5,208,202,208
1,Andrés Ibáñez,1,Santa Cruz de La Sierra,2234,Santa Cruz de la Sierra,25668,U.E. 18 de Noviembre,7012441,8,240,187,1,6,194,187,194
1,Andrés Ibáñez,1,Santa Cruz de La Sierra,2234,Santa Cruz de la Sierra,25668,U.E. 18 de Noviembre,7012451,9,240,189,3,9,201,189,201
1,Andrés Ibáñez,1,Santa Cruz de La Sierra,2234,Santa Cruz de la Sierra,25668,U.E. 18 de Noviembre,7012461,10,240,200,0,4,204,200,204
1,Andrés Ibáñez,1,Santa Cruz de La Sierra,2234,Santa Cruz de la Sierra,25668,U.E. 18 de Noviembre,7012471,11,240,191,0,9,200,191,200
1,Andrés Ibáñez,1,Santa Cruz de La Sierra,2234,Santa Cruz de la Sierra,25668,U.E. 18 de Noviembre,7012481,12,240,204,0,3,207,204,207
1,Andrés Ibáñez,1,Santa Cruz de La Sierra,2234,Santa Cruz de la Sierra,25668,U.E. 18 de Noviembre,7012491,13,99,83,0,1,84,83,84
1,Andrés Ibáñez,1,Santa Cruz de La Sierra,2234,Santa Cruz de la Sierra,25677,U.E. Bautista Vida Nueva,7033401,4,240,200,8,0,208,200,208
1,Andrés Ibáñez,1,Santa Cruz de La Sierra,2234,Santa Cruz de la Sierra,25677,U.E. Bautista Vida Nueva,7033411,5,240,211,0,7,218,211,218
1,Andrés Ibáñez,1,Santa Cruz de La Sierra,2234,Santa Cruz de la Sierra,25677,U.E. Bautista Vida Nueva,7033441,8,240,199,1,9,209,199,209
1,Andrés Ibáñez,1,Santa Cruz de La Sierra,2234,Santa Cruz de la Sierra,25677,U.E. Bautista Vida Nueva,7033451,9,240,205,2,7,214,205,214
1,Andrés Ibáñez,1,Santa Cruz de La Sierra,2234,Santa Cruz de la Sierra,25677,U.E. Bautista Vida Nueva,7033461,10,240,202,0,6,208,202,208
1,Andrés Ibáñez,1,Santa Cruz de La Sierra,2234,Santa Cruz de la Sierra,25677,U.E. Bautista Vida Nueva,7033471,11,240,201,2,9,212,201,212
1,Andrés Ibáñez,1,Santa Cruz de La Sierra,2234,Santa Cruz de la Sierra,25677,U.E. Bautista Vida Nueva,7033481,12,240,205,1,4,210,205,210
1,Andrés Ibáñez,1,Santa Cruz de La Sierra,2234,Santa Cruz de la Sierra,25677,U.E. Bautista Vida Nueva,7033491,13,240,198,0,7,205,198,205
1,Andrés Ibáñez,1,Santa Cruz de La Sierra,2234,Santa Cruz de la Sierra,25858,U. E. Santa Claudina Thevenet,7029921,1,240,179,1,11,191,179,191
1,Andrés Ibáñez,1,Santa Cruz de La Sierra,2234,Santa Cruz de la Sierra,25858,U. E. Santa Claudina Thevenet,7029931,2,240,186,1,11,198,186,198
1,Andrés Ibáñez,1,Santa Cruz de La Sierra,2234,Santa Cruz de la Sierra,25858,U. E. Santa Claudina Thevenet,7029941,3,240,183,3,7,193,183,193
1,Andrés Ibáñez,1,Santa Cruz de La Sierra,2234,Santa Cruz de la Sierra,25858,U. E. Santa Claudina Thevenet,7029951,4,240,167,2,14,183,167,183
1,Andrés Ibáñez,1,Santa Cruz de La Sierra,2234,Santa Cruz de la Sierra,25858,U. E. Santa Claudina Thevenet,7029961,5,240,174,3,6,183,174,183
1,Andrés Ibáñez,1,Santa Cruz de La Sierra,2234,Santa Cruz de la Sierra,25858,U. E. Santa Claudina Thevenet,7029971,6,240,177,2,7,186,177,186
1,Andrés Ibáñez,1,Santa Cruz de La Sierra,2234,Santa Cruz de la Sierra,26338,U. E. Libertador Simón Bolívar,7034721,1,240,204,2,7,213,204,213
1,Andrés Ibáñez,1,Santa Cruz de La Sierra,2234,Santa Cruz de la Sierra,26338,U. E. Libertador Simón Bolívar,7034731,2,240,202,2,9,213,202,213
1,Andrés Ibáñez,1,Santa Cruz de La Sierra,2234,Santa Cruz de la Sierra,26338,U. E. Libertador Simón Bolívar,7034741,3,240,202,0,7,209,202,209
1,Andrés Ibáñez,1,Santa Cruz de La Sierra,2234,Santa Cruz de la Sierra,26338,U. E. Libertador Simón Bolívar,7034751,4,240,204,0,6,210,204,210
1,Andrés Ibáñez,1,Santa Cruz de La Sierra,2234,Santa Cruz de la Sierra,26338,U. E. Libertador Simón Bolívar,7034761,5,240,209,0,4,213,209,213
1,Andrés Ibáñez,1,Santa Cruz de La Sierra,2234,Santa Cruz de la Sierra,26340,U. E. 10 de Octubre,7017231,9,240,196,0,10,206,196,206
1,Andrés Ibáñez,1,Santa Cruz de La Sierra,2234,Santa Cruz de la Sierra,26340,U. E. 10 de Octubre,7017251,11,240,183,2,14,199,183,199
1,Andrés Ibáñez,1,Santa Cruz de La Sierra,2234,Santa Cruz de la Sierra,26340,U. E. 10 de Octubre,7017261,12,240,189,0,18,207,189,207
1,Andrés Ibáñez,1,Santa Cruz de La Sierra,2234,Santa Cruz de la Sierra,26340,U. E. 10 de Octubre,7017271,13,240,190,0,12,202,190,202
1,Andrés Ibáñez,1,Santa Cruz de La Sierra,2234,Santa Cruz de la Sierra,26340,U. E. 10 de Octubre,7017281,14,240,190,1,13,204,190,204
1,Andrés Ibáñez,1,Santa Cruz de La Sierra,2234,Santa Cruz de la Sierra,26340,U. E. 10 de Octubre,7017291,15,240,185,1,13,199,185,199
1,Andrés Ibáñez,1,Santa Cruz de La Sierra,2234,Santa Cruz de la Sierra,26340,U. E. 10 de Octubre,7017301,16,240,190,0,15,205,190,205
1,Andrés Ibáñez,1,Santa Cruz de La Sierra,2234,Santa Cruz de la Sierra,26340,U. E. 10 de Octubre,7017321,18,240,207,1,7,215,207,215
1,Andrés Ibáñez,1,Santa Cruz de La Sierra,2234,Santa Cruz de la Sierra,26340,U. E. 10 de Octubre,7017331,19,240,196,1,9,206,196,206
1,Andrés Ibáñez,1,Santa Cruz de La Sierra,2234,Santa Cruz de la Sierra,26340,U. E. 10 de Octubre,7017341,20,240,207,0,12,219,207,219
1,Andrés Ibáñez,1,Santa Cruz de La Sierra,2234,Santa Cruz de la Sierra,26340,U. E. 10 de Octubre,7017351,21,240,196,1,8,205,196,205
1,Andrés Ibáñez,1,Santa Cruz de La Sierra,2234,Santa Cruz de la Sierra,26340,U. E. 10 de Octubre,7017361,22,240,192,3,17,212,192,212
1,Andrés Ibáñez,1,Santa Cruz de La Sierra,2234,Santa Cruz de la Sierra,26340,U. E. 10 de Octubre,7017371,23,240,187,2,3,192,187,192
1,Andrés Ibáñez,1,Santa Cruz de La Sierra,2234,Santa Cruz de la Sierra,26340,U. E. 10 de Octubre,7017381,24,240,197,0,13,210,197,210
1,Andrés Ibáñez,1,Santa Cruz de La Sierra,2234,Santa Cruz de la Sierra,26340,U. E. 10 de Octubre,7017391,25,240,185,1,20,206,185,206
1,Andrés Ibáñez,1,Santa Cruz de La Sierra,2234,Santa Cruz de la Sierra,26340,U. E. 10 de Octubre,7017401,26,240,209,0,7,216,209,216
1,Andrés Ibáñez,1,Santa Cruz de La Sierra,2234,Santa Cruz de la Sierra,26340,U. E. 10 de Octubre,7017411,27,240,194,0,9,203,194,203
1,Andrés Ibáñez,1,Santa Cruz de La Sierra,2234,Santa Cruz de la Sierra,26340,U. E. 10 de Octubre,7017421,28,240,195,3,9,207,195,207
1,Andrés Ibáñez,1,Santa Cruz de La Sierra,2234,Santa Cruz de la Sierra,26340,U. E. 10 de Octubre,7017431,29,224,163,0,18,181,163,181
1,Andrés Ibáñez,1,Santa Cruz de La Sierra,2234,Santa Cruz de la Sierra,26343,U. E. Felix Oroza Marañon II,7011401,7,240,182,0,14,196,182,196
1,Andrés Ibáñez,1,Santa Cruz de La Sierra,2234,Santa Cruz de la Sierra,26345,U. E. Módulo El Trapiche,7021111,3,240,210,3,6,219,210,219
1,Andrés Ibáñez,1,Santa Cruz de La Sierra,2234,Santa Cruz de la Sierra,26345,U. E. Módulo El Trapiche,7021131,5,240,187,1,6,194,187,194
1,Andrés Ibáñez,1,Santa Cruz de La Sierra,2234,Santa Cruz de la Sierra,26345,U. E. Módulo El Trapiche,7021141,6,240,213,0,4,217,213,217
1,Andrés Ibáñez,1,Santa Cruz de La Sierra,2234,Santa Cruz de la Sierra,26345,U. E. Módulo El Trapiche,7021151,7,240,203,0,7,210,203,210
1,Andrés Ibáñez,1,Santa Cruz de La Sierra,2234,Santa Cruz de la Sierra,26345,U. E. Módulo El Trapiche,7021161,8,240,195,2,10,207,195,207
1,Andrés Ibáñez,1,Santa Cruz de La Sierra,2234,Santa Cruz de la Sierra,26345,U. E. Módulo El Trapiche,7021171,9,77,67,1,3,71,67,71
1,Andrés Ibáñez,1,Santa Cruz de La Sierra,2234,Santa Cruz de la Sierra,26346,U. E. Módulo Urbanización Cotoca (Prof. Jaime Escalante),7019131,3,240,199,1,5,205,199,205
1,Andrés Ibáñez,1,Santa Cruz de La Sierra,2234,Santa Cruz de la Sierra,26346,U. E. Módulo Urbanización Cotoca (Prof. Jaime Escalante),7019151,5,240,199,1,4,204,199,204
1,Andrés Ibáñez,1,Santa Cruz de La Sierra,2234,Santa Cruz de la Sierra,26346,U. E. Módulo Urbanización Cotoca (Prof. Jaime Escalante),7019381,28,240,197,0,6,203,197,203
1,Andrés Ibáñez,1,Santa Cruz de La Sierra,2234,Santa Cruz de la Sierra,26346,U. E. Módulo Urbanización Cotoca (Prof. Jaime Escalante),7019411,31,240,206,0,8,214,206,214
1,Andrés Ibáñez,1,Santa Cruz de La Sierra,2234,Santa Cruz de la Sierra,26353,U.E. Japón V Nivel Inicial,7009721,1,240,200,3,11,214,200,214
1,Andrés Ibáñez,1,Santa Cruz de La Sierra,2234,Santa Cruz de la Sierra,26353,U.E. Japón V Nivel Inicial,7009731,2,240,203,0,6,209,203,209
1,Andrés Ibáñez,1,Santa Cruz de La Sierra,2234,Santa Cruz de la Sierra,26353,U.E. Japón V Nivel Inicial,7009741,3,240,203,2,4,209,203,209
1,Andrés Ibáñez,1,Santa Cruz de La Sierra,2234,Santa Cruz de la Sierra,26353,U.E. Japón V Nivel Inicial,7009761,5,240,187,0,5,192,187,192
1,Andrés Ibáñez,1,Santa Cruz de La Sierra,2234,Santa Cruz de la Sierra,26353,U.E. Japón V Nivel Inicial,7009771,6,240,204,1,9,214,204,214
1,Andrés Ibáñez,1,Santa Cruz de La Sierra,2234,Santa Cruz de la Sierra,26353,U.E. Japón V Nivel Inicial,7009781,7,240,210,0,10,220,210,220
1,Andrés Ibáñez,1,Santa Cruz de La Sierra,2234,Santa Cruz de la Sierra,26353,U.E. Japón V Nivel Inicial,7009791,8,240,198,1,6,205,198,205
1,Andrés Ibáñez,1,Santa Cruz de La Sierra,2234,Santa Cruz de la Sierra,26353,U.E. Japón V Nivel Inicial,7009801,9,245,199,1,5,205,199,205
1,Andrés Ibáñez,1,Santa Cruz de La Sierra,2234,Santa Cruz de la Sierra,26400,U.E. San Jorge Norte,7012671,1,240,187,0,8,195,187,195
1,Andrés Ibáñez,1,Santa Cruz de La Sierra,2234,Santa Cruz de la Sierra,26400,U.E. San Jorge Norte,7012681,2,218,181,0,6,187,181,187
1,Andrés Ibáñez,1,Santa Cruz de La Sierra,2234,Santa Cruz de la Sierra,26401,U.E. Dennys Antelo Jordan,7007931,1,240,188,0,18,206,188,206
1,Andrés Ibáñez,1,Santa Cruz de La Sierra,2234,Santa Cruz de la Sierra,26401,U.E. Dennys Antelo Jordan,7007941,2,42,31,1,0,32,31,32
1,Andrés Ibáñez,1,Santa Cruz de La Sierra,2234,Santa Cruz de la Sierra,26402,U.E. Feliciana Rodriguez I,7010211,2,124,99,0,9,108,99,108
1,Andrés Ibáñez,1,Santa Cruz de La Sierra,2234,Santa Cruz de la Sierra,26403,U.E. Hilarión Tomelicht Ardaya I,7013411,1,240,176,1,11,188,176,188
1,Andrés Ibáñez,1,Santa Cruz de La Sierra,2234,Santa Cruz de la Sierra,26403,U.E. Hilarión Tomelicht Ardaya I,7013421,2,115,90,0,7,97,90,97
1,Andrés Ibáñez,1,Santa Cruz de La Sierra,2234,Santa Cruz de la Sierra,26405,Módulo Educativo Boris Banzer de Porvenir,7025361,1,240,197,0,6,203,197,203
1,Andrés Ibáñez,1,Santa Cruz de La Sierra,2234,Santa Cruz de la Sierra,26405,Módulo Educativo Boris Banzer de Porvenir,7025371,2,240,208,5,0,213,208,213
1,Andrés Ibáñez,1,Santa Cruz de La Sierra,2234,Santa Cruz de la Sierra,26405,Módulo Educativo Boris Banzer de Porvenir,7025381,3,240,201,0,4,205,201,205
1,Andrés Ibáñez,1,Santa Cruz de La Sierra,2234,Santa Cruz de la Sierra,26405,Módulo Educativo Boris Banzer de Porvenir,7025391,4,187,152,1,5,158,152,158
1,Andrés Ibáñez,1,Santa Cruz de La Sierra,2234,Santa Cruz de la Sierra,26406,U.E. 4 de Febrero,7023851,1,240,206,1,6,213,206,213
1,Andrés Ibáñez,1,Santa Cruz de La Sierra,2234,Santa Cruz de la Sierra,26406,U.E. 4 de Febrero,7023861,2,240,193,0,13,206,193,206
1,Andrés Ibáñez,1,Santa Cruz de La Sierra,2234,Santa Cruz de la Sierra,26406,U.E. 4 de Febrero,7023871,3,240,197,2,4,203,197,203
1,Andrés Ibáñez,1,Santa Cruz de La Sierra,2234,Santa Cruz de la Sierra,26406,U.E. 4 de Febrero,7023881,4,240,193,1,10,204,193,204
1,Andrés Ibáñez,1,Santa Cruz de La Sierra,2234,Santa Cruz de la Sierra,26406,U.E. 4 de Febrero,7023891,5,240,198,0,7,205,198,205
1,Andrés Ibáñez,1,Santa Cruz de La Sierra,2234,Santa Cruz de la Sierra,26406,U.E. 4 de Febrero,7023901,6,193,168,0,5,173,168,173
1,Andrés Ibáñez,1,Santa Cruz de La Sierra,2234,Santa Cruz de la Sierra,26412,U.E. Hector Saucedo Montaño,7048381,1,240,185,0,9,194,185,194
1,Andrés Ibáñez,1,Santa Cruz de La Sierra,2234,Santa Cruz de la Sierra,26412,U.E. Hector Saucedo Montaño,7048391,2,64,52,1,1,54,52,54
1,Andrés Ibáñez,1,Santa Cruz de La Sierra,2234,Santa Cruz de la Sierra,26413,U.E. Hortencia Banegas de Pinto,7046921,1,240,201,2,9,212,201,212
1,Andrés Ibáñez,1,Santa Cruz de La Sierra,2234,Santa Cruz de la Sierra,26413,U.E. Hortencia Banegas de Pinto,7046931,2,240,203,0,6,209,203,209
1,Andrés Ibáñez,1,Santa Cruz de La Sierra,2234,Santa Cruz de la Sierra,26413,U.E. Hortencia Banegas de Pinto,7046941,3,240,191,3,8,202,191,202
1,Andrés Ibáñez,1,Santa Cruz de La Sierra,2234,Santa Cruz de la Sierra,26413,U.E. Hortencia Banegas de Pinto,7046951,4,240,198,2,8,208,198,208
1,Andrés Ibáñez,1,Santa Cruz de La Sierra,2234,Santa Cruz de la Sierra,26415,U.E. República Argentina A,7040551,1,240,193,0,4,197,193,197
1,Andrés Ibáñez,1,Santa Cruz de La Sierra,2234,Santa Cruz de la Sierra,26415,U.E. República Argentina A,7040561,2,125,100,1,3,104,100,104
1,Andrés Ibáñez,1,Santa Cruz de La Sierra,2234,Santa Cruz de la Sierra,26418,U.E. Lucas Casaert,7001731,1,240,178,1,5,184,178,184
1,Andrés Ibáñez,1,Santa Cruz de La Sierra,2234,Santa Cruz de la Sierra,26418,U.E. Lucas Casaert,7001741,2,233,177,0,23,200,177,200
1,Andrés Ibáñez,1,Santa Cruz de La Sierra,2234,Santa Cruz de la Sierra,26419,U.E. El Porvenir,7002611,2,208,161,0,5,166,161,166
1,Andrés Ibáñez,1,Santa Cruz de La Sierra,2234,Santa Cruz de la Sierra,26421,Unidad Educativa Santa Ana D,7012711,3,240,198,1,8,207,198,207
1,Andrés Ibáñez,1,Santa Cruz de La Sierra,2234,Santa Cruz de la Sierra,26421,Unidad Educativa Santa Ana D,7012721,4,240,183,1,11,195,183,195
1,Andrés Ibáñez,1,Santa Cruz de La Sierra,2234,Santa Cruz de la Sierra,26421,Unidad Educativa Santa Ana D,7012741,6,240,210,1,3,214,210,214
1,Andrés Ibáñez,1,Santa Cruz de La Sierra,2234,Santa Cruz de la Sierra,26421,Unidad Educativa Santa Ana D,7012751,7,240,196,0,9,205,196,205
1,Andrés Ibáñez,1,Santa Cruz de La Sierra,2234,Santa Cruz de la Sierra,26421,Unidad Educativa Santa Ana D,7012761,8,240,194,0,8,202,194,202
1,Andrés Ibáñez,1,Santa Cruz de La Sierra,2234,Santa Cruz de la Sierra,26421,Unidad Educativa Santa Ana D,7012771,9,240,205,0,3,208,205,208
1,Andrés Ibáñez,1,Santa Cruz de La Sierra,2234,Santa Cruz de la Sierra,26421,Unidad Educativa Santa Ana D,7012781,10,240,195,1,7,203,195,203
1,Andrés Ibáñez,1,Santa Cruz de La Sierra,2234,Santa Cruz de la Sierra,26421,Unidad Educativa Santa Ana D,7012791,11,240,197,1,7,205,197,205
1,Andrés Ibáñez,1,Santa Cruz de La Sierra,2234,Santa Cruz de la Sierra,26421,Unidad Educativa Santa Ana D,7012811,13,240,201,0,3,204,201,204
1,Andrés Ibáñez,1,Santa Cruz de La Sierra,2234,Santa Cruz de la Sierra,26421,Unidad Educativa Santa Ana D,7012821,14,240,192,1,7,200,192,200
1,Andrés Ibáñez,1,Santa Cruz de La Sierra,2234,Santa Cruz de la Sierra,26421,Unidad Educativa Santa Ana D,7012831,15,240,189,0,9,198,189,198
1,Andrés Ibáñez,1,Santa Cruz de La Sierra,2234,Santa Cruz de la Sierra,26421,Unidad Educativa Santa Ana D,7012841,16,240,192,2,12,206,192,206
1,Andrés Ibáñez,1,Santa Cruz de La Sierra,2234,Santa Cruz de la Sierra,26421,Unidad Educativa Santa Ana D,7012851,17,240,205,0,3,208,205,208
1,Andrés Ibáñez,1,Santa Cruz de La Sierra,2234,Santa Cruz de la Sierra,26421,Unidad Educativa Santa Ana D,7012861,18,240,194,0,11,205,194,205
1,Andrés Ibáñez,1,Santa Cruz de La Sierra,2234,Santa Cruz de la Sierra,26421,Unidad Educativa Santa Ana D,7012871,19,240,202,2,6,210,202,210
1,Andrés Ibáñez,1,Santa Cruz de La Sierra,2234,Santa Cruz de la Sierra,26421,Unidad Educativa Santa Ana D,7012881,20,170,148,1,5,154,148,154
1,Andrés Ibáñez,1,Santa Cruz de La Sierra,2234,Santa Cruz de la Sierra,26422,U.E. Grigota,7005461,1,240,185,0,11,196,185,196
1,Andrés Ibáñez,1,Santa Cruz de La Sierra,2234,Santa Cruz de la Sierra,26422,U.E. Grigota,7005471,2,240,193,2,12,207,193,207
1,Andrés Ibáñez,1,Santa Cruz de La Sierra,2234,Santa Cruz de la Sierra,26422,U.E. Grigota,7005481,3,240,208,0,1,209,208,209
1,Andrés Ibáñez,1,Santa Cruz de La Sierra,2234,Santa Cruz de la Sierra,26422,U.E. Grigota,7005491,4,240,188,0,10,198,188,198
1,Andrés Ibáñez,1,Santa Cruz de La Sierra,2234,Santa Cruz de la Sierra,26422,U.E. Grigota,7005501,5,240,184,0,14,198,184,198
1,Andrés Ibáñez,1,Santa Cruz de La Sierra,2234,Santa Cruz de la Sierra,26422,U.E. Grigota,7005511,6,240,186,0,15,201,186,201
1,Andrés Ibáñez,1,Santa Cruz de La Sierra,2234,Santa Cruz de la Sierra,26424,12 de Abril (Modulo 20 de Junio),7026281,1,240,197,0,6,203,197,203
1,Andrés Ibáñez,1,Santa Cruz de La Sierra,2234,Santa Cruz de la Sierra,26424,12 de Abril (Modulo 20 de Junio),7026301,3,240,187,0,15,202,187,202
1,Andrés Ibáñez,1,Santa Cruz de La Sierra,2234,Santa Cruz de la Sierra,26424,12 de Abril (Modulo 20 de Junio),7026321,5,240,198,0,2,200,198,200
1,Andrés Ibáñez,1,Santa Cruz de La Sierra,2234,Santa Cruz de la Sierra,26424,12 de Abril (Modulo 20 de Junio),7026331,6,240,190,0,9,199,190,199
1,Andrés Ibáñez,1,Santa Cruz de La Sierra,2234,Santa Cruz de la Sierra,26424,12 de Abril (Modulo 20 de Junio),7026341,7,240,191,0,8,199,191,199
1,Andrés Ibáñez,1,Santa Cruz de La Sierra,2234,Santa Cruz de la Sierra,26424,12 de Abril (Modulo 20 de Junio),7026351,8,240,165,1,34,200,165,200
1,Andrés Ibáñez,1,Santa Cruz de La Sierra,2234,Santa Cruz de la Sierra,26424,12 de Abril (Modulo 20 de Junio),7026391,12,240,188,0,7,195,188,195
1,Andrés Ibáñez,1,Santa Cruz de La Sierra,2234,Santa Cruz de la Sierra,26425,U.E. San Martin de Porres,7026431,1,240,193,3,6,202,193,202
1,Andrés Ibáñez,1,Santa Cruz de La Sierra,2234,Santa Cruz de la Sierra,26425,U.E. San Martin de Porres,7026471,5,240,197,1,5,203,197,203
1,Andrés Ibáñez,1,Santa Cruz de La Sierra,2234,Santa Cruz de la Sierra,26425,U.E. San Martin de Porres,7026481,6,240,187,3,7,197,187,197
1,Andrés Ibáñez,1,Santa Cruz de La Sierra,2234,Santa Cruz de la Sierra,32024,U.E. Hermann Gmeiner,7039881,1,240,201,1,12,214,201,214
1,Andrés Ibáñez,1,Santa Cruz de La Sierra,2234,Santa Cruz de la Sierra,32024,U.E. Hermann Gmeiner,7039891,2,240,198,1,8,207,198,207
1,Andrés Ibáñez,1,Santa Cruz de La Sierra,2234,Santa Cruz de la Sierra,32024,U.E. Hermann Gmeiner,7039901,3,240,193,1,9,203,193,203
1,Andrés Ibáñez,1,Santa Cruz de La Sierra,2234,Santa Cruz de la Sierra,32024,U.E. Hermann Gmeiner,7039911,4,240,198,0,4,202,198,202
1,Andrés Ibáñez,1,Santa Cruz de La Sierra,2234,Santa Cruz de la Sierra,32024,U.E. Hermann Gmeiner,7039921,5,240,207,1,4,212,207,212
1,Andrés Ibáñez,1,Santa Cruz de La Sierra,2234,Santa Cruz de la Sierra,32024,U.E. Hermann Gmeiner,7039931,6,240,197,2,7,206,197,206
1,Andrés Ibáñez,1,Santa Cruz de La Sierra,2234,Santa Cruz de la Sierra,32024,U.E. Hermann Gmeiner,7039941,7,240,201,1,17,219,201,219
1,Andrés Ibáñez,1,Santa Cruz de La Sierra,2234,Santa Cruz de la Sierra,32024,U.E. Hermann Gmeiner,7039951,8,203,175,2,3,180,175,180
1,Andrés Ibáñez,1,Santa Cruz de La Sierra,2234,Santa Cruz de la Sierra,32035,1ro. De Agosto,7042751,1,240,197,0,7,204,197,204
1,Andrés Ibáñez,1,Santa Cruz de La Sierra,2234,Santa Cruz de la Sierra,32035,1ro. De Agosto,7042771,3,240,199,1,13,213,199,213
1,Andrés Ibáñez,1,Santa Cruz de La Sierra,2234,Santa Cruz de la Sierra,32035,1ro. De Agosto,7042781,4,240,189,0,14,203,189,203
1,Andrés Ibáñez,1,Santa Cruz de La Sierra,2234,Santa Cruz de la Sierra,32035,1ro. De Agosto,7042811,7,35,27,0,3,30,27,30
1,Andrés Ibáñez,1,Santa Cruz de La Sierra,2239,Guapilo,1,Escuela Seccional Guapilo,7000041,1,240,201,0,9,210,201,210
1,Andrés Ibáñez,1,Santa Cruz de La Sierra,2239,Guapilo,1,Escuela Seccional Guapilo,7000051,2,240,185,1,11,197,185,197
1,Andrés Ibáñez,1,Santa Cruz de La Sierra,2239,Guapilo,1,Escuela Seccional Guapilo,7000061,3,240,202,1,6,209,202,209
1,Andrés Ibáñez,1,Santa Cruz de La Sierra,2239,Guapilo,1,Escuela Seccional Guapilo,7000071,4,240,182,0,15,197,182,197
1,Andrés Ibáñez,1,Santa Cruz de La Sierra,2239,Guapilo,1,Escuela Seccional Guapilo,7000081,5,240,196,0,8,204,196,204
1,Andrés Ibáñez,1,Santa Cruz de La Sierra,2239,Guapilo,1,Escuela Seccional Guapilo,7000091,6,240,181,2,9,192,181,192
1,Andrés Ibáñez,1,Santa Cruz de La Sierra,2239,Guapilo,1,Escuela Seccional Guapilo,7000101,7,240,186,5,13,204,186,204
1,Andrés Ibáñez,1,Santa Cruz de La Sierra,2239,Guapilo,1,Escuela Seccional Guapilo,7000111,8,240,190,0,7,197,190,197
1,Andrés Ibáñez,1,Santa Cruz de La Sierra,2239,Guapilo,1,Escuela Seccional Guapilo,7000121,9,240,199,0,11,210,199,210
1,Andrés Ibáñez,1,Santa Cruz de La Sierra,2239,Guapilo,1,Escuela Seccional Guapilo,7000131,10,240,187,0,8,195,187,195
1,Andrés Ibáñez,1,Santa Cruz de La Sierra,2239,Guapilo,1,Escuela Seccional Guapilo,7000141,11,240,190,3,10,203,190,203
1,Andrés Ibáñez,1,Santa Cruz de La Sierra,2239,Guapilo,1,Escuela Seccional Guapilo,7000151,12,240,193,1,13,207,193,207
1,Andrés Ibáñez,1,Santa Cruz de La Sierra,2239,Guapilo,1,Escuela Seccional Guapilo,7000161,13,240,183,0,6,189,183,189
1,Andrés Ibáñez,1,Santa Cruz de La Sierra,2239,Guapilo,1,Escuela Seccional Guapilo,7000171,14,240,196,1,12,209,196,209
1,Andrés Ibáñez,1,Santa Cruz de La Sierra,2239,Guapilo,1,Escuela Seccional Guapilo,7000181,15,240,198,2,7,207,198,207
1,Andrés Ibáñez,1,Santa Cruz de La Sierra,2239,Guapilo,1,Escuela Seccional Guapilo,7000191,16,185,147,0,12,159,147,159
1,Andrés Ibáñez,1,Santa Cruz de La Sierra,2243,Palmar del Oratorio,1,Esc. Hugo Banzer Suarez,7000391,1,240,203,1,9,213,203,213
1,Andrés Ibáñez,1,Santa Cruz de La Sierra,2243,Palmar del Oratorio,1,Esc. Hugo Banzer Suarez,7000421,4,240,193,2,13,208,193,208
1,Andrés Ibáñez,1,Santa Cruz de La Sierra,2243,Palmar del Oratorio,1,Esc. Hugo Banzer Suarez,7000431,5,240,185,1,15,201,185,201
1,Andrés Ibáñez,1,Santa Cruz de La Sierra,2243,Palmar del Oratorio,1,Esc. Hugo Banzer Suarez,7000441,6,240,190,2,9,201,190,201
1,Andrés Ibáñez,1,Santa Cruz de La Sierra,2243,Palmar del Oratorio,1,Esc. Hugo Banzer Suarez,7000461,8,240,204,4,4,212,204,212
1,Andrés Ibáñez,1,Santa Cruz de La Sierra,2243,Palmar del Oratorio,1,Esc. Hugo Banzer Suarez,7000471,9,240,207,0,8,215,207,215
1,Andrés Ibáñez,1,Santa Cruz de La Sierra,2243,Palmar del Oratorio,1,Esc. Hugo Banzer Suarez,7000481,10,240,206,0,9,215,206,215
1,Andrés Ibáñez,1,Santa Cruz de La Sierra,2243,Palmar del Oratorio,1,Esc. Hugo Banzer Suarez,7000491,11,240,198,0,6,204,198,204
1,Andrés Ibáñez,1,Santa Cruz de La Sierra,2243,Palmar del Oratorio,1,Esc. Hugo Banzer Suarez,7000501,12,240,191,1,5,197,191,197
1,Andrés Ibáñez,1,Santa Cruz de La Sierra,2243,Palmar del Oratorio,1,Esc. Hugo Banzer Suarez,7000511,13,240,204,1,8,213,204,213
1,Andrés Ibáñez,1,Santa Cruz de La Sierra,2243,Palmar del Oratorio,1,Esc. Hugo Banzer Suarez,7000521,14,240,191,1,13,205,191,205
1,Andrés Ibáñez,1,Santa Cruz de La Sierra,2243,Palmar del Oratorio,1,Esc. Hugo Banzer Suarez,7000531,15,253,205,1,11,217,205,217
1,Andrés Ibáñez,1,Santa Cruz de La Sierra,2243,Palmar del Oratorio,2,Esc. Zenovia Aponte,7004541,1,240,185,3,14,202,185,202
1,Andrés Ibáñez,1,Santa Cruz de La Sierra,2243,Palmar del Oratorio,2,Esc. Zenovia Aponte,7004551,2,240,190,1,6,197,190,197
1,Andrés Ibáñez,1,Santa Cruz de La Sierra,2243,Palmar del Oratorio,2,Esc. Zenovia Aponte,7004561,3,240,192,0,9,201,192,201
1,Andrés Ibáñez,1,Santa Cruz de La Sierra,2243,Palmar del Oratorio,2,Esc. Zenovia Aponte,7004571,4,240,194,3,10,207,194,207
1,Andrés Ibáñez,1,Santa Cruz de La Sierra,2243,Palmar del Oratorio,2,Esc. Zenovia Aponte,7004581,5,240,169,3,38,210,169,210
1,Andrés Ibáñez,1,Santa Cruz de La Sierra,2243,Palmar del Oratorio,2,Esc. Zenovia Aponte,7004591,6,240,178,1,13,192,178,192
1,Andrés Ibáñez,1,Santa Cruz de La Sierra,2243,Palmar del Oratorio,2,Esc. Zenovia Aponte,7004601,7,240,196,1,9,206,196,206
1,Andrés Ibáñez,1,Santa Cruz de La Sierra,2243,Palmar del Oratorio,2,Esc. Zenovia Aponte,7004611,8,240,192,0,9,201,192,201
1,Andrés Ibáñez,1,Santa Cruz de La Sierra,2243,Palmar del Oratorio,2,Esc. Zenovia Aponte,7004691,16,240,183,0,13,196,183,196
1,Andrés Ibáñez,1,Santa Cruz de La Sierra,2243,Palmar del Oratorio,2,Esc. Zenovia Aponte,7004701,17,240,183,1,10,194,183,194
1,Andrés Ibáñez,1,Santa Cruz de La Sierra,2243,Palmar del Oratorio,2,Esc. Zenovia Aponte,7004711,18,240,177,2,8,187,177,187
1,Andrés Ibáñez,1,Santa Cruz de La Sierra,2243,Palmar del Oratorio,2,Esc. Zenovia Aponte,7004721,19,240,189,1,7,197,189,197
1,Andrés Ibáñez,1,Santa Cruz de La Sierra,2243,Palmar del Oratorio,2,Esc. Zenovia Aponte,7004731,20,240,184,1,9,194,184,194
1,Andrés Ibáñez,1,Santa Cruz de La Sierra,2243,Palmar del Oratorio,2,Esc. Zenovia Aponte,7004741,21,240,189,1,9,199,189,199
1,Andrés Ibáñez,1,Santa Cruz de La Sierra,2243,Palmar del Oratorio,2,Esc. Zenovia Aponte,7004751,22,208,164,1,8,173,164,173
1,Andrés Ibáñez,1,Santa Cruz de La Sierra,2243,Palmar del Oratorio,3,Esc. Solidaridad 55,7004761,1,240,195,1,13,209,195,209
1,Andrés Ibáñez,1,Santa Cruz de La Sierra,2243,Palmar del Oratorio,3,Esc. Solidaridad 55,7004801,5,240,179,0,15,194,179,194
1,Andrés Ibáñez,1,Santa Cruz de La Sierra,2243,Palmar del Oratorio,3,Esc. Solidaridad 55,7005051,30,240,191,2,10,203,191,203
1,Andrés Ibáñez,1,Santa Cruz de La Sierra,2243,Palmar del Oratorio,3,Esc. Solidaridad 55,7005061,31,240,189,0,14,203,189,203
1,Andrés Ibáñez,1,Santa Cruz de La Sierra,2243,Palmar del Oratorio,3,Esc. Solidaridad 55,7005071,32,240,187,2,12,201,187,201
1,Andrés Ibáñez,1,Santa Cruz de La Sierra,2243,Palmar del Oratorio,3,Esc. Solidaridad 55,7005081,33,240,210,2,8,220,210,220
1,Andrés Ibáñez,1,Santa Cruz de La Sierra,2243,Palmar del Oratorio,3,Esc. Solidaridad 55,7005091,34,240,192,1,7,200,192,200
1,Andrés Ibáñez,1,Santa Cruz de La Sierra,2243,Palmar del Oratorio,3,Esc. Solidaridad 55,7005101,35,240,181,0,7,188,181,188
1,Andrés Ibáñez,1,Santa Cruz de La Sierra,2243,Palmar del Oratorio,3,Esc. Solidaridad 55,7005111,36,225,160,2,16,178,160,178
1,Andrés Ibáñez,1,Santa Cruz de La Sierra,4032,Clara Serrano,25363,U.E. Clara Serrano,7000841,1,240,198,1,16,215,198,215
1,Andrés Ibáñez,1,Santa Cruz de La Sierra,4032,Clara Serrano,25363,U.E. Clara Serrano,7000851,2,240,183,1,12,196,183,196
1,Andrés Ibáñez,1,Santa Cruz de La Sierra,4032,Clara Serrano,25363,U.E. Clara Serrano,7000861,3,240,188,2,12,202,188,202
1,Andrés Ibáñez,1,Santa Cruz de La Sierra,4032,Clara Serrano,25363,U.E. Clara Serrano,7000881,5,240,185,2,20,207,185,207
1,Andrés Ibáñez,1,Santa Cruz de La Sierra,4032,Clara Serrano,25363,U.E. Clara Serrano,7000891,6,240,181,1,15,197,181,197
1,Andrés Ibáñez,1,Santa Cruz de La Sierra,4032,Clara Serrano,25363,U.E. Clara Serrano,7000901,7,240,195,0,5,200,195,200
1,Andrés Ibáñez,1,Santa Cruz de La Sierra,4032,Clara Serrano,25363,U.E. Clara Serrano,7000911,8,240,171,1,29,201,171,201
1,Andrés Ibáñez,1,Santa Cruz de La Sierra,4032,Clara Serrano,25363,U.E. Clara Serrano,7000921,9,240,199,0,15,214,199,214
1,Andrés Ibáñez,1,Santa Cruz de La Sierra,4032,Clara Serrano,25363,U.E. Clara Serrano,7000931,10,240,172,0,27,199,172,199
1,Andrés Ibáñez,1,Santa Cruz de La Sierra,4032,Clara Serrano,25363,U.E. Clara Serrano,7000951,12,240,194,5,9,208,194,208
1,Andrés Ibáñez,1,Santa Cruz de La Sierra,4032,Clara Serrano,25363,U.E. Clara Serrano,7000961,13,33,22,0,4,26,22,26
1,Andrés Ibáñez,1,Santa Cruz de La Sierra,4034,Villa Viana,25365,U.E. Thevenet De Viana,7001001,1,240,188,1,15,204,188,204
1,Andrés Ibáñez,1,Santa Cruz de La Sierra,4034,Villa Viana,25365,U.E. Thevenet De Viana,7001031,4,240,189,1,13,203,189,203
1,Andrés Ibáñez,1,Santa Cruz de La Sierra,4034,Villa Viana,25365,U.E. Thevenet De Viana,7001041,5,240,191,2,10,203,191,203
1,Andrés Ibáñez,1,Santa Cruz de La Sierra,4034,Villa Viana,25365,U.E. Thevenet De Viana,7001051,6,240,199,1,10,210,199,210
1,Andrés Ibáñez,1,Santa Cruz de La Sierra,4034,Villa Viana,25365,U.E. Thevenet De Viana,7001061,7,240,177,2,17,196,177,196
1,Andrés Ibáñez,1,Santa Cruz de La Sierra,4034,Villa Viana,25365,U.E. Thevenet De Viana,7001071,8,240,187,1,19,207,187,207
1,Andrés Ibáñez,1,Santa Cruz de La Sierra,4034,Villa Viana,25365,U.E. Thevenet De Viana,7001081,9,32,24,0,3,27,24,27
