CodigoProvincia,NombreProvincia,CodigoSeccion,NombreMunicipio,CodigoLocalidad,NombreLocalidad,CodigoRecinto,NombreRecinto,CodigoMesa,NumeroMesa,InscritosHabilitados,VotoValido,VotoBlanco,VotoNulo,VotoEmitido,VotoValidoReal,VotoEmitidoReal
1,Andrés Ibáñez,1,Santa Cruz de La Sierra,2234,Santa Cruz de la Sierra,5,Col. Esc. Unzaga De La Vega,7038551,9,240,142,61,5,208,142,208
1,Andrés Ibáñez,1,Santa Cruz de La Sierra,2234,Santa Cruz de la Sierra,5,Col. Esc. Unzaga De La Vega,7038561,10,240,160,38,7,205,160,205
1,Andrés Ibáñez,1,Santa Cruz de La Sierra,2234,Santa Cruz de la Sierra,5,Col. Esc. Unzaga De La Vega,7038571,11,240,153,48,4,205,153,205
1,Andrés Ibáñez,1,Santa Cruz de La Sierra,2234,Santa Cruz de la Sierra,5,Col. Esc. Unzaga De La Vega,7038581,12,240,132,45,22,199,132,199
1,Andrés Ibáñez,1,Santa Cruz de La Sierra,2234,Santa Cruz de la Sierra,5,Col. Esc. Unzaga De La Vega,7038591,13,240,145,40,23,208,145,208
1,Andrés Ibáñez,1,Santa Cruz de La Sierra,2234,Santa Cruz de la Sierra,5,Col. Esc. Unzaga De La Vega,7038601,14,240,144,53,12,209,144,209
1,Andrés Ibáñez,1,Santa Cruz de La Sierra,2234,Santa Cruz de la Sierra,5,Col. Esc. Unzaga De La Vega,7038611,15,240,147,39,27,213,147,213
1,Andrés Ibáñez,1,Santa Cruz de La Sierra,2234,Santa Cruz de la Sierra,5,Col. Esc. Unzaga De La Vega,7038621,16,240,136,53,23,212,136,212
1,Andrés Ibáñez,1,Santa Cruz de La Sierra,2234,Santa Cruz de la Sierra,5,Col. Esc. Unzaga De La Vega,7038631,17,240,155,44,13,212,155,212
1,Andrés Ibáñez,1,Santa Cruz de La Sierra,2234,Santa Cruz de la Sierra,6,Col. Polifuncional Calama,7038241,12,240,167,35,5,207,167,207
1,Andrés Ibáñez,1,Santa Cruz de La Sierra,2234,Santa Cruz de la Sierra,9,Col. Esc. Tierras Nuevas El Carmen,7039021,1,240,137,60,12,209,137,209
1,Andrés Ibáñez,1,Santa Cruz de La Sierra,2234,Santa Cruz de la Sierra,9,Col. Esc. Tierras Nuevas El Carmen,7039031,2,240,161,42,9,212,161,212
1,Andrés Ibáñez,1,Santa Cruz de La Sierra,2234,Santa Cruz de la Sierra,9,Col. Esc. Tierras Nuevas El Carmen,7039051,4,240,145,58,14,217,145,217
1,Andrés Ibáñez,1,Santa Cruz de La Sierra,2234,Santa Cruz de la Sierra,9,Col. Esc. Tierras Nuevas El Carmen,7039061,5,240,139,62,15,216,139,216
1,Andrés Ibáñez,1,Santa Cruz de La Sierra,2234,Santa Cruz de la Sierra,9,Col. Esc. Tierras Nuevas El Carmen,7039071,6,240,123,60,24,207,123,207
1,Andrés Ibáñez,1,Santa Cruz de La Sierra,2234,Santa Cruz de la Sierra,9,Col. Esc. Tierras Nuevas El Carmen,7039101,9,240,138,50,19,207,138,207
1,Andrés Ibáñez,1,Santa Cruz de La Sierra,2234,Santa Cruz de la Sierra,9,Col. Esc. Tierras Nuevas El Carmen,7039141,13,240,134,64,9,207,134,207
1,Andrés Ibáñez,1,Santa Cruz de La Sierra,2234,Santa Cruz de la Sierra,10,Col. Oscar Arnulfo,7039791,7,240,157,48,12,217,157,217
1,Andrés Ibáñez,1,Santa Cruz de La Sierra,2234,Santa Cruz de la Sierra,10,Col. Oscar Arnulfo,7039801,8,240,164,31,12,207,164,207
1,Andrés Ibáñez,1,Santa Cruz de La Sierra,2234,Santa Cruz de la Sierra,10,Col. Oscar Arnulfo,7039861,14,240,161,27,7,195,161,195
1,Andrés Ibáñez,1,Santa Cruz de La Sierra,2234,Santa Cruz de la Sierra,19,Colegio Marcelino Champagnat,7035281,9,240,169,39,12,220,169,220
1,Andrés Ibáñez,1,Santa Cruz de La Sierra,2234,Santa Cruz de la Sierra,19,Colegio Marcelino Champagnat,7035291,10,240,179,26,5,210,179,210
1,Andrés Ibáñez,1,Santa Cruz de La Sierra,2234,Santa Cruz de la Sierra,19,Colegio Marcelino Champagnat,7035311,12,240,172,35,7,214,172,214
1,Andrés Ibáñez,1,Santa Cruz de La Sierra,2234,Santa Cruz de la Sierra,19,Colegio Marcelino Champagnat,7035321,13,240,186,26,3,215,186,215
1,Andrés Ibáñez,1,Santa Cruz de La Sierra,2234,Santa Cruz de la Sierra,19,Colegio Marcelino Champagnat,7035331,14,240,178,33,5,216,178,216
1,Andrés Ibáñez,1,Santa Cruz de La Sierra,2234,Santa Cruz de la Sierra,19,Colegio Marcelino Champagnat,7035341,15,163,127,18,9,154,127,154
1,Andrés Ibáñez,1,Santa Cruz de La Sierra,2234,Santa Cruz de la Sierra,26,Colegio Adela Zamudio,7033891,19,240,160,40,11,211,160,211
1,Andrés Ibáñez,1,Santa Cruz de La Sierra,2234,Santa Cruz de la Sierra,26,Colegio Adela Zamudio,7033901,20,240,167,40,8,215,167,215
1,Andrés Ibáñez,1,Santa Cruz de La Sierra,2234,Santa Cruz de la Sierra,26,Colegio Adela Zamudio,7033911,21,240,166,42,6,214,166,214
1,Andrés Ibáñez,1,Santa Cruz de La Sierra,2234,Santa Cruz de la Sierra,1000,Col. La Madre,7002841,1,240,177,26,9,212,177,212
1,Andrés Ibáñez,1,Santa Cruz de La Sierra,2234,Santa Cruz de la Sierra,1000,Col. La Madre,7002861,3,240,187,14,3,204,187,204
1,Andrés Ibáñez,1,Santa Cruz de La Sierra,2234,Santa Cruz de la Sierra,1000,Col. La Madre,7002871,4,240,187,23,7,217,187,217
1,Andrés Ibáñez,1,Santa Cruz de La Sierra,2234,Santa Cruz de la Sierra,1000,Col. La Madre,7002891,6,240,164,28,5,197,164,197
1,Andrés Ibáñez,1,Santa Cruz de La Sierra,2234,Santa Cruz de la Sierra,1001,Campus Universitario,7040671,4,240,152,20,11,183,152,183
1,Andrés Ibáñez,1,Santa Cruz de La Sierra,2234,Santa Cruz de la Sierra,1001,Campus Universitario,7040681,5,240,172,21,3,196,172,196
1,Andrés Ibáñez,1,Santa Cruz de La Sierra,2234,Santa Cruz de la Sierra,1001,Campus Universitario,7040711,8,240,161,19,4,184,161,184
1,Andrés Ibáñez,1,Santa Cruz de La Sierra,2234,Santa Cruz de la Sierra,1002,Esc. Rene Barrientos,7002311,9,240,150,30,16,196,150,196
1,Andrés Ibáñez,1,Santa Cruz de La Sierra,2234,Santa Cruz de la Sierra,1002,Esc. Rene Barrientos,7002331,11,240,142,29,19,190,142,190
1,Andrés Ibáñez,1,Santa Cruz de La Sierra,2234,Santa Cruz de la Sierra,1002,Esc. Rene Barrientos,7002341,12,240,171,19,13,203,171,203
1,Andrés Ibáñez,1,Santa Cruz de La Sierra,2234,Santa Cruz de la Sierra,1002,Esc. Rene Barrientos,7002361,14,240,160,35,5,200,160,200
1,Andrés Ibáñez,1,Santa Cruz de La Sierra,2234,Santa Cruz de la Sierra,1002,Esc. Rene Barrientos,7002371,15,240,174,25,5,204,174,204
1,Andrés Ibáñez,1,Santa Cruz de La Sierra,2234,Santa Cruz de la Sierra,1003,Modulo Educativo Jose Miguel De Velasco,7003371,1,240,182,32,5,219,182,219
1,Andrés Ibáñez,1,Santa Cruz de La Sierra,2234,Santa Cruz de la Sierra,1003,Modulo Educativo Jose Miguel De Velasco,7003381,2,240,172,38,8,218,172,218
1,Andrés Ibáñez,1,Santa Cruz de La Sierra,2234,Santa Cruz de la Sierra,1003,Modulo Educativo Jose Miguel De Velasco,7003401,4,240,165,45,6,216,165,216
1,Andrés Ibáñez,1,Santa Cruz de La Sierra,2234,Santa Cruz de la Sierra,1003,Modulo Educativo Jose Miguel De Velasco,7003411,5,240,152,28,10,190,152,190
1,Andrés Ibáñez,1,Santa Cruz de La Sierra,2234,Santa Cruz de la Sierra,1003,Modulo Educativo Jose Miguel De Velasco,7003491,13,240,183,25,6,214,183,214
1,Andrés Ibáñez,1,Santa Cruz de La Sierra,2234,Santa Cruz de la Sierra,1003,Modulo Educativo Jose Miguel De Velasco,7003501,14,240,160,37,8,205,160,205
1,Andrés Ibáñez,1,Santa Cruz de La Sierra,2234,Santa Cruz de la Sierra,1003,Modulo Educativo Jose Miguel De Velasco,7003511,15,240,181,23,8,212,181,212
1,Andrés Ibáñez,1,Santa Cruz de La Sierra,2234,Santa Cruz de la Sierra,1004,Col. Mirette Sciaroni,7002391,1,240,173,23,1,197,173,197
1,Andrés Ibáñez,1,Santa Cruz de La Sierra,2234,Santa Cruz de la Sierra,1004,Col. Mirette Sciaroni,7002401,2,240,196,12,4,212,196,212
1,Andrés Ibáñez,1,Santa Cruz de La Sierra,2234,Santa Cruz de la Sierra,1004,Col. Mirette Sciaroni,7002431,5,240,165,24,3,192,165,192
1,Andrés Ibáñez,1,Santa Cruz de La Sierra,2234,Santa Cruz de la Sierra,1004,Col. Mirette Sciaroni,7002461,8,240,175,18,16,209,175,209
1,Andrés Ibáñez,1,Santa Cruz de La Sierra,2234,Santa Cruz de la Sierra,1004,Col. Mirette Sciaroni,7002481,10,240,172,26,4,202,172,202
1,Andrés Ibáñez,1,Santa Cruz de La Sierra,2234,Santa Cruz de la Sierra,1005,Col. Gabriel Rene Moreno,7041881,1,240,162,20,3,185,162,185
1,Andrés Ibáñez,1,Santa Cruz de La Sierra,2234,Santa Cruz de la Sierra,1006,Col. San Martin De Porres,7001981,5,240,181,30,5,216,181,216
1,Andrés Ibáñez,1,Santa Cruz de La Sierra,2234,Santa Cruz de la Sierra,1006,Col. San Martin De Porres,7002081,15,240,164,43,11,218,164,218
1,Andrés Ibáñez,1,Santa Cruz de La Sierra,2234,Santa Cruz de la Sierra,1006,Col. San Martin De Porres,7002131,20,240,165,40,8,213,165,213
1,Andrés Ibáñez,1,Santa Cruz de La Sierra,2234,Santa Cruz de la Sierra,1006,Col. San Martin De Porres,7002141,21,240,159,37,8,204,159,204
1,Andrés Ibáñez,1,Santa Cruz de La Sierra,2234,Santa Cruz de la Sierra,1006,Col. San Martin De Porres,7002161,23,240,156,41,14,211,156,211
1,Andrés Ibáñez,1,Santa Cruz de La Sierra,2234,Santa Cruz de la Sierra,1008,Esc. Normal Enriquet  Finot,7003851,1,240,178,15,5,198,178,198
1,Andrés Ibáñez,1,Santa Cruz de La Sierra,2234,Santa Cruz de la Sierra,1008,Esc. Normal Enriquet  Finot,7004021,18,240,168,14,2,184,168,184
1,Andrés Ibáñez,1,Santa Cruz de La Sierra,2234,Santa Cruz de la Sierra,1008,Esc. Normal Enriquet  Finot,7004031,19,240,181,10,5,196,181,196
1,Andrés Ibáñez,1,Santa Cruz de La Sierra,2234,Santa Cruz de la Sierra,1008,Esc. Normal Enriquet  Finot,7004061,22,240,170,15,2,187,170,187
1,Andrés Ibáñez,1,Santa Cruz de La Sierra,2234,Santa Cruz de la Sierra,1008,Esc. Normal Enriquet  Finot,7004071,23,240,174,16,5,195,174,195
1,Andrés Ibáñez,1,Santa Cruz de La Sierra,2234,Santa Cruz de la Sierra,1008,Esc. Normal Enriquet  Finot,7004081,24,250,186,13,2,201,186,201
1,Andrés Ibáñez,1,Santa Cruz de La Sierra,2234,Santa Cruz de la Sierra,1009,Colegio Castulo Chavez,7040781,3,240,151,25,19,195,151,195
1,Andrés Ibáñez,1,Santa Cruz de La Sierra,2234,Santa Cruz de la Sierra,1009,Colegio Castulo Chavez,7040791,4,240,156,24,8,188,156,188
1,Andrés Ibáñez,1,Santa Cruz de La Sierra,2234,Santa Cruz de la Sierra,1009,Colegio Castulo Chavez,7040821,7,240,167,25,9,201,167,201
1,Andrés Ibáñez,1,Santa Cruz de La Sierra,2234,Santa Cruz de la Sierra,1010,Gladys Rivero De Jimenez,7003151,11,240,166,35,6,207,166,207
1,Andrés Ibáñez,1,Santa Cruz de La Sierra,2234,Santa Cruz de la Sierra,1010,Gladys Rivero De Jimenez,7003161,12,240,157,39,5,201,157,201
1,Andrés Ibáñez,1,Santa Cruz de La Sierra,2234,Santa Cruz de la Sierra,1010,Gladys Rivero De Jimenez,7003171,13,240,179,28,3,210,179,210
1,Andrés Ibáñez,1,Santa Cruz de La Sierra,2234,Santa Cruz de la Sierra,1010,Gladys Rivero De Jimenez,7003201,16,141,105,18,1,124,105,124
1,Andrés Ibáñez,1,Santa Cruz de La Sierra,2234,Santa Cruz de la Sierra,1011,Kinder Luisa Saucedo,7041971,1,240,171,18,8,197,171,197
1,Andrés Ibáñez,1,Santa Cruz de La Sierra,2234,Santa Cruz de la Sierra,1011,Kinder Luisa Saucedo,7041991,3,240,176,20,5,201,176,201
1,Andrés Ibáñez,1,Santa Cruz de La Sierra,2234,Santa Cruz de la Sierra,1011,Kinder Luisa Saucedo,7042001,4,172,117,22,1,140,117,140
1,Andrés Ibáñez,1,Santa Cruz de La Sierra,2234,Santa Cruz de la Sierra,1012,Escuela San Carlos,7003601,6,240,173,32,7,212,173,212
1,Andrés Ibáñez,1,Santa Cruz de La Sierra,2234,Santa Cruz de la Sierra,1015,Esc. Aponte Tineo (Esc. Gregorio Moreno),7002511,2,240,168,31,5,204,168,204
1,Andrés Ibáñez,1,Santa Cruz de La Sierra,2234,Santa Cruz de la Sierra,1015,Esc. Aponte Tineo (Esc. Gregorio Moreno),7002521,3,240,168,20,1,189,168,189
1,Andrés Ibáñez,1,Santa Cruz de La Sierra,2234,Santa Cruz de la Sierra,2001,Col. Seccional Monseñor Santiestevan,7042021,1,240,164,31,3,198,164,198
1,Andrés Ibáñez,1,Santa Cruz de La Sierra,2234,Santa Cruz de la Sierra,2001,Col. Seccional Monseñor Santiestevan,7042031,2,240,144,32,13,189,144,189
1,Andrés Ibáñez,1,Santa Cruz de La Sierra,2234,Santa Cruz de la Sierra,2001,Col. Seccional Monseñor Santiestevan,7042081,7,170,111,14,8,133,111,133
1,Andrés Ibáñez,1,Santa Cruz de La Sierra,2234,Santa Cruz de la Sierra,2004,Col. Republica del Uruguay,7040891,1,240,190,30,2,222,190,222
1,Andrés Ibáñez,1,Santa Cruz de La Sierra,2234,Santa Cruz de la Sierra,2004,Col. Republica del Uruguay,7040901,2,240,172,23,3,198,172,198
1,Andrés Ibáñez,1,Santa Cruz de La Sierra,2234,Santa Cruz de la Sierra,2004,Col. Republica del Uruguay,7040911,3,240,180,1,5,186,180,186
1,Andrés Ibáñez,1,Santa Cruz de La Sierra,2234,Santa Cruz de la Sierra,2004,Col. Republica del Uruguay,7040931,5,240,182,13,4,199,182,199
1,Andrés Ibáñez,1,Santa Cruz de La Sierra,2234,Santa Cruz de la Sierra,2004,Col. Republica del Uruguay,7040951,7,240,185,27,5,217,185,217
1,Andrés Ibáñez,1,Santa Cruz de La Sierra,2234,Santa Cruz de la Sierra,2004,Col. Republica del Uruguay,7040981,10,240,183,19,5,207,183,207
1,Andrés Ibáñez,1,Santa Cruz de La Sierra,2234,Santa Cruz de la Sierra,2004,Col. Republica del Uruguay,7040991,11,240,189,15,6,210,189,210
1,Andrés Ibáñez,1,Santa Cruz de La Sierra,2234,Santa Cruz de la Sierra,2004,Col. Republica del Uruguay,7041011,13,71,50,8,1,59,50,59
1,Andrés Ibáñez,1,Santa Cruz de La Sierra,2234,Santa Cruz de la Sierra,2006,U.E. Latinoamericano,7040191,1,240,196,14,3,213,196,213
1,Andrés Ibáñez,1,Santa Cruz de La Sierra,2234,Santa Cruz de la Sierra,2006,U.E. Latinoamericano,7040201,2,240,177,29,5,211,177,211
1,Andrés Ibáñez,1,Santa Cruz de La Sierra,2234,Santa Cruz de la Sierra,2006,U.E. Latinoamericano,7040211,3,240,171,26,3,200,171,200
1,Andrés Ibáñez,1,Santa Cruz de La Sierra,2234,Santa Cruz de la Sierra,2006,U.E. Latinoamericano,7040231,5,240,189,18,7,214,189,214
1,Andrés Ibáñez,1,Santa Cruz de La Sierra,2234,Santa Cruz de la Sierra,2009,Col. Wenseslao Montero,7006921,1,240,167,40,8,215,167,215
1,Andrés Ibáñez,1,Santa Cruz de La Sierra,2234,Santa Cruz de la Sierra,2009,Col. Wenseslao Montero,7006931,2,240,182,27,3,212,182,212
1,Andrés Ibáñez,1,Santa Cruz de La Sierra,2234,Santa Cruz de la Sierra,2010,Col. Tecnologico Santa Cruz,7007191,7,240,183,28,1,212,183,212
1,Andrés Ibáñez,1,Santa Cruz de La Sierra,2234,Santa Cruz de la Sierra,2010,Col. Tecnologico Santa Cruz,7007201,8,240,183,31,4,218,183,218
1,Andrés Ibáñez,1,Santa Cruz de La Sierra,2234,Santa Cruz de la Sierra,2010,Col. Tecnologico Santa Cruz,7007211,9,240,179,28,4,211,179,211
1,Andrés Ibáñez,1,Santa Cruz de La Sierra,2234,Santa Cruz de la Sierra,2010,Col. Tecnologico Santa Cruz,7007231,11,185,135,18,10,163,135,163
1,Andrés Ibáñez,1,Santa Cruz de La Sierra,2234,Santa Cruz de la Sierra,2013,Col. Domingo Leigue (Boliviano Canadiense),7005571,1,240,185,26,3,214,185,214
1,Andrés Ibáñez,1,Santa Cruz de La Sierra,2234,Santa Cruz de la Sierra,2013,Col. Domingo Leigue (Boliviano Canadiense),7005591,3,240,175,24,6,205,175,205
1,Andrés Ibáñez,1,Santa Cruz de La Sierra,2234,Santa Cruz de la Sierra,2013,Col. Domingo Leigue (Boliviano Canadiense),7005601,4,240,194,26,1,221,194,221
1,Andrés Ibáñez,1,Santa Cruz de La Sierra,2234,Santa Cruz de la Sierra,2013,Col. Domingo Leigue (Boliviano Canadiense),7005631,7,240,171,26,6,203,171,203
1,Andrés Ibáñez,1,Santa Cruz de La Sierra,2234,Santa Cruz de la Sierra,2017,Col. 24 de Septiembre,7006741,10,240,170,37,9,216,170,216
1,Andrés Ibáñez,1,Santa Cruz de La Sierra,2234,Santa Cruz de la Sierra,2017,Col. 24 de Septiembre,7006751,11,240,179,26,7,212,179,212
1,Andrés Ibáñez,1,Santa Cruz de La Sierra,2234,Santa Cruz de la Sierra,2017,Col. 24 de Septiembre,7006771,13,41,26,9,0,35,26,35
1,Andrés Ibáñez,1,Santa Cruz de La Sierra,2234,Santa Cruz de la Sierra,2018,Col. Liceo Maria Vacadiez,7005431,7,240,175,20,6,201,175,201
1,Andrés Ibáñez,1,Santa Cruz de La Sierra,2234,Santa Cruz de la Sierra,2018,Col. Liceo Maria Vacadiez,7005441,8,240,190,17,5,212,190,212
1,Andrés Ibáñez,1,Santa Cruz de La Sierra,2234,Santa Cruz de la Sierra,2018,Col. Liceo Maria Vacadiez,7005451,9,85,66,0,1,67,66,67
1,Andrés Ibáñez,1,Santa Cruz de La Sierra,2234,Santa Cruz de la Sierra,2019,Col. Escuela Magisterio,7006891,12,240,171,26,4,201,171,201
1,Andrés Ibáñez,1,Santa Cruz de La Sierra,2234,Santa Cruz de la Sierra,2020,Col. La Santa Cruz,7005151,4,240,184,21,4,209,184,209
1,Andrés Ibáñez,1,Santa Cruz de La Sierra,2234,Santa Cruz de la Sierra,2020,Col. La Santa Cruz,7005161,5,240,188,17,5,210,188,210
1,Andrés Ibáñez,1,Santa Cruz de La Sierra,2234,Santa Cruz de la Sierra,2021,Col. Carmen Ortiz De Peredo,7006071,3,240,184,13,4,201,184,201
1,Andrés Ibáñez,1,Santa Cruz de La Sierra,2234,Santa Cruz de la Sierra,2021,Col. Carmen Ortiz De Peredo,7006081,4,240,179,23,6,208,179,208
1,Andrés Ibáñez,1,Santa Cruz de La Sierra,2234,Santa Cruz de la Sierra,2021,Col. Carmen Ortiz De Peredo,7006091,5,240,195,16,6,217,195,217
1,Andrés Ibáñez,1,Santa Cruz de La Sierra,2234,Santa Cruz de la Sierra,2021,Col. Carmen Ortiz De Peredo,7006101,6,240,172,19,3,194,172,194
1,Andrés Ibáñez,1,Santa Cruz de La Sierra,2234,Santa Cruz de la Sierra,2022,Col. Britanico,7005281,7,240,190,8,5,203,190,203
1,Andrés Ibáñez,1,Santa Cruz de La Sierra,2234,Santa Cruz de la Sierra,2023,Col. Pedro Gutierrez,7006331,10,240,162,23,16,201,162,201
1,Andrés Ibáñez,1,Santa Cruz de La Sierra,2234,Santa Cruz de la Sierra,2023,Col. Pedro Gutierrez,7006351,12,240,184,19,10,213,184,213
1,Andrés Ibáñez,1,Santa Cruz de La Sierra,2234,Santa Cruz de la Sierra,2023,Col. Pedro Gutierrez,7006371,14,240,176,20,10,206,176,206
1,Andrés Ibáñez,1,Santa Cruz de La Sierra,2234,Santa Cruz de la Sierra,2026,Col. Instituto Americano Juan Wesley,7041281,11,179,140,18,2,160,140,160
1,Andrés Ibáñez,1,Santa Cruz de La Sierra,2234,Santa Cruz de la Sierra,2027,Col. Romulo Herrera,7042141,6,240,152,47,4,203,152,203
1,Andrés Ibáñez,1,Santa Cruz de La Sierra,2234,Santa Cruz de la Sierra,2027,Col. Romulo Herrera,7042151,7,240,150,44,5,199,150,199
1,Andrés Ibáñez,1,Santa Cruz de La Sierra,2234,Santa Cruz de la Sierra,2027,Col. Romulo Herrera,7042161,8,240,180,21,7,208,180,208
1,Andrés Ibáñez,1,Santa Cruz de La Sierra,2234,Santa Cruz de la Sierra,3000,Colegio Marista,7042221,1,240,172,26,3,201,172,201
1,Andrés Ibáñez,1,Santa Cruz de La Sierra,2234,Santa Cruz de la Sierra,3000,Colegio Marista,7042291,8,240,189,16,7,212,189,212
1,Andrés Ibáñez,1,Santa Cruz de La Sierra,2234,Santa Cruz de la Sierra,3001,Colegio Don Bosco,7041631,5,240,171,15,5,191,171,191
1,Andrés Ibáñez,1,Santa Cruz de La Sierra,2234,Santa Cruz de la Sierra,3001,Colegio Don Bosco,7041661,8,240,192,7,2,201,192,201
1,Andrés Ibáñez,1,Santa Cruz de La Sierra,2234,Santa Cruz de la Sierra,3001,Colegio Don Bosco,7041681,10,240,180,15,4,199,180,199
1,Andrés Ibáñez,1,Santa Cruz de La Sierra,2234,Santa Cruz de la Sierra,3007,Col. Fe y Alegria   Aniceto Arze,7007901,21,240,191,21,8,220,191,220
1,Andrés Ibáñez,1,Santa Cruz de La Sierra,2234,Santa Cruz de la Sierra,3009,Col. San Carlos,7007661,6,240,177,32,4,213,177,213
1,Andrés Ibáñez,1,Santa Cruz de La Sierra,2234,Santa Cruz de la Sierra,3009,Col. San Carlos,7007671,7,240,177,32,2,211,177,211
1,Andrés Ibáñez,1,Santa Cruz de La Sierra,2234,Santa Cruz de la Sierra,3010,Col. El Pajonal,7007991,1,240,181,28,5,214,181,214
1,Andrés Ibáñez,1,Santa Cruz de La Sierra,2234,Santa Cruz de la Sierra,3010,Col. El Pajonal,7008011,3,240,172,31,6,209,172,209
1,Andrés Ibáñez,1,Santa Cruz de La Sierra,2234,Santa Cruz de la Sierra,3010,Col. El Pajonal,7008051,7,259,199,23,8,230,199,230
1,Andrés Ibáñez,1,Santa Cruz de La Sierra,2234,Santa Cruz de la Sierra,3011,Colegio Nestor Suarez,7010021,6,240,178,26,5,209,178,209
1,Andrés Ibáñez,1,Santa Cruz de La Sierra,2234,Santa Cruz de la Sierra,3011,Colegio Nestor Suarez,7010081,12,240,185,36,3,224,185,224
1,Andrés Ibáñez,1,Santa Cruz de La Sierra,2234,Santa Cruz de la Sierra,3012,Col. Magdalena Postel,7010261,5,240,164,40,10,214,164,214
1,Andrés Ibáñez,1,Santa Cruz de La Sierra,2234,Santa Cruz de la Sierra,3012,Col. Magdalena Postel,7010271,6,240,183,26,2,211,183,211
1,Andrés Ibáñez,1,Santa Cruz de La Sierra,2234,Santa Cruz de la Sierra,3013,Col. Sagrado Corazon,7010141,1,240,160,34,15,209,160,209
1,Andrés Ibáñez,1,Santa Cruz de La Sierra,2234,Santa Cruz de la Sierra,3013,Col. Sagrado Corazon,7010151,2,240,173,38,5,216,173,216
1,Andrés Ibáñez,1,Santa Cruz de La Sierra,2234,Santa Cruz de la Sierra,3013,Col. Sagrado Corazon,7010161,3,240,171,36,6,213,171,213
1,Andrés Ibáñez,1,Santa Cruz de La Sierra,2234,Santa Cruz de la Sierra,3013,Col. Sagrado Corazon,7010171,4,240,177,25,13,215,177,215
1,Andrés Ibáñez,1,Santa Cruz de La Sierra,2234,Santa Cruz de la Sierra,3013,Col. Sagrado Corazon,7010181,5,240,181,24,5,210,181,210
1,Andrés Ibáñez,1,Santa Cruz de La Sierra,2234,Santa Cruz de la Sierra,3015,U.E. Domingo Faustino,7006041,1,164,116,22,9,147,116,147
1,Andrés Ibáñez,1,Santa Cruz de La Sierra,2234,Santa Cruz de la Sierra,3017,Col. Nacional Salesiano,7041361,1,240,180,23,5,208,180,208
1,Andrés Ibáñez,1,Santa Cruz de La Sierra,2234,Santa Cruz de la Sierra,3017,Col. Nacional Salesiano,7041371,2,240,170,29,2,201,170,201
1,Andrés Ibáñez,1,Santa Cruz de La Sierra,2234,Santa Cruz de la Sierra,3017,Col. Nacional Salesiano,7041381,3,240,165,41,7,213,165,213
1,Andrés Ibáñez,1,Santa Cruz de La Sierra,2234,Santa Cruz de la Sierra,3017,Col. Nacional Salesiano,7041391,4,240,171,29,5,205,171,205
1,Andrés Ibáñez,1,Santa Cruz de La Sierra,2234,Santa Cruz de la Sierra,3017,Col. Nacional Salesiano,7041401,5,240,184,22,3,209,184,209
1,Andrés Ibáñez,1,Santa Cruz de La Sierra,2234,Santa Cruz de la Sierra,3017,Col. Nacional Salesiano,7041411,6,240,171,30,5,206,171,206
1,Andrés Ibáñez,1,Santa Cruz de La Sierra,2234,Santa Cruz de la Sierra,3017,Col. Nacional Salesiano,7041431,8,240,183,17,3,203,183,203
1,Andrés Ibáñez,1,Santa Cruz de La Sierra,2234,Santa Cruz de la Sierra,3017,Col. Nacional Salesiano,7041441,9,44,30,6,0,36,30,36
1,Andrés Ibáñez,1,Santa Cruz de La Sierra,2234,Santa Cruz de la Sierra,3020,Col. Basilio De Cuellar,7042311,1,240,178,23,7,208,178,208
1,Andrés Ibáñez,1,Santa Cruz de La Sierra,2234,Santa Cruz de la Sierra,3020,Col. Basilio De Cuellar,7042321,2,240,163,28,7,198,163,198
1,Andrés Ibáñez,1,Santa Cruz de La Sierra,2234,Santa Cruz de la Sierra,3020,Col. Basilio De Cuellar,7042331,3,240,175,19,5,199,175,199
1,Andrés Ibáñez,1,Santa Cruz de La Sierra,2234,Santa Cruz de la Sierra,3020,Col. Basilio De Cuellar,7042341,4,240,166,32,4,202,166,202
1,Andrés Ibáñez,1,Santa Cruz de La Sierra,2234,Santa Cruz de la Sierra,3020,Col. Basilio De Cuellar,7042351,5,145,101,17,3,121,101,121
1,Andrés Ibáñez,1,Santa Cruz de La Sierra,2234,Santa Cruz de la Sierra,3023,Col. Nacional Florida,7042421,3,240,184,14,6,204,184,204
1,Andrés Ibáñez,1,Santa Cruz de La Sierra,2234,Santa Cruz de la Sierra,3023,Col. Nacional Florida,7042431,4,240,174,22,4,200,174,200
1,Andrés Ibáñez,1,Santa Cruz de La Sierra,2234,Santa Cruz de la Sierra,3024,U.E. Arroyito,7033231,7,240,145,60,6,211,145,211
1,Andrés Ibáñez,1,Santa Cruz de La Sierra,2234,Santa Cruz de la Sierra,3024,U.E. Arroyito,7033241,8,240,139,60,14,213,139,213
1,Andrés Ibáñez,1,Santa Cruz de La Sierra,2234,Santa Cruz de la Sierra,3024,U.E. Arroyito,7033271,11,224,125,53,12,190,125,190
1,Andrés Ibáñez,1,Santa Cruz de La Sierra,2234,Santa Cruz de la Sierra,3025,Col. Unidad Educativa San Jorge,7030551,6,240,165,33,16,214,165,214
1,Andrés Ibáñez,1,Santa Cruz de La Sierra,2234,Santa Cruz de la Sierra,3027,Col. Cupesi Terrado,7023641,12,240,133,59,9,201,133,201
1,Andrés Ibáñez,1,Santa Cruz de La Sierra,2234,Santa Cruz de la Sierra,3027,Col. Cupesi Terrado,7023651,13,240,155,49,9,213,155,213
1,Andrés Ibáñez,1,Santa Cruz de La Sierra,2234,Santa Cruz de la Sierra,3028,Colegio Cupeso De Los Reyes,7030481,15,240,146,62,7,215,146,215
1,Andrés Ibáñez,1,Santa Cruz de La Sierra,2234,Santa Cruz de la Sierra,4000,Col. Fe y Alegria La Merced,7040421,5,240,173,25,6,204,173,204
1,Andrés Ibáñez,1,Santa Cruz de La Sierra,2234,Santa Cruz de la Sierra,4000,Col. Fe y Alegria La Merced,7040441,7,240,183,27,5,215,183,215
1,Andrés Ibáñez,1,Santa Cruz de La Sierra,2234,Santa Cruz de la Sierra,4002,Col. Villa Rosario,7011111,1,240,165,32,13,210,165,210
1,Andrés Ibáñez,1,Santa Cruz de La Sierra,2234,Santa Cruz de la Sierra,4002,Col. Villa Rosario,7011121,2,240,154,39,10,203,154,203
1,Andrés Ibáñez,1,Santa Cruz de La Sierra,2234,Santa Cruz de la Sierra,4002,Col. Villa Rosario,7011131,3,240,152,43,5,200,152,200
1,Andrés Ibáñez,1,Santa Cruz de La Sierra,2234,Santa Cruz de la Sierra,4002,Col. Villa Rosario,7011211,11,192,120,28,9,157,120,157
1,Andrés Ibáñez,1,Santa Cruz de La Sierra,2234,Santa Cruz de la Sierra,4005,Col.  Placido Molilna,7040321,5,240,151,46,5,202,151,202
1,Andrés Ibáñez,1,Santa Cruz de La Sierra,2234,Santa Cruz de la Sierra,4007,Col. Henrry Prince,7010841,1,240,172,32,8,212,172,212
1,Andrés Ibáñez,1,Santa Cruz de La Sierra,2234,Santa Cruz de la Sierra,4007,Col. Henrry Prince,7010861,3,240,173,23,4,200,173,200
1,Andrés Ibáñez,1,Santa Cruz de La Sierra,2234,Santa Cruz de la Sierra,4007,Col. Henrry Prince,7010871,4,240,160,44,12,216,160,216
1,Andrés Ibáñez,1,Santa Cruz de La Sierra,2234,Santa Cruz de la Sierra,4007,Col. Henrry Prince,7010881,5,240,170,24,14,208,170,208
1,Andrés Ibáñez,1,Santa Cruz de La Sierra,2234,Santa Cruz de la Sierra,4010,U.E. Villa Warnes A.,7010621,3,240,179,32,7,218,179,218
1,Andrés Ibáñez,1,Santa Cruz de La Sierra,2234,Santa Cruz de la Sierra,4011,Col. Victor Paz Estensoro,7010391,1,240,189,16,5,210,189,210
1,Andrés Ibáñez,1,Santa Cruz de La Sierra,2234,Santa Cruz de la Sierra,4011,Col. Victor Paz Estensoro,7010401,2,240,178,31,3,212,178,212
1,Andrés Ibáñez,1,Santa Cruz de La Sierra,2234,Santa Cruz de la Sierra,4011,Col. Victor Paz Estensoro,7010421,4,240,173,33,8,214,173,214
1,Andrés Ibáñez,1,Santa Cruz de La Sierra,2234,Santa Cruz de la Sierra,4011,Col. Victor Paz Estensoro,7010441,6,240,165,22,11,198,165,198
1,Andrés Ibáñez,1,Santa Cruz de La Sierra,2234,Santa Cruz de la Sierra,4012,Col. Jose Malky Jesus Maria,7009081,5,240,149,19,9,177,149,177
1,Andrés Ibáñez,1,Santa Cruz de La Sierra,2234,Santa Cruz de la Sierra,4012,Col. Jose Malky Jesus Maria,7009201,17,240,175,25,3,203,175,203
1,Andrés Ibáñez,1,Santa Cruz de La Sierra,2234,Santa Cruz de la Sierra,4012,Col. Jose Malky Jesus Maria,7009231,20,240,174,17,4,195,174,195
1,Andrés Ibáñez,1,Santa Cruz de La Sierra,2234,Santa Cruz de la Sierra,4012,Col. Jose Malky Jesus Maria,7009261,23,240,175,19,3,197,175,197
1,Andrés Ibáñez,1,Santa Cruz de La Sierra,2234,Santa Cruz de la Sierra,4012,Col. Jose Malky Jesus Maria,7009271,24,173,115,18,2,135,115,135
1,Andrés Ibáñez,1,Santa Cruz de La Sierra,2234,Santa Cruz de la Sierra,4013,U.E. Julia Ribera Aguilera,7009291,2,240,177,22,13,212,177,212
1,Andrés Ibáñez,1,Santa Cruz de La Sierra,2234,Santa Cruz de la Sierra,4013,U.E. Julia Ribera Aguilera,7009331,6,240,192,28,2,222,192,222
1,Andrés Ibáñez,1,Santa Cruz de La Sierra,2234,Santa Cruz de la Sierra,4014,Col. Jhon Kennedy,7001571,14,240,178,27,7,212,178,212
1,Andrés Ibáñez,1,Santa Cruz de La Sierra,2234,Santa Cruz de la Sierra,4014,Col. Jhon Kennedy,7001601,17,240,169,36,5,210,169,210
1,Andrés Ibáñez,1,Santa Cruz de La Sierra,2234,Santa Cruz de la Sierra,4015,Col. Complejo Educativo Japon,7009361,1,240,159,43,11,213,159,213
1,Andrés Ibáñez,1,Santa Cruz de La Sierra,2234,Santa Cruz de la Sierra,4015,Col. Complejo Educativo Japon,7009381,3,240,162,44,10,216,162,216
1,Andrés Ibáñez,1,Santa Cruz de La Sierra,2234,Santa Cruz de la Sierra,4015,Col. Complejo Educativo Japon,7009421,7,240,164,38,11,213,164,213
1,Andrés Ibáñez,1,Santa Cruz de La Sierra,2234,Santa Cruz de la Sierra,4015,Col. Complejo Educativo Japon,7009451,10,240,170,32,14,216,170,216
1,Andrés Ibáñez,1,Santa Cruz de La Sierra,2234,Santa Cruz de la Sierra,4015,Col. Complejo Educativo Japon,7009471,12,240,152,41,17,210,152,210
1,Andrés Ibáñez,1,Santa Cruz de La Sierra,2234,Santa Cruz de la Sierra,4016,Col. Alfa y Omega,7009621,7,205,142,28,7,177,142,177
1,Andrés Ibáñez,1,Santa Cruz de La Sierra,2234,Santa Cruz de la Sierra,4019,Col. Unidad Educativa Lorenzo Caballero,7041811,1,240,169,32,18,219,169,219
1,Andrés Ibáñez,1,Santa Cruz de La Sierra,2234,Santa Cruz de la Sierra,4019,Col. Unidad Educativa Lorenzo Caballero,7041831,3,240,149,37,13,199,149,199
1,Andrés Ibáñez,1,Santa Cruz de La Sierra,2234,Santa Cruz de la Sierra,4019,Col. Unidad Educativa Lorenzo Caballero,7041861,6,240,178,31,10,219,178,219
1,Andrés Ibáñez,1,Santa Cruz de La Sierra,2234,Santa Cruz de la Sierra,4019,Col. Unidad Educativa Lorenzo Caballero,7041871,7,36,21,9,1,31,21,31
1,Andrés Ibáñez,1,Santa Cruz de La Sierra,2234,Santa Cruz de la Sierra,4020,Col. Antonio Vicente Seoane,7009631,1,240,205,5,10,220,205,220
1,Andrés Ibáñez,1,Santa Cruz de La Sierra,2234,Santa Cruz de la Sierra,4020,Col. Antonio Vicente Seoane,7009661,4,240,169,35,9,213,169,213
1,Andrés Ibáñez,1,Santa Cruz de La Sierra,2234,Santa Cruz de la Sierra,4022,Col. Esc. Coronel Ignacio Warnes,7042541,1,240,157,26,10,193,157,193
1,Andrés Ibáñez,1,Santa Cruz de La Sierra,2234,Santa Cruz de la Sierra,4022,Col. Esc. Coronel Ignacio Warnes,7042551,2,240,167,24,9,200,167,200
1,Andrés Ibáñez,1,Santa Cruz de La Sierra,2234,Santa Cruz de la Sierra,4022,Col. Esc. Coronel Ignacio Warnes,7042561,3,84,64,7,0,71,64,71
1,Andrés Ibáñez,1,Santa Cruz de La Sierra,2234,Santa Cruz de la Sierra,5001,Colegio Josefina Balsamo( Los Tusequis),7013471,5,240,169,36,4,209,169,209
1,Andrés Ibáñez,1,Santa Cruz de La Sierra,2234,Santa Cruz de la Sierra,5001,Colegio Josefina Balsamo( Los Tusequis),7013481,6,240,171,35,8,214,171,214
1,Andrés Ibáñez,1,Santa Cruz de La Sierra,2234,Santa Cruz de la Sierra,5001,Colegio Josefina Balsamo( Los Tusequis),7013551,13,240,151,48,8,207,151,207
1,Andrés Ibáñez,1,Santa Cruz de La Sierra,2234,Santa Cruz de la Sierra,5002,Esc. German Busch,7013191,3,240,178,22,5,205,178,205
1,Andrés Ibáñez,1,Santa Cruz de La Sierra,2234,Santa Cruz de la Sierra,5003,Col. Escuela 2 De Agosto,7012921,3,240,176,34,3,213,176,213
1,Andrés Ibáñez,1,Santa Cruz de La Sierra,2234,Santa Cruz de la Sierra,5004,Col. Ovidio Santistevan,7004161,8,240,176,33,6,215,176,215
1,Andrés Ibáñez,1,Santa Cruz de La Sierra,2234,Santa Cruz de la Sierra,5004,Col. Ovidio Santistevan,7004171,9,240,168,34,2,204,168,204
1,Andrés Ibáñez,1,Santa Cruz de La Sierra,2234,Santa Cruz de la Sierra,5004,Col. Ovidio Santistevan,7004201,12,240,184,19,8,211,184,211
1,Andrés Ibáñez,1,Santa Cruz de La Sierra,2234,Santa Cruz de la Sierra,5004,Col. Ovidio Santistevan,7004221,14,240,170,44,2,216,170,216
1,Andrés Ibáñez,1,Santa Cruz de La Sierra,2234,Santa Cruz de la Sierra,5005,Col. Villa Bolivia,7004351,7,240,167,32,12,211,167,211
1,Andrés Ibáñez,1,Santa Cruz de La Sierra,2234,Santa Cruz de la Sierra,5005,Col. Villa Bolivia,7004371,9,240,168,38,7,213,168,213
1,Andrés Ibáñez,1,Santa Cruz de La Sierra,2234,Santa Cruz de la Sierra,5005,Col. Villa Bolivia,7004381,10,240,179,30,2,211,179,211
1,Andrés Ibáñez,1,Santa Cruz de La Sierra,2234,Santa Cruz de la Sierra,5006,U.E.  Kinder Virgen de Cotoca II,7003701,3,240,176,20,7,203,176,203
1,Andrés Ibáñez,1,Santa Cruz de La Sierra,2234,Santa Cruz de la Sierra,5008,Naciones Unidas,7014911,4,240,163,38,10,211,163,211
1,Andrés Ibáñez,1,Santa Cruz de La Sierra,2234,Santa Cruz de la Sierra,5010,Esc. Jose Mariano Serrano,7015491,8,240,187,26,2,215,187,215
1,Andrés Ibáñez,1,Santa Cruz de La Sierra,2234,Santa Cruz de la Sierra,5010,Esc. Jose Mariano Serrano,7015511,10,240,169,19,5,193,169,193
1,Andrés Ibáñez,1,Santa Cruz de La Sierra,2234,Santa Cruz de la Sierra,5010,Esc. Jose Mariano Serrano,7015521,11,240,182,23,2,207,182,207
1,Andrés Ibáñez,1,Santa Cruz de La Sierra,2234,Santa Cruz de la Sierra,5014,Esc. Claracuta,7013931,4,240,165,34,4,203,165,203
1,Andrés Ibáñez,1,Santa Cruz de La Sierra,2234,Santa Cruz de la Sierra,5014,Esc. Claracuta,7013941,5,240,182,24,7,213,182,213
1,Andrés Ibáñez,1,Santa Cruz de La Sierra,2234,Santa Cruz de la Sierra,5014,Esc. Claracuta,7013971,8,240,175,33,4,212,175,212
1,Andrés Ibáñez,1,Santa Cruz de La Sierra,2234,Santa Cruz de la Sierra,5014,Esc. Claracuta,7013991,10,240,183,16,10,209,183,209
1,Andrés Ibáñez,1,Santa Cruz de La Sierra,2234,Santa Cruz de la Sierra,5016,Col. Adventista Santa Cruz,7015181,9,240,181,19,4,204,181,204
1,Andrés Ibáñez,1,Santa Cruz de La Sierra,2234,Santa Cruz de la Sierra,5020,Col. U.E. La Resureccion   Esc. Convif,7012891,1,72,39,1,0,40,39,40
1,Andrés Ibáñez,1,Santa Cruz de La Sierra,2234,Santa Cruz de la Sierra,5022,Escuela San Joaquin,7011741,8,240,147,47,13,207,147,207
1,Andrés Ibáñez,1,Santa Cruz de La Sierra,2234,Santa Cruz de la Sierra,5023,Escuela 23 de Marzo,7011431,2,240,168,40,6,214,168,214
1,Andrés Ibáñez,1,Santa Cruz de La Sierra,2234,Santa Cruz de la Sierra,5023,Escuela 23 de Marzo,7011561,15,240,160,47,9,216,160,216
1,Andrés Ibáñez,1,Santa Cruz de La Sierra,2234,Santa Cruz de la Sierra,5024,Escuela Primavera,7012301,4,240,187,23,4,214,187,214
1,Andrés Ibáñez,1,Santa Cruz de La Sierra,2234,Santa Cruz de la Sierra,5024,Escuela Primavera,7012311,5,240,172,34,6,212,172,212
1,Andrés Ibáñez,1,Santa Cruz de La Sierra,2234,Santa Cruz de la Sierra,5024,Escuela Primavera,7012331,7,240,180,32,3,215,180,215
1,Andrés Ibáñez,1,Santa Cruz de La Sierra,2234,Santa Cruz de la Sierra,5024,Escuela Primavera,7012341,8,240,169,38,3,210,169,210
1,Andrés Ibáñez,1,Santa Cruz de La Sierra,2234,Santa Cruz de la Sierra,5027,Esc. Los Sauces I,7015301,2,240,154,49,4,207,154,207
1,Andrés Ibáñez,1,Santa Cruz de La Sierra,2234,Santa Cruz de la Sierra,5027,Esc. Los Sauces I,7015321,4,240,155,40,9,204,155,204
1,Andrés Ibáñez,1,Santa Cruz de La Sierra,2234,Santa Cruz de la Sierra,5027,Esc. Los Sauces I,7015331,5,240,158,40,4,202,158,202
1,Andrés Ibáñez,1,Santa Cruz de La Sierra,2234,Santa Cruz de la Sierra,5029,Col. Arturo Medeiros,7015671,14,240,173,37,5,215,173,215
1,Andrés Ibáñez,1,Santa Cruz de La Sierra,2234,Santa Cruz de la Sierra,6000,Col. Sor Maria Cristina Perez,7015971,29,240,172,32,15,219,172,219
1,Andrés Ibáñez,1,Santa Cruz de La Sierra,2234,Santa Cruz de la Sierra,6000,Col. Sor Maria Cristina Perez,7015981,30,240,165,37,12,214,165,214
1,Andrés Ibáñez,1,Santa Cruz de La Sierra,2234,Santa Cruz de la Sierra,6000,Col. Sor Maria Cristina Perez,7016011,33,240,186,36,1,223,186,223
1,Andrés Ibáñez,1,Santa Cruz de La Sierra,2234,Santa Cruz de la Sierra,6000,Col. Sor Maria Cristina Perez,7016031,35,40,27,6,0,33,27,33
1,Andrés Ibáñez,1,Santa Cruz de La Sierra,2234,Santa Cruz de la Sierra,6002,Col. Pampa De La Isla,7016261,1,240,152,42,4,198,152,198
1,Andrés Ibáñez,1,Santa Cruz de La Sierra,2234,Santa Cruz de la Sierra,6002,Col. Pampa De La Isla,7016271,2,240,144,42,8,194,144,194
1,Andrés Ibáñez,1,Santa Cruz de La Sierra,2234,Santa Cruz de la Sierra,6003,Colegio San Felipe,7016371,2,240,148,38,9,195,148,195
1,Andrés Ibáñez,1,Santa Cruz de La Sierra,2234,Santa Cruz de la Sierra,6003,Colegio San Felipe,7016431,8,240,156,33,6,195,156,195
1,Andrés Ibáñez,1,Santa Cruz de La Sierra,2234,Santa Cruz de la Sierra,6003,Colegio San Felipe,7016501,15,240,153,49,5,207,153,207
1,Andrés Ibáñez,1,Santa Cruz de La Sierra,2234,Santa Cruz de la Sierra,6003,Colegio San Felipe,7016521,17,240,159,39,20,218,159,218
1,Andrés Ibáñez,1,Santa Cruz de La Sierra,2234,Santa Cruz de la Sierra,6004,Col.  Pedro Añez,7016731,10,240,164,38,11,213,164,213
1,Andrés Ibáñez,1,Santa Cruz de La Sierra,2234,Santa Cruz de la Sierra,6006,U.E. Elvira Parada A,7017961,3,240,160,49,11,220,160,220
1,Andrés Ibáñez,1,Santa Cruz de La Sierra,2234,Santa Cruz de la Sierra,6008,Col. Educativo Cotoca,7017581,15,240,151,49,13,213,151,213
1,Andrés Ibáñez,1,Santa Cruz de La Sierra,2234,Santa Cruz de la Sierra,6008,Col. Educativo Cotoca,7017591,16,240,148,50,11,209,148,209
1,Andrés Ibáñez,1,Santa Cruz de La Sierra,2234,Santa Cruz de la Sierra,6008,Col. Educativo Cotoca,7017601,17,240,146,42,8,196,146,196
1,Andrés Ibáñez,1,Santa Cruz de La Sierra,2234,Santa Cruz de la Sierra,6008,Col. Educativo Cotoca,7017611,18,240,159,49,9,217,159,217
1,Andrés Ibáñez,1,Santa Cruz de La Sierra,2234,Santa Cruz de la Sierra,6010,Col. Unidad Educativa España,7018271,1,240,154,42,14,210,154,210
1,Andrés Ibáñez,1,Santa Cruz de La Sierra,2234,Santa Cruz de la Sierra,6010,Col. Unidad Educativa España,7018291,3,240,151,46,14,211,151,211
1,Andrés Ibáñez,1,Santa Cruz de La Sierra,2234,Santa Cruz de la Sierra,6010,Col. Unidad Educativa España,7018301,4,240,164,51,14,229,164,229
1,Andrés Ibáñez,1,Santa Cruz de La Sierra,2234,Santa Cruz de la Sierra,6010,Col. Unidad Educativa España,7018321,6,240,159,45,7,211,159,211
1,Andrés Ibáñez,1,Santa Cruz de La Sierra,2234,Santa Cruz de la Sierra,6010,Col. Unidad Educativa España,7018331,7,240,152,49,13,214,152,214
1,Andrés Ibáñez,1,Santa Cruz de La Sierra,2234,Santa Cruz de la Sierra,6015,Col. Esc. Gral. Ismael Montes Gamboa,7018831,2,240,170,40,8,218,170,218
1,Andrés Ibáñez,1,Santa Cruz de La Sierra,2234,Santa Cruz de la Sierra,6015,Col. Esc. Gral. Ismael Montes Gamboa,7018891,8,240,161,42,10,213,161,213
1,Andrés Ibáñez,1,Santa Cruz de La Sierra,2234,Santa Cruz de la Sierra,6015,Col. Esc. Gral. Ismael Montes Gamboa,7018971,16,240,150,63,6,219,150,219
1,Andrés Ibáñez,1,Santa Cruz de La Sierra,2234,Santa Cruz de la Sierra,6016,Colegio  23 de Abril,7022251,9,240,150,40,8,198,150,198
1,Andrés Ibáñez,1,Santa Cruz de La Sierra,2234,Santa Cruz de la Sierra,6016,Colegio  23 de Abril,7022271,11,240,178,36,2,216,178,216
1,Andrés Ibáñez,1,Santa Cruz de La Sierra,2234,Santa Cruz de la Sierra,6020,U.E. El Dorado Norte,7019711,1,240,141,55,16,212,141,212
1,Andrés Ibáñez,1,Santa Cruz de La Sierra,2234,Santa Cruz de la Sierra,6020,U.E. El Dorado Norte,7019731,3,240,149,48,10,207,149,207
1,Andrés Ibáñez,1,Santa Cruz de La Sierra,2234,Santa Cruz de la Sierra,6020,U.E. El Dorado Norte,7019741,4,240,148,58,6,212,148,212
1,Andrés Ibáñez,1,Santa Cruz de La Sierra,2234,Santa Cruz de la Sierra,6020,U.E. El Dorado Norte,7019751,5,240,157,44,11,212,157,212
1,Andrés Ibáñez,1,Santa Cruz de La Sierra,2234,Santa Cruz de la Sierra,6020,U.E. El Dorado Norte,7019761,6,240,151,53,8,212,151,212
1,Andrés Ibáñez,1,Santa Cruz de La Sierra,2234,Santa Cruz de la Sierra,6021,Esc. Mamerto Cuellar Costa,7012601,11,240,187,24,3,214,187,214
1,Andrés Ibáñez,1,Santa Cruz de La Sierra,2234,Santa Cruz de la Sierra,6021,Esc. Mamerto Cuellar Costa,7012611,12,240,181,31,5,217,181,217
1,Andrés Ibáñez,1,Santa Cruz de La Sierra,2234,Santa Cruz de la Sierra,7000,Col. Educativo San Isidro,7027601,8,240,162,41,9,212,162,212
1,Andrés Ibáñez,1,Santa Cruz de La Sierra,2234,Santa Cruz de la Sierra,7001,U.E. Santa Cruz De La Sierra Fe Y Alegria,7025881,3,240,155,44,3,202,155,202
1,Andrés Ibáñez,1,Santa Cruz de La Sierra,2234,Santa Cruz de la Sierra,7001,U.E. Santa Cruz De La Sierra Fe Y Alegria,7025891,4,240,177,28,9,214,177,214
1,Andrés Ibáñez,1,Santa Cruz de La Sierra,2234,Santa Cruz de la Sierra,7001,U.E. Santa Cruz De La Sierra Fe Y Alegria,7025941,9,240,178,32,1,211,178,211
1,Andrés Ibáñez,1,Santa Cruz de La Sierra,2234,Santa Cruz de la Sierra,7003,Col. Felix Bascope,7008181,13,240,174,34,6,214,174,214
1,Andrés Ibáñez,1,Santa Cruz de La Sierra,2234,Santa Cruz de la Sierra,7004,Col. 30 de Marzo,7008471,2,240,172,35,4,211,172,211
1,Andrés Ibáñez,1,Santa Cruz de La Sierra,2234,Santa Cruz de la Sierra,7004,Col. 30 de Marzo,7008491,4,240,180,35,1,216,180,216
1,Andrés Ibáñez,1,Santa Cruz de La Sierra,2234,Santa Cruz de la Sierra,7004,Col. 30 de Marzo,7008501,5,240,176,31,7,214,176,214
1,Andrés Ibáñez,1,Santa Cruz de La Sierra,2234,Santa Cruz de la Sierra,7004,Col. 30 de Marzo,7008511,6,240,180,28,8,216,180,216
1,Andrés Ibáñez,1,Santa Cruz de La Sierra,2234,Santa Cruz de la Sierra,7004,Col. 30 de Marzo,7008531,8,240,172,45,3,220,172,220
1,Andrés Ibáñez,1,Santa Cruz de La Sierra,2234,Santa Cruz de la Sierra,7004,Col. 30 de Marzo,7008541,9,240,189,19,10,218,189,218
1,Andrés Ibáñez,1,Santa Cruz de La Sierra,2234,Santa Cruz de la Sierra,7004,Col. 30 de Marzo,7008601,15,240,180,32,5,217,180,217
1,Andrés Ibáñez,1,Santa Cruz de La Sierra,2234,Santa Cruz de la Sierra,7004,Col. 30 de Marzo,7008611,16,240,184,29,7,220,184,220
1,Andrés Ibáñez,1,Santa Cruz de La Sierra,2234,Santa Cruz de la Sierra,7005,Col. Heroes Del Chaco,7008391,16,240,162,39,11,212,162,212
1,Andrés Ibáñez,1,Santa Cruz de La Sierra,2234,Santa Cruz de la Sierra,7005,Col. Heroes Del Chaco,7008441,21,240,171,40,4,215,171,215
1,Andrés Ibáñez,1,Santa Cruz de La Sierra,2234,Santa Cruz de la Sierra,7006,Col. San Silvestre,7022751,12,240,162,38,11,211,162,211
1,Andrés Ibáñez,1,Santa Cruz de La Sierra,2234,Santa Cruz de la Sierra,7006,Col. San Silvestre,7022871,24,240,168,42,7,217,168,217
1,Andrés Ibáñez,1,Santa Cruz de La Sierra,2234,Santa Cruz de la Sierra,7006,Col. San Silvestre,7022891,26,85,53,13,8,74,53,74
1,Andrés Ibáñez,1,Santa Cruz de La Sierra,2234,Santa Cruz de la Sierra,7007,Col. Angela Pinckert,7027241,1,240,153,50,7,210,153,210
1,Andrés Ibáñez,1,Santa Cruz de La Sierra,2234,Santa Cruz de la Sierra,7007,Col. Angela Pinckert,7027251,2,240,154,41,13,208,154,208
1,Andrés Ibáñez,1,Santa Cruz de La Sierra,2234,Santa Cruz de la Sierra,7007,Col. Angela Pinckert,7027261,3,240,162,46,6,214,162,214
1,Andrés Ibáñez,1,Santa Cruz de La Sierra,2234,Santa Cruz de la Sierra,7007,Col. Angela Pinckert,7027281,5,240,153,53,7,213,153,213
1,Andrés Ibáñez,1,Santa Cruz de La Sierra,2234,Santa Cruz de la Sierra,7007,Col. Angela Pinckert,7027291,6,240,164,41,7,212,164,212
1,Andrés Ibáñez,1,Santa Cruz de La Sierra,2234,Santa Cruz de la Sierra,7007,Col. Angela Pinckert,7027301,7,240,157,39,12,208,157,208
1,Andrés Ibáñez,1,Santa Cruz de La Sierra,2234,Santa Cruz de la Sierra,7008,U.E. 27 de mayo,7027051,8,240,146,50,7,203,146,203
1,Andrés Ibáñez,1,Santa Cruz de La Sierra,2234,Santa Cruz de la Sierra,7008,U.E. 27 de mayo,7027061,9,240,160,42,6,208,160,208
1,Andrés Ibáñez,1,Santa Cruz de La Sierra,2234,Santa Cruz de la Sierra,7008,U.E. 27 de mayo,7027071,10,240,151,48,8,207,151,207
1,Andrés Ibáñez,1,Santa Cruz de La Sierra,2234,Santa Cruz de la Sierra,7008,U.E. 27 de mayo,7027081,11,240,154,50,9,213,154,213
1,Andrés Ibáñez,1,Santa Cruz de La Sierra,2234,Santa Cruz de la Sierra,7008,U.E. 27 de mayo,7027091,12,240,158,39,8,205,158,205
1,Andrés Ibáñez,1,Santa Cruz de La Sierra,2234,Santa Cruz de la Sierra,7008,U.E. 27 de mayo,7027101,13,76,49,16,5,70,49,70
1,Andrés Ibáñez,1,Santa Cruz de La Sierra,2234,Santa Cruz de la Sierra,7011,Col. Bertha Cuellar,7025081,2,240,166,42,6,214,166,214
1,Andrés Ibáñez,1,Santa Cruz de La Sierra,2234,Santa Cruz de la Sierra,7012,Col. Pampa De La Cruz,7026121,4,240,156,37,12,205,156,205
1,Andrés Ibáñez,1,Santa Cruz de La Sierra,2234,Santa Cruz de la Sierra,7012,Col. Pampa De La Cruz,7026131,5,240,150,50,9,209,150,209
1,Andrés Ibáñez,1,Santa Cruz de La Sierra,2234,Santa Cruz de la Sierra,7012,Col. Pampa De La Cruz,7026151,7,240,157,42,10,209,157,209
1,Andrés Ibáñez,1,Santa Cruz de La Sierra,2234,Santa Cruz de la Sierra,7012,Col. Pampa De La Cruz,7026161,8,240,149,42,12,203,149,203
1,Andrés Ibáñez,1,Santa Cruz de La Sierra,2234,Santa Cruz de la Sierra,7012,Col. Pampa De La Cruz,7026171,9,240,157,43,21,221,157,221
1,Andrés Ibáñez,1,Santa Cruz de La Sierra,2234,Santa Cruz de la Sierra,7012,Col. Pampa De La Cruz,7026181,10,240,156,39,12,207,156,207
1,Andrés Ibáñez,1,Santa Cruz de La Sierra,2234,Santa Cruz de la Sierra,7012,Col. Pampa De La Cruz,7026201,12,219,137,38,7,182,137,182
1,Andrés Ibáñez,1,Santa Cruz de La Sierra,2234,Santa Cruz de la Sierra,7013,Col. 18 de Marzo,7025431,4,240,163,44,5,212,163,212
1,Andrés Ibáñez,1,Santa Cruz de La Sierra,2234,Santa Cruz de la Sierra,7013,Col. 18 de Marzo,7025441,5,240,155,44,8,207,155,207
1,Andrés Ibáñez,1,Santa Cruz de La Sierra,2234,Santa Cruz de la Sierra,7014,Col. Fausto Medrano,7025681,1,240,161,46,6,213,161,213
1,Andrés Ibáñez,1,Santa Cruz de La Sierra,2234,Santa Cruz de la Sierra,7014,Col. Fausto Medrano,7025751,8,240,144,64,6,214,144,214
1,Andrés Ibáñez,1,Santa Cruz de La Sierra,2234,Santa Cruz de la Sierra,7014,Col. Fausto Medrano,7025761,9,240,152,44,5,201,152,201
1,Andrés Ibáñez,1,Santa Cruz de La Sierra,2234,Santa Cruz de la Sierra,7014,Col. Fausto Medrano,7025781,11,240,177,27,6,210,177,210
1,Andrés Ibáñez,1,Santa Cruz de La Sierra,2234,Santa Cruz de la Sierra,7014,Col. Fausto Medrano,7025791,12,240,154,53,8,215,154,215
1,Andrés Ibáñez,1,Santa Cruz de La Sierra,2234,Santa Cruz de la Sierra,7014,Col. Fausto Medrano,7025801,13,213,140,49,4,193,140,193
1,Andrés Ibáñez,1,Santa Cruz de La Sierra,2234,Santa Cruz de la Sierra,7017,Col. Nimia Centella,7027891,11,240,161,44,3,208,161,208
1,Andrés Ibáñez,1,Santa Cruz de La Sierra,2234,Santa Cruz de la Sierra,7017,Col. Nimia Centella,7027911,13,240,169,40,1,210,169,210
1,Andrés Ibáñez,1,Santa Cruz de La Sierra,2234,Santa Cruz de la Sierra,7018,Col. Guapilo Junin,7023941,4,240,149,43,18,210,149,210
1,Andrés Ibáñez,1,Santa Cruz de La Sierra,2234,Santa Cruz de la Sierra,7020,Col. Humberto Eguez,7026591,2,240,161,46,7,214,161,214
1,Andrés Ibáñez,1,Santa Cruz de La Sierra,2234,Santa Cruz de la Sierra,7020,Col. Humberto Eguez,7026601,3,240,176,30,4,210,176,210
1,Andrés Ibáñez,1,Santa Cruz de La Sierra,2234,Santa Cruz de la Sierra,7020,Col. Humberto Eguez,7026631,6,240,158,41,11,210,158,210
1,Andrés Ibáñez,1,Santa Cruz de La Sierra,2234,Santa Cruz de la Sierra,7020,Col. Humberto Eguez,7026641,7,240,156,45,10,211,156,211
1,Andrés Ibáñez,1,Santa Cruz de La Sierra,2234,Santa Cruz de la Sierra,7021,Col. Alan Farah,7024391,1,240,145,58,11,214,145,214
1,Andrés Ibáñez,1,Santa Cruz de La Sierra,2234,Santa Cruz de la Sierra,7021,Col. Alan Farah,7024401,2,240,151,64,4,219,151,219
1,Andrés Ibáñez,1,Santa Cruz de La Sierra,2234,Santa Cruz de la Sierra,7021,Col. Alan Farah,7024431,5,240,166,46,4,216,166,216
1,Andrés Ibáñez,1,Santa Cruz de La Sierra,2234,Santa Cruz de la Sierra,7021,Col. Alan Farah,7024451,7,240,161,50,3,214,161,214
1,Andrés Ibáñez,1,Santa Cruz de La Sierra,2234,Santa Cruz de la Sierra,7021,Col. Alan Farah,7024471,9,240,158,45,16,219,158,219
1,Andrés Ibáñez,1,Santa Cruz de La Sierra,2234,Santa Cruz de la Sierra,7021,Col. Alan Farah,7024481,10,240,165,32,23,220,165,220
1,Andrés Ibáñez,1,Santa Cruz de La Sierra,2234,Santa Cruz de la Sierra,7021,Col. Alan Farah,7024491,11,240,160,40,9,209,160,209
1,Andrés Ibáñez,1,Santa Cruz de La Sierra,2234,Santa Cruz de la Sierra,7021,Col. Alan Farah,7024501,12,240,159,47,8,214,159,214
1,Andrés Ibáñez,1,Santa Cruz de La Sierra,2234,Santa Cruz de la Sierra,7022,U.E. Nuevo Horizonte,7020141,8,240,154,48,13,215,154,215
1,Andrés Ibáñez,1,Santa Cruz de La Sierra,2234,Santa Cruz de la Sierra,7022,U.E. Nuevo Horizonte,7020201,14,240,150,48,5,203,150,203
1,Andrés Ibáñez,1,Santa Cruz de La Sierra,2234,Santa Cruz de la Sierra,7022,U.E. Nuevo Horizonte,7020211,15,240,144,56,8,208,144,208
1,Andrés Ibáñez,1,Santa Cruz de La Sierra,2234,Santa Cruz de la Sierra,7022,U.E. Nuevo Horizonte,7020221,16,240,139,53,14,206,139,206
1,Andrés Ibáñez,1,Santa Cruz de La Sierra,2234,Santa Cruz de la Sierra,7023,Col. Central Obrera Departamental,7022971,8,240,154,40,11,205,154,205
1,Andrés Ibáñez,1,Santa Cruz de La Sierra,2234,Santa Cruz de la Sierra,7023,Col. Central Obrera Departamental,7022981,9,240,159,47,6,212,159,212
1,Andrés Ibáñez,1,Santa Cruz de La Sierra,2234,Santa Cruz de la Sierra,7023,Col. Central Obrera Departamental,7023041,15,240,159,45,10,214,159,214
1,Andrés Ibáñez,1,Santa Cruz de La Sierra,2234,Santa Cruz de la Sierra,7023,Col. Central Obrera Departamental,7023051,16,240,165,42,5,212,165,212
1,Andrés Ibáñez,1,Santa Cruz de La Sierra,2234,Santa Cruz de la Sierra,7023,Col. Central Obrera Departamental,7023071,18,240,157,48,11,216,157,216
1,Andrés Ibáñez,1,Santa Cruz de La Sierra,2234,Santa Cruz de la Sierra,7024,U. E. El Retoño,7021831,2,240,143,56,6,205,143,205
1,Andrés Ibáñez,1,Santa Cruz de La Sierra,2234,Santa Cruz de la Sierra,7024,U. E. El Retoño,7021841,3,240,131,64,14,209,131,209
1,Andrés Ibáñez,1,Santa Cruz de La Sierra,2234,Santa Cruz de la Sierra,7024,U. E. El Retoño,7021961,15,240,147,53,9,209,147,209
1,Andrés Ibáñez,1,Santa Cruz de La Sierra,2234,Santa Cruz de la Sierra,7025,U.E. Alfredo Barbery Chavez A,7017711,8,240,162,41,7,210,162,210
1,Andrés Ibáñez,1,Santa Cruz de La Sierra,2234,Santa Cruz de la Sierra,7025,U.E. Alfredo Barbery Chavez A,7017781,15,240,159,46,12,217,159,217
1,Andrés Ibáñez,1,Santa Cruz de La Sierra,2234,Santa Cruz de la Sierra,7025,U.E. Alfredo Barbery Chavez A,7017791,16,240,159,47,9,215,159,215
1,Andrés Ibáñez,1,Santa Cruz de La Sierra,2234,Santa Cruz de la Sierra,7025,U.E. Alfredo Barbery Chavez A,7017801,17,240,175,31,12,218,175,218
1,Andrés Ibáñez,1,Santa Cruz de La Sierra,2234,Santa Cruz de la Sierra,7025,U.E. Alfredo Barbery Chavez A,7017811,18,240,131,60,15,206,131,206
1,Andrés Ibáñez,1,Santa Cruz de La Sierra,2234,Santa Cruz de la Sierra,7025,U.E. Alfredo Barbery Chavez A,7017831,20,240,150,55,9,214,150,214
1,Andrés Ibáñez,1,Santa Cruz de La Sierra,2234,Santa Cruz de la Sierra,7025,U.E. Alfredo Barbery Chavez A,7017901,27,240,179,40,5,224,179,224
1,Andrés Ibáñez,1,Santa Cruz de La Sierra,2234,Santa Cruz de la Sierra,7025,U.E. Alfredo Barbery Chavez A,7017911,28,240,153,42,6,201,153,201
1,Andrés Ibáñez,1,Santa Cruz de La Sierra,2234,Santa Cruz de la Sierra,7025,U.E. Alfredo Barbery Chavez A,7017931,30,123,84,21,0,105,84,105
1,Andrés Ibáñez,1,Santa Cruz de La Sierra,2234,Santa Cruz de la Sierra,8000,U.E. Delcy Martinez,7042691,2,240,166,43,5,214,166,214
1,Andrés Ibáñez,1,Santa Cruz de La Sierra,2234,Santa Cruz de la Sierra,8002,Colegio Martin Sapp,7033361,9,118,83,14,2,99,83,99
1,Andrés Ibáñez,1,Santa Cruz de La Sierra,2234,Santa Cruz de la Sierra,8003,Col. Rodolfo Joem,7036521,9,240,140,51,20,211,140,211
1,Andrés Ibáñez,1,Santa Cruz de La Sierra,2234,Santa Cruz de la Sierra,8003,Col. Rodolfo Joem,7036581,15,102,71,10,2,83,71,83
1,Andrés Ibáñez,1,Santa Cruz de La Sierra,2234,Santa Cruz de la Sierra,8004,Col. Cañada Pailitas,7028281,4,240,169,33,4,206,169,206
1,Andrés Ibáñez,1,Santa Cruz de La Sierra,2234,Santa Cruz de la Sierra,8004,Col. Cañada Pailitas,7028301,6,240,156,43,16,215,156,215
1,Andrés Ibáñez,1,Santa Cruz de La Sierra,2234,Santa Cruz de la Sierra,8004,Col. Cañada Pailitas,7028311,7,240,152,46,11,209,152,209
1,Andrés Ibáñez,1,Santa Cruz de La Sierra,2234,Santa Cruz de la Sierra,8004,Col. Cañada Pailitas,7028351,11,240,158,52,8,218,158,218
1,Andrés Ibáñez,1,Santa Cruz de La Sierra,2234,Santa Cruz de la Sierra,8005,Col. Buenas Nuevas,7030111,9,240,156,45,6,207,156,207
1,Andrés Ibáñez,1,Santa Cruz de La Sierra,2234,Santa Cruz de la Sierra,8005,Col. Buenas Nuevas,7030211,19,240,150,49,10,209,150,209
1,Andrés Ibáñez,1,Santa Cruz de La Sierra,2234,Santa Cruz de la Sierra,8005,Col. Buenas Nuevas,7030331,31,247,165,43,11,219,165,219
1,Andrés Ibáñez,1,Santa Cruz de La Sierra,2234,Santa Cruz de la Sierra,8006,Col. 12 de Diciembre,7029041,1,240,150,47,16,213,150,213
1,Andrés Ibáñez,1,Santa Cruz de La Sierra,2234,Santa Cruz de la Sierra,8006,Col. 12 de Diciembre,7029051,2,240,145,46,13,204,145,204
1,Andrés Ibáñez,1,Santa Cruz de La Sierra,2234,Santa Cruz de la Sierra,8006,Col. 12 de Diciembre,7029081,5,240,173,28,7,208,173,208
1,Andrés Ibáñez,1,Santa Cruz de La Sierra,2234,Santa Cruz de la Sierra,8006,Col. 12 de Diciembre,7029091,6,240,152,44,14,210,152,210
1,Andrés Ibáñez,1,Santa Cruz de La Sierra,2234,Santa Cruz de la Sierra,8006,Col. 12 de Diciembre,7029101,7,240,160,48,13,221,160,221
1,Andrés Ibáñez,1,Santa Cruz de La Sierra,2234,Santa Cruz de la Sierra,8006,Col. 12 de Diciembre,7029191,16,240,134,56,10,200,134,200
1,Andrés Ibáñez,1,Santa Cruz de La Sierra,2234,Santa Cruz de la Sierra,8006,Col. 12 de Diciembre,7029281,25,240,166,37,5,208,166,208
1,Andrés Ibáñez,1,Santa Cruz de La Sierra,2234,Santa Cruz de la Sierra,8006,Col. 12 de Diciembre,7029301,27,240,148,60,2,210,148,210
1,Andrés Ibáñez,1,Santa Cruz de La Sierra,2234,Santa Cruz de la Sierra,8006,Col. 12 de Diciembre,7029311,28,240,150,51,2,203,150,203
1,Andrés Ibáñez,1,Santa Cruz de La Sierra,2234,Santa Cruz de la Sierra,8006,Col. 12 de Diciembre,7029331,30,240,136,60,9,205,136,205
1,Andrés Ibáñez,1,Santa Cruz de La Sierra,2234,Santa Cruz de la Sierra,8006,Col. 12 de Diciembre,7029341,31,79,46,15,6,67,46,67
1,Andrés Ibáñez,1,Santa Cruz de La Sierra,2234,Santa Cruz de la Sierra,8007,U.E. 25 de Diciembre,7028391,3,240,148,52,10,210,148,210
1,Andrés Ibáñez,1,Santa Cruz de La Sierra,2234,Santa Cruz de la Sierra,8007,U.E. 25 de Diciembre,7028421,6,240,163,38,7,208,163,208
1,Andrés Ibáñez,1,Santa Cruz de La Sierra,2234,Santa Cruz de la Sierra,8007,U.E. 25 de Diciembre,7028441,8,240,148,47,11,206,148,206
1,Andrés Ibáñez,1,Santa Cruz de La Sierra,2234,Santa Cruz de la Sierra,8007,U.E. 25 de Diciembre,7028451,9,240,168,44,5,217,168,217
1,Andrés Ibáñez,1,Santa Cruz de La Sierra,2234,Santa Cruz de la Sierra,8008,Colegio Simon Bolivar,7028681,16,240,133,53,23,209,133,209
1,Andrés Ibáñez,1,Santa Cruz de La Sierra,2234,Santa Cruz de la Sierra,8009,Col. M. Nelly Vda. De Bertero,7028161,1,240,141,63,4,208,141,208
1,Andrés Ibáñez,1,Santa Cruz de La Sierra,2234,Santa Cruz de la Sierra,8009,Col. M. Nelly Vda. De Bertero,7028171,2,240,144,49,9,202,144,202
1,Andrés Ibáñez,1,Santa Cruz de La Sierra,2234,Santa Cruz de la Sierra,8009,Col. M. Nelly Vda. De Bertero,7028181,3,240,136,57,14,207,136,207
1,Andrés Ibáñez,1,Santa Cruz de La Sierra,2234,Santa Cruz de la Sierra,8009,Col. M. Nelly Vda. De Bertero,7028201,5,240,131,56,7,194,131,194
1,Andrés Ibáñez,1,Santa Cruz de La Sierra,2234,Santa Cruz de la Sierra,8009,Col. M. Nelly Vda. De Bertero,7028231,8,240,142,59,6,207,142,207
1,Andrés Ibáñez,1,Santa Cruz de La Sierra,2234,Santa Cruz de la Sierra,8010,Colegio Villa Gladys Theveneth,7028781,4,240,155,51,5,211,155,211
1,Andrés Ibáñez,1,Santa Cruz de La Sierra,2234,Santa Cruz de la Sierra,8010,Colegio Villa Gladys Theveneth,7028841,10,240,152,46,10,208,152,208
1,Andrés Ibáñez,1,Santa Cruz de La Sierra,2234,Santa Cruz de la Sierra,8010,Colegio Villa Gladys Theveneth,7028861,12,240,144,60,13,217,144,217
1,Andrés Ibáñez,1,Santa Cruz de La Sierra,2234,Santa Cruz de la Sierra,8011,Col. Fe y Alegria Nueva America,7029771,9,240,165,41,10,216,165,216
1,Andrés Ibáñez,1,Santa Cruz de La Sierra,2234,Santa Cruz de la Sierra,8011,Col. Fe y Alegria Nueva America,7029851,17,240,148,50,7,205,148,205
1,Andrés Ibáñez,1,Santa Cruz de La Sierra,2234,Santa Cruz de la Sierra,8011,Col. Fe y Alegria Nueva America,7029861,18,240,147,52,7,206,147,206
1,Andrés Ibáñez,1,Santa Cruz de La Sierra,2234,Santa Cruz de la Sierra,8011,Col. Fe y Alegria Nueva America,7029891,21,240,147,55,11,213,147,213
1,Andrés Ibáñez,1,Santa Cruz de La Sierra,2234,Santa Cruz de la Sierra,8012,Col. Maria Teresa Pulido,7030931,16,240,135,71,9,215,135,215
1,Andrés Ibáñez,1,Santa Cruz de La Sierra,2234,Santa Cruz de la Sierra,8015,Col. Centro Interno Bol. Aleman,7029411,7,240,126,56,30,212,126,212
1,Andrés Ibáñez,1,Santa Cruz de La Sierra,2234,Santa Cruz de la Sierra,8016,Col. Esc. Virgen De Urkupina,7031171,6,240,131,44,40,215,131,215
1,Andrés Ibáñez,1,Santa Cruz de La Sierra,2234,Santa Cruz de la Sierra,8016,Col. Esc. Virgen De Urkupina,7031191,8,240,157,55,12,224,157,224
1,Andrés Ibáñez,1,Santa Cruz de La Sierra,2234,Santa Cruz de la Sierra,8016,Col. Esc. Virgen De Urkupina,7031311,20,240,138,44,31,213,138,213
1,Andrés Ibáñez,1,Santa Cruz de La Sierra,2234,Santa Cruz de la Sierra,8016,Col. Esc. Virgen De Urkupina,7031361,25,240,141,50,12,203,141,203
1,Andrés Ibáñez,1,Santa Cruz de La Sierra,2234,Santa Cruz de la Sierra,8016,Col. Esc. Virgen De Urkupina,7031401,29,240,138,58,19,215,138,215
1,Andrés Ibáñez,1,Santa Cruz de La Sierra,2234,Santa Cruz de la Sierra,8017,Col. Primavera,7023161,1,240,138,51,9,198,138,198
1,Andrés Ibáñez,1,Santa Cruz de La Sierra,2234,Santa Cruz de la Sierra,8017,Col. Primavera,7023171,2,240,135,64,19,218,135,218
1,Andrés Ibáñez,1,Santa Cruz de La Sierra,2234,Santa Cruz de la Sierra,8017,Col. Primavera,7023191,4,240,146,58,4,208,146,208
1,Andrés Ibáñez,1,Santa Cruz de La Sierra,2234,Santa Cruz de la Sierra,8017,Col. Primavera,7023201,5,240,160,36,14,210,160,210
1,Andrés Ibáñez,1,Santa Cruz de La Sierra,2234,Santa Cruz de la Sierra,8017,Col. Primavera,7023211,6,240,135,64,7,206,135,206
1,Andrés Ibáñez,1,Santa Cruz de La Sierra,2234,Santa Cruz de la Sierra,8017,Col. Primavera,7023221,7,240,144,57,15,216,144,216
1,Andrés Ibáñez,1,Santa Cruz de La Sierra,2234,Santa Cruz de la Sierra,8017,Col. Primavera,7023251,10,240,148,53,5,206,148,206
1,Andrés Ibáñez,1,Santa Cruz de La Sierra,2234,Santa Cruz de la Sierra,8018,Col. Rafael Bustillos,7028081,9,240,167,44,3,214,167,214
1,Andrés Ibáñez,1,Santa Cruz de La Sierra,2234,Santa Cruz de la Sierra,8018,Col. Rafael Bustillos,7028111,12,240,145,63,8,216,145,216
1,Andrés Ibáñez,1,Santa Cruz de La Sierra,2234,Santa Cruz de la Sierra,8018,Col. Rafael Bustillos,7028121,13,240,139,67,1,207,139,207
1,Andrés Ibáñez,1,Santa Cruz de La Sierra,2234,Santa Cruz de la Sierra,8018,Col. Rafael Bustillos,7028131,14,240,159,45,8,212,159,212
1,Andrés Ibáñez,1,Santa Cruz de La Sierra,2234,Santa Cruz de la Sierra,8018,Col. Rafael Bustillos,7028141,15,240,136,52,19,207,136,207
1,Andrés Ibáñez,1,Santa Cruz de La Sierra,2234,Santa Cruz de la Sierra,8018,Col. Rafael Bustillos,7028151,16,50,36,6,0,42,36,42
1,Andrés Ibáñez,1,Santa Cruz de La Sierra,2234,Santa Cruz de la Sierra,8023,Col. Castilla La Mancha,7032871,12,240,148,46,17,211,148,211
1,Andrés Ibáñez,1,Santa Cruz de La Sierra,2234,Santa Cruz de la Sierra,8023,Col. Castilla La Mancha,7032881,13,240,158,45,11,214,158,214
1,Andrés Ibáñez,1,Santa Cruz de La Sierra,2234,Santa Cruz de la Sierra,8023,Col. Castilla La Mancha,7032901,15,240,139,54,17,210,139,210
1,Andrés Ibáñez,1,Santa Cruz de La Sierra,2234,Santa Cruz de la Sierra,8023,Col. Castilla La Mancha,7032951,20,240,140,63,6,209,140,209
1,Andrés Ibáñez,1,Santa Cruz de La Sierra,2234,Santa Cruz de la Sierra,8023,Col. Castilla La Mancha,7032991,24,240,144,48,13,205,144,205
1,Andrés Ibáñez,1,Santa Cruz de La Sierra,2234,Santa Cruz de la Sierra,8023,Col. Castilla La Mancha,7033041,29,240,154,57,7,218,154,218
1,Andrés Ibáñez,1,Santa Cruz de La Sierra,2234,Santa Cruz de la Sierra,8026,Col. El Buen Samaritano,7024661,1,240,177,34,8,219,177,219
1,Andrés Ibáñez,1,Santa Cruz de La Sierra,2234,Santa Cruz de la Sierra,8026,Col. El Buen Samaritano,7024681,3,240,155,57,5,217,155,217
1,Andrés Ibáñez,1,Santa Cruz de La Sierra,2234,Santa Cruz de la Sierra,8026,Col. El Buen Samaritano,7024701,5,240,151,50,16,217,151,217
1,Andrés Ibáñez,1,Santa Cruz de La Sierra,2234,Santa Cruz de la Sierra,8026,Col. El Buen Samaritano,7024711,6,240,160,45,10,215,160,215
1,Andrés Ibáñez,1,Santa Cruz de La Sierra,2234,Santa Cruz de la Sierra,8026,Col. El Buen Samaritano,7024801,15,240,153,49,14,216,153,216
1,Andrés Ibáñez,1,Santa Cruz de La Sierra,2234,Santa Cruz de la Sierra,9001,Cárcel Pública,7047281,6,240,97,78,6,181,97,181
1,Andrés Ibáñez,1,Santa Cruz de La Sierra,2234,Santa Cruz de la Sierra,9001,Cárcel Pública,7047291,7,240,91,77,10,178,91,178
1,Andrés Ibáñez,1,Santa Cruz de La Sierra,2234,Santa Cruz de la Sierra,9003,Col. Esc. Naun Fernandez,7034361,8,240,169,36,4,209,169,209
1,Andrés Ibáñez,1,Santa Cruz de La Sierra,2234,Santa Cruz de la Sierra,9003,Col. Esc. Naun Fernandez,7034381,10,240,177,31,9,217,177,217
1,Andrés Ibáñez,1,Santa Cruz de La Sierra,2234,Santa Cruz de la Sierra,9003,Col. Esc. Naun Fernandez,7034391,11,240,160,35,13,208,160,208
1,Andrés Ibáñez,1,Santa Cruz de La Sierra,2234,Santa Cruz de la Sierra,9003,Col. Esc. Naun Fernandez,7034411,13,240,159,37,18,214,159,214
1,Andrés Ibáñez,1,Santa Cruz de La Sierra,2234,Santa Cruz de la Sierra,9004,Colegio San Jorge,7036161,1,240,139,51,17,207,139,207
1,Andrés Ibáñez,1,Santa Cruz de La Sierra,2234,Santa Cruz de la Sierra,9004,Colegio San Jorge,7036171,2,240,170,35,12,217,170,217
1,Andrés Ibáñez,1,Santa Cruz de La Sierra,2234,Santa Cruz de la Sierra,9004,Colegio San Jorge,7036181,3,240,144,54,10,208,144,208
1,Andrés Ibáñez,1,Santa Cruz de La Sierra,2234,Santa Cruz de la Sierra,9004,Colegio San Jorge,7036191,4,240,146,51,12,209,146,209
1,Andrés Ibáñez,1,Santa Cruz de La Sierra,2234,Santa Cruz de la Sierra,9004,Colegio San Jorge,7036211,6,240,189,20,8,217,189,217
1,Andrés Ibáñez,1,Santa Cruz de La Sierra,2234,Santa Cruz de la Sierra,9004,Colegio San Jorge,7036221,7,240,145,53,15,213,145,213
1,Andrés Ibáñez,1,Santa Cruz de La Sierra,2234,Santa Cruz de la Sierra,9006,UE. El Paraíso,7035481,4,240,161,42,7,210,161,210
1,Andrés Ibáñez,1,Santa Cruz de La Sierra,2234,Santa Cruz de la Sierra,9006,UE. El Paraíso,7035531,9,240,175,24,12,211,175,211
1,Andrés Ibáñez,1,Santa Cruz de La Sierra,2234,Santa Cruz de la Sierra,9006,UE. El Paraíso,7035591,15,240,144,51,22,217,144,217
1,Andrés Ibáñez,1,Santa Cruz de La Sierra,2234,Santa Cruz de la Sierra,9006,UE. El Paraíso,7035651,21,78,47,19,4,70,47,70
1,Andrés Ibáñez,1,Santa Cruz de La Sierra,2234,Santa Cruz de la Sierra,9007,Col. Centro Educativo Caritas,7034471,1,240,176,29,10,215,176,215
1,Andrés Ibáñez,1,Santa Cruz de La Sierra,2234,Santa Cruz de la Sierra,9007,Col. Centro Educativo Caritas,7034481,2,240,189,18,8,215,189,215
1,Andrés Ibáñez,1,Santa Cruz de La Sierra,2234,Santa Cruz de la Sierra,9007,Col. Centro Educativo Caritas,7034501,4,240,184,14,18,216,184,216
1,Andrés Ibáñez,1,Santa Cruz de La Sierra,2234,Santa Cruz de la Sierra,9007,Col. Centro Educativo Caritas,7034511,5,240,187,30,3,220,187,220
1,Andrés Ibáñez,1,Santa Cruz de La Sierra,2234,Santa Cruz de la Sierra,9007,Col. Centro Educativo Caritas,7034531,7,240,171,30,6,207,171,207
1,Andrés Ibáñez,1,Santa Cruz de La Sierra,2234,Santa Cruz de la Sierra,9007,Col. Centro Educativo Caritas,7034581,12,240,176,30,8,214,176,214
1,Andrés Ibáñez,1,Santa Cruz de La Sierra,2234,Santa Cruz de la Sierra,9008,Colegio Domingo Savio   Don Bosco,7034791,2,240,160,33,18,211,160,211
1,Andrés Ibáñez,1,Santa Cruz de La Sierra,2234,Santa Cruz de la Sierra,9008,Colegio Domingo Savio   Don Bosco,7034801,3,240,165,50,8,223,165,223
1,Andrés Ibáñez,1,Santa Cruz de La Sierra,2234,Santa Cruz de la Sierra,9009,Col. Hernando Siles,7045051,4,240,163,53,10,226,163,226
1,Andrés Ibáñez,1,Santa Cruz de La Sierra,2234,Santa Cruz de la Sierra,9009,Col. Hernando Siles,7045061,5,240,137,52,19,208,137,208
1,Andrés Ibáñez,1,Santa Cruz de La Sierra,2234,Santa Cruz de la Sierra,9009,Col. Hernando Siles,7045091,8,240,142,53,17,212,142,212
1,Andrés Ibáñez,1,Santa Cruz de La Sierra,2234,Santa Cruz de la Sierra,9009,Col. Hernando Siles,7045151,14,240,159,42,15,216,159,216
1,Andrés Ibáñez,1,Santa Cruz de La Sierra,2234,Santa Cruz de la Sierra,9009,Col. Hernando Siles,7045161,15,240,150,45,16,211,150,211
1,Andrés Ibáñez,1,Santa Cruz de La Sierra,2234,Santa Cruz de la Sierra,9009,Col. Hernando Siles,7045181,17,240,140,49,13,202,140,202
1,Andrés Ibáñez,1,Santa Cruz de La Sierra,2234,Santa Cruz de la Sierra,9009,Col. Hernando Siles,7045361,35,240,152,52,14,218,152,218
1,Andrés Ibáñez,1,Santa Cruz de La Sierra,2234,Santa Cruz de la Sierra,9009,Col. Hernando Siles,7045381,37,240,137,61,11,209,137,209
1,Andrés Ibáñez,1,Santa Cruz de La Sierra,2234,Santa Cruz de la Sierra,9009,Col. Hernando Siles,7045401,39,240,125,50,30,205,125,205
1,Andrés Ibáñez,1,Santa Cruz de La Sierra,2234,Santa Cruz de la Sierra,9009,Col. Hernando Siles,7045411,40,240,152,50,9,211,152,211
1,Andrés Ibáñez,1,Santa Cruz de La Sierra,2234,Santa Cruz de la Sierra,10001,U.E. Union y Progreso,7037321,8,240,145,47,16,208,145,208
1,Andrés Ibáñez,1,Santa Cruz de La Sierra,2234,Santa Cruz de la Sierra,10001,U.E. Union y Progreso,7037421,18,240,152,48,10,210,152,210
1,Andrés Ibáñez,1,Santa Cruz de La Sierra,2234,Santa Cruz de la Sierra,10001,U.E. Union y Progreso,7037441,20,240,152,43,8,203,152,203
1,Andrés Ibáñez,1,Santa Cruz de La Sierra,2234,Santa Cruz de la Sierra,10001,U.E. Union y Progreso,7037471,23,82,40,23,6,69,40,69
1,Andrés Ibáñez,1,Santa Cruz de La Sierra,2234,Santa Cruz de la Sierra,10002,Col. Unidad Educativa La Colina,7036771,14,240,170,42,3,215,170,215
1,Andrés Ibáñez,1,Santa Cruz de La Sierra,2234,Santa Cruz de la Sierra,10004,Col. Esc. Hilanderia,7036961,1,240,156,44,7,207,156,207
1,Andrés Ibáñez,1,Santa Cruz de La Sierra,2234,Santa Cruz de la Sierra,10004,Col. Esc. Hilanderia,7037091,14,240,149,45,12,206,149,206
1,Andrés Ibáñez,1,Santa Cruz de La Sierra,2234,Santa Cruz de la Sierra,10007,Col. Escuela Jorge Urenda Trigo,7038911,7,240,185,30,9,224,185,224
1,Andrés Ibáñez,1,Santa Cruz de La Sierra,2234,Santa Cruz de la Sierra,10007,Col. Escuela Jorge Urenda Trigo,7038921,8,240,176,36,3,215,176,215
1,Andrés Ibáñez,1,Santa Cruz de La Sierra,2234,Santa Cruz de la Sierra,10007,Col. Escuela Jorge Urenda Trigo,7038931,9,240,181,35,4,220,181,220
1,Andrés Ibáñez,1,Santa Cruz de La Sierra,2234,Santa Cruz de la Sierra,10007,Col. Escuela Jorge Urenda Trigo,7038941,10,240,170,34,6,210,170,210
1,Andrés Ibáñez,1,Santa Cruz de La Sierra,2234,Santa Cruz de la Sierra,10007,Col. Escuela Jorge Urenda Trigo,7038951,11,240,177,35,4,216,177,216
1,Andrés Ibáñez,1,Santa Cruz de La Sierra,2234,Santa Cruz de la Sierra,10007,Col. Escuela Jorge Urenda Trigo,7038961,12,240,174,33,3,210,174,210
1,Andrés Ibáñez,1,Santa Cruz de La Sierra,2234,Santa Cruz de la Sierra,10007,Col. Escuela Jorge Urenda Trigo,7038991,15,240,164,35,16,215,164,215
1,Andrés Ibáñez,1,Santa Cruz de La Sierra,2234,Santa Cruz de la Sierra,10011,Col.  Anita Suarez De Leygue,7040081,4,240,154,51,8,213,154,213
1,Andrés Ibáñez,1,Santa Cruz de La Sierra,2234,Santa Cruz de la Sierra,10011,Col.  Anita Suarez De Leygue,7040151,11,240,161,52,6,219,161,219
1,Andrés Ibáñez,1,Santa Cruz de La Sierra,2234,Santa Cruz de la Sierra,10012,Col. Hermanos Cavanis,7037771,1,240,189,23,4,216,189,216
1,Andrés Ibáñez,1,Santa Cruz de La Sierra,2234,Santa Cruz de la Sierra,10012,Col. Hermanos Cavanis,7037831,7,240,159,29,5,193,159,193
1,Andrés Ibáñez,1,Santa Cruz de La Sierra,2234,Santa Cruz de la Sierra,10012,Col. Hermanos Cavanis,7037881,12,240,167,35,6,208,167,208
1,Andrés Ibáñez,1,Santa Cruz de La Sierra,2234,Santa Cruz de la Sierra,10012,Col. Hermanos Cavanis,7037891,13,240,174,34,5,213,174,213
1,Andrés Ibáñez,1,Santa Cruz de La Sierra,2234,Santa Cruz de la Sierra,10015,Col. Esc. La Base,7037181,7,240,169,34,14,217,169,217
1,Andrés Ibáñez,1,Santa Cruz de La Sierra,2234,Santa Cruz de la Sierra,10015,Col. Esc. La Base,7037211,10,240,155,43,11,209,155,209
1,Andrés Ibáñez,1,Santa Cruz de La Sierra,2234,Santa Cruz de la Sierra,10015,Col. Esc. La Base,7037231,12,240,160,47,11,218,160,218
1,Andrés Ibáñez,1,Santa Cruz de La Sierra,2234,Santa Cruz de la Sierra,10015,Col. Esc. La Base,7037241,13,139,96,26,2,124,96,124
1,Andrés Ibáñez,1,Santa Cruz de La Sierra,2234,Santa Cruz de la Sierra,10016,Col. Escuela Ambrocio Villarroel,7001431,10,256,158,40,16,214,158,214
1,Andrés Ibáñez,1,Santa Cruz de La Sierra,2234,Santa Cruz de la Sierra,10017,Col. Escuela Sara Porras De Pinto,7001281,8,240,171,36,4,211,171,211
1,Andrés Ibáñez,1,Santa Cruz de La Sierra,2234,Santa Cruz de la Sierra,10017,Col. Escuela Sara Porras De Pinto,7001291,9,240,169,25,13,207,169,207
1,Andrés Ibáñez,1,Santa Cruz de La Sierra,2234,Santa Cruz de la Sierra,10017,Col. Escuela Sara Porras De Pinto,7001301,10,240,171,36,3,210,171,210
1,Andrés Ibáñez,1,Santa Cruz de La Sierra,2234,Santa Cruz de la Sierra,10017,Col. Escuela Sara Porras De Pinto,7001311,11,240,143,58,12,213,143,213
1,Andrés Ibáñez,1,Santa Cruz de La Sierra,2234,Santa Cruz de la Sierra,10017,Col. Escuela Sara Porras De Pinto,7001331,13,199,129,39,6,174,129,174
1,Andrés Ibáñez,1,Santa Cruz de La Sierra,2234,Santa Cruz de la Sierra,10020,Col. Escuela El Fuerte,7042841,3,240,163,41,14,218,163,218
1,Andrés Ibáñez,1,Santa Cruz de La Sierra,2234,Santa Cruz de la Sierra,10020,Col. Escuela El Fuerte,7042851,4,240,171,28,9,208,171,208
1,Andrés Ibáñez,1,Santa Cruz de La Sierra,2234,Santa Cruz de la Sierra,10020,Col. Escuela El Fuerte,7042901,9,240,163,42,10,215,163,215
1,Andrés Ibáñez,1,Santa Cruz de La Sierra,2234,Santa Cruz de la Sierra,10020,Col. Escuela El Fuerte,7042971,16,240,142,53,14,209,142,209
1,Andrés Ibáñez,1,Santa Cruz de La Sierra,2234,Santa Cruz de la Sierra,10020,Col. Escuela El Fuerte,7043001,19,240,138,41,14,193,138,193
1,Andrés Ibáñez,1,Santa Cruz de La Sierra,2234,Santa Cruz de la Sierra,10020,Col. Escuela El Fuerte,7043011,20,240,145,54,16,215,145,215
1,Andrés Ibáñez,1,Santa Cruz de La Sierra,2234,Santa Cruz de la Sierra,10020,Col. Escuela El Fuerte,7043111,30,240,132,58,17,207,132,207
1,Andrés Ibáñez,1,Santa Cruz de La Sierra,2234,Santa Cruz de la Sierra,10020,Col. Escuela El Fuerte,7043121,31,240,135,43,21,199,135,199
1,Andrés Ibáñez,1,Santa Cruz de La Sierra,2234,Santa Cruz de la Sierra,10020,Col. Escuela El Fuerte,7043151,34,64,32,19,3,54,32,54
1,Andrés Ibáñez,1,Santa Cruz de La Sierra,2234,Santa Cruz de la Sierra,10023,Colegio Ignacio Warnes,7044251,12,240,137,53,11,201,137,201
1,Andrés Ibáñez,1,Santa Cruz de La Sierra,2234,Santa Cruz de la Sierra,10027,Col. Escuela Poly Villarroel,7046171,8,240,151,47,9,207,151,207
1,Andrés Ibáñez,1,Santa Cruz de La Sierra,2234,Santa Cruz de la Sierra,10029,Col. San Francisco Sur,7043891,2,240,123,81,12,216,123,216
1,Andrés Ibáñez,1,Santa Cruz de La Sierra,2234,Santa Cruz de la Sierra,10029,Col. San Francisco Sur,7043921,5,240,151,47,10,208,151,208
1,Andrés Ibáñez,1,Santa Cruz de La Sierra,2234,Santa Cruz de la Sierra,10029,Col. San Francisco Sur,7043941,7,240,151,43,15,209,151,209
1,Andrés Ibáñez,1,Santa Cruz de La Sierra,2234,Santa Cruz de la Sierra,10029,Col. San Francisco Sur,7044091,22,244,170,46,9,225,170,225
1,Andrés Ibáñez,1,Santa Cruz de La Sierra,2234,Santa Cruz de la Sierra,10030,Col. Esc.  Amsterdan,7043171,2,240,146,41,21,208,146,208
1,Andrés Ibáñez,1,Santa Cruz de La Sierra,2234,Santa Cruz de la Sierra,10032,U.E.  Magisterio Sur 120 II,7045991,5,240,142,45,16,203,142,203
1,Andrés Ibáñez,1,Santa Cruz de La Sierra,2234,Santa Cruz de la Sierra,10032,U.E.  Magisterio Sur 120 II,7046001,6,240,165,35,14,214,165,214
1,Andrés Ibáñez,1,Santa Cruz de La Sierra,2234,Santa Cruz de la Sierra,10032,U.E.  Magisterio Sur 120 II,7046081,14,240,141,49,13,203,141,203
1,Andrés Ibáñez,1,Santa Cruz de La Sierra,2234,Santa Cruz de la Sierra,10033,Colegio Plan 4000,7046701,17,240,132,57,21,210,132,210
1,Andrés Ibáñez,1,Santa Cruz de La Sierra,2234,Santa Cruz de la Sierra,10033,Colegio Plan 4000,7046711,18,240,147,38,25,210,147,210
1,Andrés Ibáñez,1,Santa Cruz de La Sierra,2234,Santa Cruz de la Sierra,10033,Colegio Plan 4000,7046721,19,240,136,49,20,205,136,205
1,Andrés Ibáñez,1,Santa Cruz de La Sierra,2234,Santa Cruz de la Sierra,10033,Colegio Plan 4000,7046881,35,240,147,49,15,211,147,211
1,Andrés Ibáñez,1,Santa Cruz de La Sierra,2234,Santa Cruz de la Sierra,10039,Col. Esc. Honorato Mejia,7036391,12,240,144,49,16,209,144,209
1,Andrés Ibáñez,1,Santa Cruz de La Sierra,2234,Santa Cruz de la Sierra,10040,Col. Luis Espinal Campos,7044851,16,240,163,35,7,205,163,205
1,Andrés Ibáñez,1,Santa Cruz de La Sierra,2234,Santa Cruz de la Sierra,10040,Col. Luis Espinal Campos,7044881,19,240,148,41,10,199,148,199
1,Andrés Ibáñez,1,Santa Cruz de La Sierra,2234,Santa Cruz de la Sierra,10040,Col. Luis Espinal Campos,7044891,20,240,142,44,6,192,142,192
1,Andrés Ibáñez,1,Santa Cruz de La Sierra,2234,Santa Cruz de la Sierra,10041,Col. Esc. Holanda,7047131,5,240,135,53,16,204,135,204
1,Andrés Ibáñez,1,Santa Cruz de La Sierra,2234,Santa Cruz de la Sierra,10041,Col. Esc. Holanda,7047211,13,240,148,44,11,203,148,203
1,Andrés Ibáñez,1,Santa Cruz de La Sierra,2234,Santa Cruz de la Sierra,11047,U.E. Juana Azurduy de Padilla,7032231,16,240,139,57,8,204,139,204
1,Andrés Ibáñez,1,Santa Cruz de La Sierra,2234,Santa Cruz de la Sierra,11048,Col. Club De Leones,7041451,1,240,186,19,7,212,186,212
1,Andrés Ibáñez,1,Santa Cruz de La Sierra,2234,Santa Cruz de la Sierra,11048,Col. Club De Leones,7041461,2,240,177,24,6,207,177,207
1,Andrés Ibáñez,1,Santa Cruz de La Sierra,2234,Santa Cruz de la Sierra,11048,Col. Club De Leones,7041471,3,240,165,27,16,208,165,208
1,Andrés Ibáñez,1,Santa Cruz de La Sierra,2234,Santa Cruz de la Sierra,11048,Col. Club De Leones,7041491,5,240,167,30,9,206,167,206
1,Andrés Ibáñez,1,Santa Cruz de La Sierra,2234,Santa Cruz de la Sierra,11048,Col. Club De Leones,7041501,6,240,178,28,4,210,178,210
1,Andrés Ibáñez,1,Santa Cruz de La Sierra,2234,Santa Cruz de la Sierra,11048,Col. Club De Leones,7041511,7,240,166,39,9,214,166,214
1,Andrés Ibáñez,1,Santa Cruz de La Sierra,2234,Santa Cruz de la Sierra,11048,Col. Club De Leones,7041521,8,64,50,8,2,60,50,60
1,Andrés Ibáñez,1,Santa Cruz de La Sierra,2234,Santa Cruz de la Sierra,11049,Col. Villa Alegre,7045671,9,240,149,40,26,215,149,215
1,Andrés Ibáñez,1,Santa Cruz de La Sierra,2234,Santa Cruz de la Sierra,11050,U.E. Niño Jesús IV,7033511,1,240,165,35,9,209,165,209
1,Andrés Ibáñez,1,Santa Cruz de La Sierra,2234,Santa Cruz de la Sierra,11050,U.E. Niño Jesús IV,7033591,9,240,168,33,7,208,168,208
1,Andrés Ibáñez,1,Santa Cruz de La Sierra,2234,Santa Cruz de la Sierra,11050,U.E. Niño Jesús IV,7033631,13,240,164,38,9,211,164,211
1,Andrés Ibáñez,1,Santa Cruz de La Sierra,2234,Santa Cruz de la Sierra,11050,U.E. Niño Jesús IV,7033661,16,240,168,31,8,207,168,207
1,Andrés Ibáñez,1,Santa Cruz de La Sierra,2234,Santa Cruz de la Sierra,11050,U.E. Niño Jesús IV,7033681,18,240,182,22,4,208,182,208
1,Andrés Ibáñez,1,Santa Cruz de La Sierra,2234,Santa Cruz de la Sierra,11051,Col. Las Americas II,7035791,14,240,157,40,13,210,157,210
1,Andrés Ibáñez,1,Santa Cruz de La Sierra,2234,Santa Cruz de la Sierra,11053,Col. Covipal,7039961,1,240,141,55,12,208,141,208
1,Andrés Ibáñez,1,Santa Cruz de La Sierra,2234,Santa Cruz de la Sierra,11053,Col. Covipal,7039971,2,240,139,56,17,212,139,212
1,Andrés Ibáñez,1,Santa Cruz de La Sierra,2234,Santa Cruz de la Sierra,11059,Virgen De Guadalupe,7020971,15,240,153,50,3,206,153,206
1,Andrés Ibáñez,1,Santa Cruz de La Sierra,2234,Santa Cruz de la Sierra,11059,Virgen De Guadalupe,7020981,16,240,161,44,5,210,161,210
1,Andrés Ibáñez,1,Santa Cruz de La Sierra,2234,Santa Cruz de la Sierra,11059,Virgen De Guadalupe,7021001,18,240,169,38,6,213,169,213
1,Andrés Ibáñez,1,Santa Cruz de La Sierra,2234,Santa Cruz de la Sierra,11059,Virgen De Guadalupe,7021011,19,240,153,44,11,208,153,208
1,Andrés Ibáñez,1,Santa Cruz de La Sierra,2234,Santa Cruz de la Sierra,11059,Virgen De Guadalupe,7021021,20,240,142,58,4,204,142,204
1,Andrés Ibáñez,1,Santa Cruz de La Sierra,2234,Santa Cruz de la Sierra,11059,Virgen De Guadalupe,7021051,23,240,170,35,12,217,170,217
1,Andrés Ibáñez,1,Santa Cruz de La Sierra,2234,Santa Cruz de la Sierra,11061,Fred Nuñez Gonzales,7022111,13,240,146,50,8,204,146,204
1,Andrés Ibáñez,1,Santa Cruz de La Sierra,2234,Santa Cruz de la Sierra,11061,Fred Nuñez Gonzales,7022161,18,87,57,19,3,79,57,79
1,Andrés Ibáñez,1,Santa Cruz de La Sierra,2234,Santa Cruz de la Sierra,11063,U.E. San Cayetano,7021341,7,240,153,43,7,203,153,203
1,Andrés Ibáñez,1,Santa Cruz de La Sierra,2234,Santa Cruz de la Sierra,11063,U.E. San Cayetano,7021351,8,240,144,37,34,215,144,215
1,Andrés Ibáñez,1,Santa Cruz de La Sierra,2234,Santa Cruz de la Sierra,11063,U.E. San Cayetano,7021381,11,240,142,67,7,216,142,216
1,Andrés Ibáñez,1,Santa Cruz de La Sierra,2234,Santa Cruz de la Sierra,11063,U.E. San Cayetano,7021391,12,240,147,41,15,203,147,203
1,Andrés Ibáñez,1,Santa Cruz de La Sierra,2234,Santa Cruz de la Sierra,11063,U.E. San Cayetano,7021411,14,240,154,43,10,207,154,207
1,Andrés Ibáñez,1,Santa Cruz de La Sierra,2234,Santa Cruz de la Sierra,11064,U.E. Los Cusis,7021671,3,240,156,43,3,202,156,202
1,Andrés Ibáñez,1,Santa Cruz de La Sierra,2234,Santa Cruz de la Sierra,11064,U.E. Los Cusis,7021681,4,240,150,39,14,203,150,203
1,Andrés Ibáñez,1,Santa Cruz de La Sierra,2234,Santa Cruz de la Sierra,11064,U.E. Los Cusis,7021701,6,240,134,55,7,196,134,196
1,Andrés Ibáñez,1,Santa Cruz de La Sierra,2234,Santa Cruz de la Sierra,11064,U.E. Los Cusis,7021721,8,240,145,47,9,201,145,201
1,Andrés Ibáñez,1,Santa Cruz de La Sierra,2234,Santa Cruz de la Sierra,11064,U.E. Los Cusis,7021791,15,240,148,42,2,192,148,192
1,Andrés Ibáñez,1,Santa Cruz de La Sierra,2234,Santa Cruz de la Sierra,11064,U.E. Los Cusis,7021811,17,61,30,14,0,44,30,44
1,Andrés Ibáñez,1,Santa Cruz de La Sierra,2234,Santa Cruz de la Sierra,11068,16 de Julio,7018191,6,240,149,46,6,201,149,201
1,Andrés Ibáñez,1,Santa Cruz de La Sierra,2234,Santa Cruz de la Sierra,11068,16 de Julio,7018201,7,240,137,41,9,187,137,187
1,Andrés Ibáñez,1,Santa Cruz de La Sierra,2234,Santa Cruz de la Sierra,11069,U.E. Cielito Lindo,7018651,3,240,145,46,4,195,145,195
1,Andrés Ibáñez,1,Santa Cruz de La Sierra,2234,Santa Cruz de la Sierra,11069,U.E. Cielito Lindo,7018691,7,240,163,42,6,211,163,211
1,Andrés Ibáñez,1,Santa Cruz de La Sierra,2234,Santa Cruz de la Sierra,11069,U.E. Cielito Lindo,7018701,8,231,110,50,40,200,110,200
1,Andrés Ibáñez,1,Santa Cruz de La Sierra,2234,Santa Cruz de la Sierra,11070,Urkupiña,7019101,6,108,77,15,0,92,77,92
1,Andrés Ibáñez,1,Santa Cruz de La Sierra,2234,Santa Cruz de la Sierra,11072,U.E. Florida Barba Chávez,7023421,1,240,149,41,7,197,149,197
1,Andrés Ibáñez,1,Santa Cruz de La Sierra,2234,Santa Cruz de la Sierra,11072,U.E. Florida Barba Chávez,7023451,4,240,152,30,10,192,152,192
1,Andrés Ibáñez,1,Santa Cruz de La Sierra,2234,Santa Cruz de la Sierra,11073,U.E. 25 de Octubre,7023751,1,240,139,46,9,194,139,194
1,Andrés Ibáñez,1,Santa Cruz de La Sierra,2234,Santa Cruz de la Sierra,11073,U.E. 25 de Octubre,7023771,3,240,158,39,6,203,158,203
1,Andrés Ibáñez,1,Santa Cruz de La Sierra,2234,Santa Cruz de la Sierra,11076,Sahara Guardia,7035911,7,240,168,33,12,213,168,213
1,Andrés Ibáñez,1,Santa Cruz de La Sierra,2234,Santa Cruz de la Sierra,11076,Sahara Guardia,7035921,8,240,177,32,8,217,177,217
1,Andrés Ibáñez,1,Santa Cruz de La Sierra,2234,Santa Cruz de la Sierra,11076,Sahara Guardia,7035941,10,83,46,20,4,70,46,70
1,Andrés Ibáñez,1,Santa Cruz de La Sierra,2234,Santa Cruz de la Sierra,11077,Universitario Sur,7035151,6,240,170,32,5,207,170,207
1,Andrés Ibáñez,1,Santa Cruz de La Sierra,2234,Santa Cruz de la Sierra,11077,Universitario Sur,7035171,8,240,171,31,10,212,171,212
1,Andrés Ibáñez,1,Santa Cruz de La Sierra,2234,Santa Cruz de la Sierra,11077,Universitario Sur,7035191,10,73,52,9,5,66,52,66
1,Andrés Ibáñez,1,Santa Cruz de La Sierra,2234,Santa Cruz de la Sierra,11078,Angelina Rivera,7044451,10,240,155,43,11,209,155,209
1,Andrés Ibáñez,1,Santa Cruz de La Sierra,2234,Santa Cruz de la Sierra,11078,Angelina Rivera,7044461,11,240,168,37,8,213,168,213
1,Andrés Ibáñez,1,Santa Cruz de La Sierra,2234,Santa Cruz de la Sierra,11078,Angelina Rivera,7044481,13,232,173,22,6,201,173,201
1,Andrés Ibáñez,1,Santa Cruz de La Sierra,2234,Santa Cruz de la Sierra,11079,U.E. Nestor Paz Zamora,7034021,4,240,164,32,15,211,164,211
1,Andrés Ibáñez,1,Santa Cruz de La Sierra,2234,Santa Cruz de la Sierra,11079,U.E. Nestor Paz Zamora,7034231,25,240,154,37,22,213,154,213
1,Andrés Ibáñez,1,Santa Cruz de La Sierra,2234,Santa Cruz de la Sierra,11081,U.E. Rep. del Paraguay,7045911,3,240,173,30,6,209,173,209
1,Andrés Ibáñez,1,Santa Cruz de La Sierra,2234,Santa Cruz de la Sierra,11082,Modulo Rancho Nuevo,7016941,3,240,185,16,8,209,185,209
1,Andrés Ibáñez,1,Santa Cruz de La Sierra,2234,Santa Cruz de la Sierra,11082,Modulo Rancho Nuevo,7016951,4,240,150,39,13,202,150,202
1,Andrés Ibáñez,1,Santa Cruz de La Sierra,2234,Santa Cruz de la Sierra,11082,Modulo Rancho Nuevo,7017001,9,240,148,48,16,212,148,212
1,Andrés Ibáñez,1,Santa Cruz de La Sierra,2234,Santa Cruz de la Sierra,11082,Modulo Rancho Nuevo,7017081,17,240,164,37,2,203,164,203
1,Andrés Ibáñez,1,Santa Cruz de La Sierra,2234,Santa Cruz de la Sierra,11082,Modulo Rancho Nuevo,7017131,22,240,165,35,9,209,165,209
1,Andrés Ibáñez,1,Santa Cruz de La Sierra,2234,Santa Cruz de la Sierra,11085,U.E. 3 de Mayo,7029581,2,240,138,47,7,192,138,192
1,Andrés Ibáñez,1,Santa Cruz de La Sierra,2234,Santa Cruz de la Sierra,11085,U.E. 3 de Mayo,7029611,5,240,151,33,15,199,151,199
1,Andrés Ibáñez,1,Santa Cruz de La Sierra,2234,Santa Cruz de la Sierra,11085,U.E. 3 de Mayo,7029621,6,240,153,39,10,202,153,202
1,Andrés Ibáñez,1,Santa Cruz de La Sierra,2234,Santa Cruz de la Sierra,11085,U.E. 3 de Mayo,7029651,9,240,150,36,19,205,150,205
1,Andrés Ibáñez,1,Santa Cruz de La Sierra,2234,Santa Cruz de la Sierra,11085,U.E. 3 de Mayo,7029681,12,193,116,35,12,163,116,163
1,Andrés Ibáñez,1,Santa Cruz de La Sierra,2234,Santa Cruz de la Sierra,11086,U.E. San Juan Bautista,7024941,8,240,159,37,12,208,159,208
1,Andrés Ibáñez,1,Santa Cruz de La Sierra,2234,Santa Cruz de la Sierra,11087,U.E. San Juan del Este,7047611,1,240,119,19,63,201,119,201
1,Andrés Ibáñez,1,Santa Cruz de La Sierra,2234,Santa Cruz de la Sierra,11087,U.E. San Juan del Este,7047631,3,240,102,68,24,194,102,194
1,Andrés Ibáñez,1,Santa Cruz de La Sierra,2234,Santa Cruz de la Sierra,11087,U.E. San Juan del Este,7047641,4,240,126,52,28,206,126,206
1,Andrés Ibáñez,1,Santa Cruz de La Sierra,2234,Santa Cruz de la Sierra,11087,U.E. San Juan del Este,7047681,8,240,125,67,20,212,125,212
1,Andrés Ibáñez,1,Santa Cruz de La Sierra,2234,Santa Cruz de la Sierra,11087,U.E. San Juan del Este,7047701,10,240,130,61,9,200,130,200
1,Andrés Ibáñez,1,Santa Cruz de La Sierra,2234,Santa Cruz de la Sierra,11087,U.E. San Juan del Este,7047711,11,240,119,68,9,196,119,196
1,Andrés Ibáñez,1,Santa Cruz de La Sierra,2234,Santa Cruz de la Sierra,11087,U.E. San Juan del Este,7047761,16,240,108,67,26,201,108,201
1,Andrés Ibáñez,1,Santa Cruz de La Sierra,2234,Santa Cruz de la Sierra,11088,U.E. 19 de Marzo,7047781,1,240,149,36,22,207,149,207
1,Andrés Ibáñez,1,Santa Cruz de La Sierra,2234,Santa Cruz de la Sierra,11088,U.E. 19 de Marzo,7047791,2,240,135,55,21,211,135,211
1,Andrés Ibáñez,1,Santa Cruz de La Sierra,2234,Santa Cruz de la Sierra,11088,U.E. 19 de Marzo,7047801,3,240,145,56,8,209,145,209
1,Andrés Ibáñez,1,Santa Cruz de La Sierra,2234,Santa Cruz de la Sierra,11088,U.E. 19 de Marzo,7047811,4,240,129,63,9,201,129,201
1,Andrés Ibáñez,1,Santa Cruz de La Sierra,2234,Santa Cruz de la Sierra,11088,U.E. 19 de Marzo,7047831,6,240,135,49,17,201,135,201
1,Andrés Ibáñez,1,Santa Cruz de La Sierra,2234,Santa Cruz de la Sierra,11088,U.E. 19 de Marzo,7047861,9,240,154,55,4,213,154,213
1,Andrés Ibáñez,1,Santa Cruz de La Sierra,2234,Santa Cruz de la Sierra,11088,U.E. 19 de Marzo,7047871,10,138,77,30,6,113,77,113
1,Andrés Ibáñez,1,Santa Cruz de La Sierra,2234,Santa Cruz de la Sierra,11093,Colegio San Francisco de Asis,7043301,3,240,166,29,16,211,166,211
1,Andrés Ibáñez,1,Santa Cruz de La Sierra,2234,Santa Cruz de la Sierra,11093,Colegio San Francisco de Asis,7043331,6,240,171,38,7,216,171,216
1,Andrés Ibáñez,1,Santa Cruz de La Sierra,2234,Santa Cruz de la Sierra,11093,Colegio San Francisco de Asis,7043361,9,240,157,30,23,210,157,210
1,Andrés Ibáñez,1,Santa Cruz de La Sierra,2234,Santa Cruz de la Sierra,11094,U.E. 18 de Julio,7019641,10,240,159,37,10,206,159,206
1,Andrés Ibáñez,1,Santa Cruz de La Sierra,2234,Santa Cruz de la Sierra,25416,Kinder Guarderia El Carmen,7003211,1,240,171,18,7,196,171,196
1,Andrés Ibáñez,1,Santa Cruz de La Sierra,2234,Santa Cruz de la Sierra,25416,Kinder Guarderia El Carmen,7003231,3,240,148,28,10,186,148,186
1,Andrés Ibáñez,1,Santa Cruz de La Sierra,2234,Santa Cruz de la Sierra,25417,Facultad de Ciencias Agricolas U.A.G.R.M.,7012001,21,240,185,26,4,215,185,215
1,Andrés Ibáñez,1,Santa Cruz de La Sierra,2234,Santa Cruz de la Sierra,25417,Facultad de Ciencias Agricolas U.A.G.R.M.,7012031,24,240,185,26,1,212,185,212
1,Andrés Ibáñez,1,Santa Cruz de La Sierra,2234,Santa Cruz de la Sierra,25417,Facultad de Ciencias Agricolas U.A.G.R.M.,7012051,26,240,180,30,3,213,180,213
1,Andrés Ibáñez,1,Santa Cruz de La Sierra,2234,Santa Cruz de la Sierra,25418,Modulo Educativo German Busch,7013331,2,240,164,23,3,190,164,190
1,Andrés Ibáñez,1,Santa Cruz de La Sierra,2234,Santa Cruz de la Sierra,25418,Modulo Educativo German Busch,7013341,3,240,173,23,2,198,173,198
1,Andrés Ibáñez,1,Santa Cruz de La Sierra,2234,Santa Cruz de la Sierra,25418,Modulo Educativo German Busch,7013351,4,240,161,27,7,195,161,195
1,Andrés Ibáñez,1,Santa Cruz de La Sierra,2234,Santa Cruz de la Sierra,25418,Modulo Educativo German Busch,7013361,5,240,167,40,7,214,167,214
1,Andrés Ibáñez,1,Santa Cruz de La Sierra,2234,Santa Cruz de la Sierra,25425,U.E. Luis Antonio Añez Campos,7031021,3,240,141,49,7,197,141,197
1,Andrés Ibáñez,1,Santa Cruz de La Sierra,2234,Santa Cruz de la Sierra,25425,U.E. Luis Antonio Añez Campos,7031061,7,240,148,40,8,196,148,196
1,Andrés Ibáñez,1,Santa Cruz de La Sierra,2234,Santa Cruz de la Sierra,25426,U.E. 26 de Junio,7031441,2,240,166,33,4,203,166,203
1,Andrés Ibáñez,1,Santa Cruz de La Sierra,2234,Santa Cruz de la Sierra,25426,U.E. 26 de Junio,7031501,8,240,148,45,7,200,148,200
1,Andrés Ibáñez,1,Santa Cruz de La Sierra,2234,Santa Cruz de la Sierra,25426,U.E. 26 de Junio,7031551,13,240,145,32,18,195,145,195
1,Andrés Ibáñez,1,Santa Cruz de La Sierra,2234,Santa Cruz de la Sierra,25428,U.E. Villa Alba,7018261,4,186,129,29,6,164,129,164
1,Andrés Ibáñez,1,Santa Cruz de La Sierra,2234,Santa Cruz de la Sierra,25429,U.E. Señor de los Milagros,7018721,2,240,160,35,16,211,160,211
1,Andrés Ibáñez,1,Santa Cruz de La Sierra,2234,Santa Cruz de la Sierra,25431,U.E. 26 de Noviembre,7022441,1,240,162,40,9,211,162,211
1,Andrés Ibáñez,1,Santa Cruz de La Sierra,2234,Santa Cruz de la Sierra,25431,U.E. 26 de Noviembre,7022461,3,236,166,31,10,207,166,207
1,Andrés Ibáñez,1,Santa Cruz de La Sierra,2234,Santa Cruz de la Sierra,25433,Kinder Libertad,7026941,2,240,154,37,6,197,154,197
1,Andrés Ibáñez,1,Santa Cruz de La Sierra,2234,Santa Cruz de la Sierra,25434,U.E. Hacia La Cumbre,7025311,2,240,169,29,2,200,169,200
1,Andrés Ibáñez,1,Santa Cruz de La Sierra,2234,Santa Cruz de la Sierra,25434,U.E. Hacia La Cumbre,7025331,4,240,166,29,3,198,166,198
1,Andrés Ibáñez,1,Santa Cruz de La Sierra,2234,Santa Cruz de la Sierra,25434,U.E. Hacia La Cumbre,7025341,5,240,157,38,5,200,157,200
1,Andrés Ibáñez,1,Santa Cruz de La Sierra,2234,Santa Cruz de la Sierra,25434,U.E. Hacia La Cumbre,7025351,6,222,162,16,6,184,162,184
1,Andrés Ibáñez,1,Santa Cruz de La Sierra,2234,Santa Cruz de la Sierra,25435,U.E. Palmar Del Oriente,7043621,5,240,170,42,5,217,170,217
1,Andrés Ibáñez,1,Santa Cruz de La Sierra,2234,Santa Cruz de la Sierra,25435,U.E. Palmar Del Oriente,7043631,6,240,163,47,6,216,163,216
1,Andrés Ibáñez,1,Santa Cruz de La Sierra,2234,Santa Cruz de la Sierra,25437,U.E. Mateo Kuljis Llic II,7039701,2,240,165,18,16,199,165,199
1,Andrés Ibáñez,1,Santa Cruz de La Sierra,2234,Santa Cruz de la Sierra,25437,U.E. Mateo Kuljis Llic II,7039711,3,240,177,27,3,207,177,207
1,Andrés Ibáñez,1,Santa Cruz de La Sierra,2234,Santa Cruz de la Sierra,25438,Modulo Educativo Maria De Mattias,7035071,5,240,186,24,7,217,186,217
1,Andrés Ibáñez,1,Santa Cruz de La Sierra,2234,Santa Cruz de la Sierra,25438,Modulo Educativo Maria De Mattias,7035081,6,240,191,17,7,215,191,215
1,Andrés Ibáñez,1,Santa Cruz de La Sierra,2234,Santa Cruz de la Sierra,25440,U.E. Victoria Diez,7036011,7,240,150,38,26,214,150,214
1,Andrés Ibáñez,1,Santa Cruz de La Sierra,2234,Santa Cruz de la Sierra,25442,U.E. Santa Ana C,7038841,6,226,156,32,7,195,156,195
1,Andrés Ibáñez,1,Santa Cruz de La Sierra,2234,Santa Cruz de la Sierra,25443,Modulo Educativo Jardin Latino,7038011,1,240,195,13,1,209,195,209
1,Andrés Ibáñez,1,Santa Cruz de La Sierra,2234,Santa Cruz de la Sierra,25443,Modulo Educativo Jardin Latino,7038041,4,240,179,29,4,212,179,212
1,Andrés Ibáñez,1,Santa Cruz de La Sierra,2234,Santa Cruz de la Sierra,25443,Modulo Educativo Jardin Latino,7038051,5,130,101,13,3,117,101,117
1,Andrés Ibáñez,1,Santa Cruz de La Sierra,2234,Santa Cruz de la Sierra,25470,U.E. Santa Cruz de la Sierra,7014641,6,240,187,22,1,210,187,210
1,Andrés Ibáñez,1,Santa Cruz de La Sierra,2234,Santa Cruz de la Sierra,25470,U.E. Santa Cruz de la Sierra,7014691,11,240,186,22,2,210,186,210
1,Andrés Ibáñez,1,Santa Cruz de La Sierra,2234,Santa Cruz de la Sierra,25470,U.E. Santa Cruz de la Sierra,7014731,15,240,187,25,4,216,187,216
1,Andrés Ibáñez,1,Santa Cruz de La Sierra,2234,Santa Cruz de la Sierra,25470,U.E. Santa Cruz de la Sierra,7014751,17,240,176,19,2,197,176,197
1,Andrés Ibáñez,1,Santa Cruz de La Sierra,2234,Santa Cruz de la Sierra,25470,U.E. Santa Cruz de la Sierra,7014791,21,240,186,24,4,214,186,214
1,Andrés Ibáñez,1,Santa Cruz de La Sierra,2234,Santa Cruz de la Sierra,25470,U.E. Santa Cruz de la Sierra,7014801,22,240,187,21,3,211,187,211
1,Andrés Ibáñez,1,Santa Cruz de La Sierra,2234,Santa Cruz de la Sierra,25472,U.E. Josefina Balsamo Cordecruz,7013131,6,240,189,23,2,214,189,214
1,Andrés Ibáñez,1,Santa Cruz de La Sierra,2234,Santa Cruz de la Sierra,25472,U.E. Josefina Balsamo Cordecruz,7013151,8,240,169,36,6,211,169,211
1,Andrés Ibáñez,1,Santa Cruz de La Sierra,2234,Santa Cruz de la Sierra,25472,U.E. Josefina Balsamo Cordecruz,7013161,9,68,50,9,2,61,50,61
1,Andrés Ibáñez,1,Santa Cruz de La Sierra,2234,Santa Cruz de la Sierra,25475,U.E. Manantial De Vida,7048121,9,240,135,52,9,196,135,196
1,Andrés Ibáñez,1,Santa Cruz de La Sierra,2234,Santa Cruz de la Sierra,25475,U.E. Manantial De Vida,7048131,10,240,147,41,10,198,147,198
1,Andrés Ibáñez,1,Santa Cruz de La Sierra,2234,Santa Cruz de la Sierra,25653,U.E. Santa Cecilia,7022531,7,240,151,50,5,206,151,206
1,Andrés Ibáñez,1,Santa Cruz de La Sierra,2234,Santa Cruz de la Sierra,25653,U.E. Santa Cecilia,7022551,9,240,157,54,6,217,157,217
1,Andrés Ibáñez,1,Santa Cruz de La Sierra,2234,Santa Cruz de la Sierra,25653,U.E. Santa Cecilia,7022561,10,240,149,47,7,203,149,203
1,Andrés Ibáñez,1,Santa Cruz de La Sierra,2234,Santa Cruz de la Sierra,25653,U.E. Santa Cecilia,7022571,11,240,149,50,9,208,149,208
1,Andrés Ibáñez,1,Santa Cruz de La Sierra,2234,Santa Cruz de la Sierra,25653,U.E. Santa Cecilia,7022581,12,240,149,66,1,216,149,216
1,Andrés Ibáñez,1,Santa Cruz de La Sierra,2234,Santa Cruz de la Sierra,25653,U.E. Santa Cecilia,7022591,13,240,170,39,8,217,170,217
1,Andrés Ibáñez,1,Santa Cruz de La Sierra,2234,Santa Cruz de la Sierra,25654,U.E. Pedro Rivero Mercado,7024291,22,240,172,36,4,212,172,212
1,Andrés Ibáñez,1,Santa Cruz de La Sierra,2234,Santa Cruz de la Sierra,25656,U.E. Paraíso de los Infantes,7048211,3,240,146,45,6,197,146,197
1,Andrés Ibáñez,1,Santa Cruz de La Sierra,2234,Santa Cruz de la Sierra,25656,U.E. Paraíso de los Infantes,7048221,4,240,115,72,10,197,115,197
1,Andrés Ibáñez,1,Santa Cruz de La Sierra,2234,Santa Cruz de la Sierra,25656,U.E. Paraíso de los Infantes,7048231,5,240,131,63,11,205,131,205
1,Andrés Ibáñez,1,Santa Cruz de La Sierra,2234,Santa Cruz de la Sierra,25656,U.E. Paraíso de los Infantes,7048251,7,240,139,62,16,217,139,217
1,Andrés Ibáñez,1,Santa Cruz de La Sierra,2234,Santa Cruz de la Sierra,25657,U.E. Luz del Mundo  A,7031951,12,240,137,52,20,209,137,209
1,Andrés Ibáñez,1,Santa Cruz de La Sierra,2234,Santa Cruz de la Sierra,25657,U.E. Luz del Mundo  A,7032021,19,240,144,52,10,206,144,206
1,Andrés Ibáñez,1,Santa Cruz de La Sierra,2234,Santa Cruz de la Sierra,25657,U.E. Luz del Mundo  A,7032041,21,240,141,48,18,207,141,207
1,Andrés Ibáñez,1,Santa Cruz de La Sierra,2234,Santa Cruz de la Sierra,25658,U.E. San Marcos,7038121,7,206,118,33,26,177,118,177
1,Andrés Ibáñez,1,Santa Cruz de La Sierra,2234,Santa Cruz de la Sierra,25659,U.E. Andres Ibañez  A,7031601,3,240,139,41,10,190,139,190
1,Andrés Ibáñez,1,Santa Cruz de La Sierra,2234,Santa Cruz de la Sierra,25660,U.E. El Terrado,7024331,3,240,168,24,25,217,168,217
1,Andrés Ibáñez,1,Santa Cruz de La Sierra,2234,Santa Cruz de la Sierra,25660,U.E. El Terrado,7024341,4,240,147,32,14,193,147,193
1,Andrés Ibáñez,1,Santa Cruz de La Sierra,2234,Santa Cruz de la Sierra,25660,U.E. El Terrado,7024351,5,240,169,22,8,199,169,199
1,Andrés Ibáñez,1,Santa Cruz de La Sierra,2234,Santa Cruz de la Sierra,25661,U.E. Libertad,7021191,2,240,152,52,11,215,152,215
1,Andrés Ibáñez,1,Santa Cruz de La Sierra,2234,Santa Cruz de la Sierra,25661,U.E. Libertad,7021211,4,240,148,47,14,209,148,209
1,Andrés Ibáñez,1,Santa Cruz de La Sierra,2234,Santa Cruz de la Sierra,25661,U.E. Libertad,7021271,10,47,29,12,4,45,29,45
1,Andrés Ibáñez,1,Santa Cruz de La Sierra,2234,Santa Cruz de la Sierra,25662,U.E. Luis Melgar I,7030671,9,240,145,48,22,215,145,215
1,Andrés Ibáñez,1,Santa Cruz de La Sierra,2234,Santa Cruz de la Sierra,25662,U.E. Luis Melgar I,7030691,11,240,143,46,19,208,143,208
1,Andrés Ibáñez,1,Santa Cruz de La Sierra,2234,Santa Cruz de la Sierra,25662,U.E. Luis Melgar I,7030711,13,240,134,54,16,204,134,204
1,Andrés Ibáñez,1,Santa Cruz de La Sierra,2234,Santa Cruz de la Sierra,25664,U.E. 1ro. De Mayo,7026231,3,240,136,41,14,191,136,191
1,Andrés Ibáñez,1,Santa Cruz de La Sierra,2234,Santa Cruz de la Sierra,25664,U.E. 1ro. De Mayo,7026251,5,240,154,24,12,190,154,190
1,Andrés Ibáñez,1,Santa Cruz de La Sierra,2234,Santa Cruz de la Sierra,25665,U.E. Francisco Hurtado Pedraza,7032391,14,240,133,53,6,192,133,192
1,Andrés Ibáñez,1,Santa Cruz de La Sierra,2234,Santa Cruz de la Sierra,25665,U.E. Francisco Hurtado Pedraza,7032401,15,240,151,53,11,215,151,215
1,Andrés Ibáñez,1,Santa Cruz de La Sierra,2234,Santa Cruz de la Sierra,25665,U.E. Francisco Hurtado Pedraza,7032411,16,240,152,37,14,203,152,203
1,Andrés Ibáñez,1,Santa Cruz de La Sierra,2234,Santa Cruz de la Sierra,25665,U.E. Francisco Hurtado Pedraza,7032431,18,240,151,52,7,210,151,210
1,Andrés Ibáñez,1,Santa Cruz de La Sierra,2234,Santa Cruz de la Sierra,25665,U.E. Francisco Hurtado Pedraza,7032441,19,240,148,52,21,221,148,221
1,Andrés Ibáñez,1,Santa Cruz de La Sierra,2234,Santa Cruz de la Sierra,25666,U.E. Melvin Jones,7009931,1,240,181,12,7,200,181,200
1,Andrés Ibáñez,1,Santa Cruz de La Sierra,2234,Santa Cruz de la Sierra,25666,U.E. Melvin Jones,7009941,2,240,157,23,10,190,157,190
1,Andrés Ibáñez,1,Santa Cruz de La Sierra,2234,Santa Cruz de la Sierra,25666,U.E. Melvin Jones,7009951,3,240,180,13,5,198,180,198
1,Andrés Ibáñez,1,Santa Cruz de La Sierra,2234,Santa Cruz de la Sierra,25667,U.E. Juancito Pinto,7032671,10,240,161,37,10,208,161,208
1,Andrés Ibáñez,1,Santa Cruz de La Sierra,2234,Santa Cruz de la Sierra,25677,U.E. Bautista Vida Nueva,7033381,2,240,172,30,8,210,172,210
1,Andrés Ibáñez,1,Santa Cruz de La Sierra,2234,Santa Cruz de la Sierra,25677,U.E. Bautista Vida Nueva,7033391,3,240,178,26,2,206,178,206
1,Andrés Ibáñez,1,Santa Cruz de La Sierra,2234,Santa Cruz de la Sierra,25677,U.E. Bautista Vida Nueva,7033411,5,240,186,29,6,221,186,221
1,Andrés Ibáñez,1,Santa Cruz de La Sierra,2234,Santa Cruz de la Sierra,25677,U.E. Bautista Vida Nueva,7033421,6,240,157,44,6,207,157,207
1,Andrés Ibáñez,1,Santa Cruz de La Sierra,2234,Santa Cruz de la Sierra,25677,U.E. Bautista Vida Nueva,7033471,11,240,160,46,12,218,160,218
1,Andrés Ibáñez,1,Santa Cruz de La Sierra,2234,Santa Cruz de la Sierra,25858,U. E. Santa Claudina Thevenet,7029921,1,240,153,37,6,196,153,196
1,Andrés Ibáñez,1,Santa Cruz de La Sierra,2234,Santa Cruz de la Sierra,25858,U. E. Santa Claudina Thevenet,7029931,2,240,152,33,16,201,152,201
1,Andrés Ibáñez,1,Santa Cruz de La Sierra,2234,Santa Cruz de la Sierra,25858,U. E. Santa Claudina Thevenet,7029991,8,240,154,38,8,200,154,200
1,Andrés Ibáñez,1,Santa Cruz de La Sierra,2234,Santa Cruz de la Sierra,25858,U. E. Santa Claudina Thevenet,7030001,9,240,168,19,6,193,168,193
1,Andrés Ibáñez,1,Santa Cruz de La Sierra,2234,Santa Cruz de la Sierra,26340,U. E. 10 de Octubre,7017211,7,240,154,51,9,214,154,214
1,Andrés Ibáñez,1,Santa Cruz de La Sierra,2234,Santa Cruz de la Sierra,26340,U. E. 10 de Octubre,7017231,9,240,154,43,12,209,154,209
1,Andrés Ibáñez,1,Santa Cruz de La Sierra,2234,Santa Cruz de la Sierra,26340,U. E. 10 de Octubre,7017271,13,240,146,47,10,203,146,203
1,Andrés Ibáñez,1,Santa Cruz de La Sierra,2234,Santa Cruz de la Sierra,26340,U. E. 10 de Octubre,7017361,22,240,140,60,9,209,140,209
1,Andrés Ibáñez,1,Santa Cruz de La Sierra,2234,Santa Cruz de la Sierra,26340,U. E. 10 de Octubre,7017371,23,240,146,52,3,201,146,201
1,Andrés Ibáñez,1,Santa Cruz de La Sierra,2234,Santa Cruz de la Sierra,26340,U. E. 10 de Octubre,7017401,26,240,159,49,10,218,159,218
1,Andrés Ibáñez,1,Santa Cruz de La Sierra,2234,Santa Cruz de la Sierra,26346,U. E. Módulo Urbanización Cotoca (Prof. Jaime Escalante),7019231,13,240,158,34,12,204,158,204
1,Andrés Ibáñez,1,Santa Cruz de La Sierra,2234,Santa Cruz de la Sierra,26346,U. E. Módulo Urbanización Cotoca (Prof. Jaime Escalante),7019311,21,240,143,43,7,193,143,193
1,Andrés Ibáñez,1,Santa Cruz de La Sierra,2234,Santa Cruz de la Sierra,26346,U. E. Módulo Urbanización Cotoca (Prof. Jaime Escalante),7019361,26,240,175,27,2,204,175,204
1,Andrés Ibáñez,1,Santa Cruz de La Sierra,2234,Santa Cruz de la Sierra,26346,U. E. Módulo Urbanización Cotoca (Prof. Jaime Escalante),7019391,29,240,176,27,9,212,176,212
1,Andrés Ibáñez,1,Santa Cruz de La Sierra,2234,Santa Cruz de la Sierra,26348,U. E. Neptaly Sandoval II,7007081,3,240,197,17,0,214,197,214
1,Andrés Ibáñez,1,Santa Cruz de La Sierra,2234,Santa Cruz de la Sierra,26348,U. E. Neptaly Sandoval II,7007121,7,79,55,13,0,68,55,68
1,Andrés Ibáñez,1,Santa Cruz de La Sierra,2234,Santa Cruz de la Sierra,26353,U.E. Japón V Nivel Inicial,7009721,1,240,177,28,10,215,177,215
1,Andrés Ibáñez,1,Santa Cruz de La Sierra,2234,Santa Cruz de la Sierra,26353,U.E. Japón V Nivel Inicial,7009731,2,240,170,38,8,216,170,216
1,Andrés Ibáñez,1,Santa Cruz de La Sierra,2234,Santa Cruz de la Sierra,26353,U.E. Japón V Nivel Inicial,7009771,6,240,179,28,6,213,179,213
1,Andrés Ibáñez,1,Santa Cruz de La Sierra,2234,Santa Cruz de la Sierra,26353,U.E. Japón V Nivel Inicial,7009781,7,240,173,36,8,217,173,217
1,Andrés Ibáñez,1,Santa Cruz de La Sierra,2234,Santa Cruz de la Sierra,26353,U.E. Japón V Nivel Inicial,7009791,8,240,161,39,7,207,161,207
1,Andrés Ibáñez,1,Santa Cruz de La Sierra,2234,Santa Cruz de la Sierra,26401,U.E. Dennys Antelo Jordan,7007931,1,240,171,27,6,204,171,204
1,Andrés Ibáñez,1,Santa Cruz de La Sierra,2234,Santa Cruz de la Sierra,26401,U.E. Dennys Antelo Jordan,7007941,2,42,28,4,0,32,28,32
1,Andrés Ibáñez,1,Santa Cruz de La Sierra,2234,Santa Cruz de la Sierra,26403,U.E. Hilarión Tomelicht Ardaya I,7013411,1,240,157,22,16,195,157,195
1,Andrés Ibáñez,1,Santa Cruz de La Sierra,2234,Santa Cruz de la Sierra,26403,U.E. Hilarión Tomelicht Ardaya I,7013421,2,115,84,9,5,98,84,98
1,Andrés Ibáñez,1,Santa Cruz de La Sierra,2234,Santa Cruz de la Sierra,26406,U.E. 4 de Febrero,7023861,2,240,159,49,7,215,159,215
1,Andrés Ibáñez,1,Santa Cruz de La Sierra,2234,Santa Cruz de la Sierra,26409,U.E. Amsterdam I Primaria,7043401,2,161,117,20,6,143,117,143
1,Andrés Ibáñez,1,Santa Cruz de La Sierra,2234,Santa Cruz de la Sierra,26412,U.E. Hector Saucedo Montaño,7048381,1,240,157,35,9,201,157,201
1,Andrés Ibáñez,1,Santa Cruz de La Sierra,2234,Santa Cruz de la Sierra,26412,U.E. Hector Saucedo Montaño,7048391,2,64,45,11,1,57,45,57
1,Andrés Ibáñez,1,Santa Cruz de La Sierra,2234,Santa Cruz de la Sierra,26415,U.E. República Argentina A,7040551,1,240,182,15,7,204,182,204
1,Andrés Ibáñez,1,Santa Cruz de La Sierra,2234,Santa Cruz de la Sierra,26415,U.E. República Argentina A,7040561,2,125,90,15,3,108,90,108
1,Andrés Ibáñez,1,Santa Cruz de La Sierra,2234,Santa Cruz de la Sierra,26417,U.E. John Fitzgerald Kennedy III,7001691,1,240,169,17,12,198,169,198
1,Andrés Ibáñez,1,Santa Cruz de La Sierra,2234,Santa Cruz de la Sierra,26417,U.E. John Fitzgerald Kennedy III,7001701,2,240,178,26,3,207,178,207
1,Andrés Ibáñez,1,Santa Cruz de La Sierra,2234,Santa Cruz de la Sierra,26417,U.E. John Fitzgerald Kennedy III,7001711,3,240,172,28,14,214,172,214
1,Andrés Ibáñez,1,Santa Cruz de La Sierra,2234,Santa Cruz de la Sierra,26417,U.E. John Fitzgerald Kennedy III,7001721,4,240,164,24,6,194,164,194
1,Andrés Ibáñez,1,Santa Cruz de La Sierra,2234,Santa Cruz de la Sierra,26418,U.E. Lucas Casaert,7001731,1,240,151,43,3,197,151,197
1,Andrés Ibáñez,1,Santa Cruz de La Sierra,2234,Santa Cruz de la Sierra,26418,U.E. Lucas Casaert,7001741,2,233,156,29,10,195,156,195
1,Andrés Ibáñez,1,Santa Cruz de La Sierra,2234,Santa Cruz de la Sierra,26419,U.E. El Porvenir,7002611,2,208,143,9,5,157,143,157
1,Andrés Ibáñez,1,Santa Cruz de La Sierra,2234,Santa Cruz de la Sierra,26420,U.E. Rómulo Gomez I,7042581,1,198,149,9,7,165,149,165
1,Andrés Ibáñez,1,Santa Cruz de La Sierra,2234,Santa Cruz de la Sierra,26421,Unidad Educativa Santa Ana D,7012711,3,240,183,27,6,216,183,216
1,Andrés Ibáñez,1,Santa Cruz de La Sierra,2234,Santa Cruz de la Sierra,26421,Unidad Educativa Santa Ana D,7012731,5,240,175,29,3,207,175,207
1,Andrés Ibáñez,1,Santa Cruz de La Sierra,2234,Santa Cruz de la Sierra,26421,Unidad Educativa Santa Ana D,7012781,10,240,177,27,4,208,177,208
1,Andrés Ibáñez,1,Santa Cruz de La Sierra,2234,Santa Cruz de la Sierra,26421,Unidad Educativa Santa Ana D,7012801,12,240,164,38,4,206,164,206
1,Andrés Ibáñez,1,Santa Cruz de La Sierra,2234,Santa Cruz de la Sierra,26421,Unidad Educativa Santa Ana D,7012821,14,240,177,23,6,206,177,206
1,Andrés Ibáñez,1,Santa Cruz de La Sierra,2234,Santa Cruz de la Sierra,26421,Unidad Educativa Santa Ana D,7012861,18,240,180,21,7,208,180,208
1,Andrés Ibáñez,1,Santa Cruz de La Sierra,2234,Santa Cruz de la Sierra,26421,Unidad Educativa Santa Ana D,7012871,19,240,195,17,4,216,195,216
1,Andrés Ibáñez,1,Santa Cruz de La Sierra,2234,Santa Cruz de la Sierra,26421,Unidad Educativa Santa Ana D,7012881,20,170,127,21,3,151,127,151
1,Andrés Ibáñez,1,Santa Cruz de La Sierra,2234,Santa Cruz de la Sierra,26422,U.E. Grigota,7005461,1,240,161,31,8,200,161,200
1,Andrés Ibáñez,1,Santa Cruz de La Sierra,2234,Santa Cruz de la Sierra,26424,12 de Abril (Modulo 20 de Junio),7026371,10,240,152,44,6,202,152,202
1,Andrés Ibáñez,1,Santa Cruz de La Sierra,2234,Santa Cruz de la Sierra,32032,U.E. Santa Ana  (Módulo Educativo),7018091,4,240,158,51,8,217,158,217
1,Andrés Ibáñez,1,Santa Cruz de La Sierra,2234,Santa Cruz de la Sierra,32032,U.E. Santa Ana  (Módulo Educativo),7018131,8,29,17,5,2,24,17,24
1,Andrés Ibáñez,1,Santa Cruz de La Sierra,2234,Santa Cruz de la Sierra,32040,U.E. Copacabana (Módulo Educativo),7046511,2,240,139,55,21,215,139,215
1,Andrés Ibáñez,1,Santa Cruz de La Sierra,2234,Santa Cruz de la Sierra,32040,U.E. Copacabana (Módulo Educativo),7046521,3,240,144,54,14,212,144,212
1,Andrés Ibáñez,1,Santa Cruz de La Sierra,2234,Santa Cruz de la Sierra,32040,U.E. Copacabana (Módulo Educativo),7046531,4,188,136,26,10,172,136,172
1,Andrés Ibáñez,1,Santa Cruz de La Sierra,2234,Santa Cruz de la Sierra,32192,U.E. Ferroviario,7016071,1,191,157,13,2,172,157,172
1,Andrés Ibáñez,1,Santa Cruz de La Sierra,2243,Palmar del Oratorio,1,Esc. Hugo Banzer Suarez,7000441,6,240,151,50,10,211,151,211
1,Andrés Ibáñez,1,Santa Cruz de La Sierra,2243,Palmar del Oratorio,1,Esc. Hugo Banzer Suarez,7000451,7,240,153,51,11,215,153,215
1,Andrés Ibáñez,1,Santa Cruz de La Sierra,2243,Palmar del Oratorio,2,Esc. Zenovia Aponte,7004621,9,240,149,42,9,200,149,200
1,Andrés Ibáñez,1,Santa Cruz de La Sierra,2243,Palmar del Oratorio,2,Esc. Zenovia Aponte,7004691,16,240,133,50,21,204,133,204
1,Andrés Ibáñez,1,Santa Cruz de La Sierra,2243,Palmar del Oratorio,3,Esc. Solidaridad 55,7004841,9,240,138,59,12,209,138,209
1,Andrés Ibáñez,1,Santa Cruz de La Sierra,2243,Palmar del Oratorio,3,Esc. Solidaridad 55,7004861,11,240,151,45,13,209,151,209
1,Andrés Ibáñez,1,Santa Cruz de La Sierra,2243,Palmar del Oratorio,3,Esc. Solidaridad 55,7004961,21,240,140,55,9,204,140,204
1,Andrés Ibáñez,1,Santa Cruz de La Sierra,4366,Comunidad  Tundy,26070,U.E. Tundy,7001161,3,240,128,63,3,194,128,194
7,Cordillera,3,Cabezas,2383,El Filo,4005,Esc. Seccional El Filo,7072211,1,33,18,11,2,31,18,31
8,Vallegrande,1,Vallegrande,2400,Vallegrande,23037,Esc. Obispo Manuel Jose Peña,7074941,7,240,177,24,15,216,177,216
