CodigoProvincia,NombreProvincia,CodigoSeccion,NombreMunicipio,CodigoLocalidad,NombreLocalidad,CodigoRecinto,NombreRecinto,CodigoMesa,NumeroMesa,InscritosHabilitados,VotoValido,VotoBlanco,VotoNulo,VotoEmitido,VotoValidoReal,VotoEmitidoReal
1,Tomás Frías,1,Potosí,1494,Potosí,1,U. E. Simón Rodríguez,5003501,1,240,121,69,15,205,121,205
1,Tomás Frías,1,Potosí,1494,Potosí,1,U. E. Simón Rodríguez,5003511,2,240,135,64,12,211,135,211
1,Tomás Frías,1,Potosí,1494,Potosí,1,U. E. Simón Rodríguez,5003521,3,240,128,61,24,213,128,213
1,Tomás Frías,1,Potosí,1494,Potosí,1,U. E. Simón Rodríguez,5003531,4,240,131,71,13,215,131,215
1,Tomás Frías,1,Potosí,1494,Potosí,1,U. E. Simón Rodríguez,5003541,5,240,139,70,12,221,139,221
1,Tomás Frías,1,Potosí,1494,Potosí,1,U. E. Simón Rodríguez,5003551,6,99,60,23,4,87,60,87
1,Tomás Frías,1,Potosí,1494,Potosí,2,Col. Carlos Medinaceli,5003561,1,240,137,59,14,210,137,210
1,Tomás Frías,1,Potosí,1494,Potosí,2,Col. Carlos Medinaceli,5003571,2,240,158,48,10,216,158,216
1,Tomás Frías,1,Potosí,1494,Potosí,2,Col. Carlos Medinaceli,5003581,3,240,138,66,8,212,138,212
1,Tomás Frías,1,Potosí,1494,Potosí,2,Col. Carlos Medinaceli,5003591,4,160,79,54,10,143,79,143
1,Tomás Frías,1,Potosí,1494,Potosí,4,Esc. Modesto Omiste,5003101,1,240,138,75,15,228,138,228
1,Tomás Frías,1,Potosí,1494,Potosí,4,Esc. Modesto Omiste,5003111,2,192,104,60,6,170,104,170
1,Tomás Frías,1,Potosí,1494,Potosí,5,Esc. 1ro de Abril,5003391,1,240,149,58,11,218,149,218
1,Tomás Frías,1,Potosí,1494,Potosí,5,Esc. 1ro de Abril,5003401,2,240,126,71,23,220,126,220
1,Tomás Frías,1,Potosí,1494,Potosí,5,Esc. 1ro de Abril,5003411,3,90,42,29,10,81,42,81
1,Tomás Frías,1,Potosí,1494,Potosí,7,U. E. Antonio Quijarro  A,5003121,1,240,130,61,29,220,130,220
1,Tomás Frías,1,Potosí,1494,Potosí,7,U. E. Antonio Quijarro  A,5003131,2,240,141,70,15,226,141,226
1,Tomás Frías,1,Potosí,1494,Potosí,7,U. E. Antonio Quijarro  A,5003141,3,29,18,8,1,27,18,27
1,Tomás Frías,1,Potosí,1494,Potosí,10,Coleg. Bancario,5002761,1,240,120,88,8,216,120,216
1,Tomás Frías,1,Potosí,1494,Potosí,10,Coleg. Bancario,5002771,2,240,143,64,9,216,143,216
1,Tomás Frías,1,Potosí,1494,Potosí,10,Coleg. Bancario,5002781,3,240,131,68,12,211,131,211
1,Tomás Frías,1,Potosí,1494,Potosí,10,Coleg. Bancario,5002791,4,231,140,61,9,210,140,210
1,Tomás Frías,1,Potosí,1494,Potosí,11,U. E. San José  A,5003601,1,240,144,78,6,228,144,228
1,Tomás Frías,1,Potosí,1494,Potosí,11,U. E. San José  A,5003611,2,240,137,74,9,220,137,220
1,Tomás Frías,1,Potosí,1494,Potosí,11,U. E. San José  A,5003621,3,240,138,74,7,219,138,219
1,Tomás Frías,1,Potosí,1494,Potosí,11,U. E. San José  A,5003631,4,240,138,75,11,224,138,224
1,Tomás Frías,1,Potosí,1494,Potosí,11,U. E. San José  A,5003641,5,150,83,50,4,137,83,137
1,Tomás Frías,1,Potosí,1494,Potosí,12,Esc. Litoral,5002201,1,240,133,61,13,207,133,207
1,Tomás Frías,1,Potosí,1494,Potosí,12,Esc. Litoral,5002211,2,240,129,61,16,206,129,206
1,Tomás Frías,1,Potosí,1494,Potosí,12,Esc. Litoral,5002221,3,240,139,69,10,218,139,218
1,Tomás Frías,1,Potosí,1494,Potosí,12,Esc. Litoral,5002231,4,240,120,74,10,204,120,204
1,Tomás Frías,1,Potosí,1494,Potosí,12,Esc. Litoral,5002241,5,240,132,69,11,212,132,212
1,Tomás Frías,1,Potosí,1494,Potosí,12,Esc. Litoral,5002251,6,240,114,79,19,212,114,212
1,Tomás Frías,1,Potosí,1494,Potosí,12,Esc. Litoral,5002261,7,240,125,75,12,212,125,212
1,Tomás Frías,1,Potosí,1494,Potosí,12,Esc. Litoral,5002271,8,240,147,59,12,218,147,218
1,Tomás Frías,1,Potosí,1494,Potosí,12,Esc. Litoral,5002281,9,240,143,60,5,208,143,208
1,Tomás Frías,1,Potosí,1494,Potosí,12,Esc. Litoral,5002291,10,240,119,77,13,209,119,209
1,Tomás Frías,1,Potosí,1494,Potosí,12,Esc. Litoral,5002301,11,257,147,62,12,221,147,221
1,Tomás Frías,1,Potosí,1494,Potosí,13,Esc. Copacabana,5004241,1,240,136,74,14,224,136,224
1,Tomás Frías,1,Potosí,1494,Potosí,13,Esc. Copacabana,5004251,2,240,131,68,23,222,131,222
1,Tomás Frías,1,Potosí,1494,Potosí,13,Esc. Copacabana,5004261,3,240,126,74,16,216,126,216
1,Tomás Frías,1,Potosí,1494,Potosí,13,Esc. Copacabana,5004271,4,240,136,75,9,220,136,220
1,Tomás Frías,1,Potosí,1494,Potosí,13,Esc. Copacabana,5004281,5,240,128,76,14,218,128,218
1,Tomás Frías,1,Potosí,1494,Potosí,13,Esc. Copacabana,5004291,6,240,138,72,10,220,138,220
1,Tomás Frías,1,Potosí,1494,Potosí,13,Esc. Copacabana,5004301,7,24,13,8,0,21,13,21
1,Tomás Frías,1,Potosí,1494,Potosí,15,Esc. Benicio Montero Mallo,5001161,1,240,122,87,23,232,122,232
1,Tomás Frías,1,Potosí,1494,Potosí,15,Esc. Benicio Montero Mallo,5001171,2,240,119,87,15,221,119,221
1,Tomás Frías,1,Potosí,1494,Potosí,15,Esc. Benicio Montero Mallo,5001181,3,240,115,86,21,222,115,222
1,Tomás Frías,1,Potosí,1494,Potosí,15,Esc. Benicio Montero Mallo,5001191,4,240,122,84,11,217,122,217
1,Tomás Frías,1,Potosí,1494,Potosí,15,Esc. Benicio Montero Mallo,5001201,5,240,117,93,13,223,117,223
1,Tomás Frías,1,Potosí,1494,Potosí,15,Esc. Benicio Montero Mallo,5001211,6,240,124,76,16,216,124,216
1,Tomás Frías,1,Potosí,1494,Potosí,15,Esc. Benicio Montero Mallo,5001221,7,240,131,76,15,222,131,222
1,Tomás Frías,1,Potosí,1494,Potosí,15,Esc. Benicio Montero Mallo,5001231,8,214,125,56,14,195,125,195
1,Tomás Frías,1,Potosí,1494,Potosí,16,Kinder Concepcion,5001301,1,240,131,81,6,218,131,218
1,Tomás Frías,1,Potosí,1494,Potosí,16,Kinder Concepcion,5001311,2,240,115,91,7,213,115,213
1,Tomás Frías,1,Potosí,1494,Potosí,16,Kinder Concepcion,5001321,3,240,109,98,10,217,109,217
1,Tomás Frías,1,Potosí,1494,Potosí,16,Kinder Concepcion,5001331,4,240,107,95,8,210,107,210
1,Tomás Frías,1,Potosí,1494,Potosí,16,Kinder Concepcion,5001341,5,240,112,98,6,216,112,216
1,Tomás Frías,1,Potosí,1494,Potosí,16,Kinder Concepcion,5001351,6,240,114,83,12,209,114,209
1,Tomás Frías,1,Potosí,1494,Potosí,16,Kinder Concepcion,5001361,7,169,93,49,7,149,93,149
1,Tomás Frías,1,Potosí,1494,Potosí,17,Coleg. Luis Espinal,5001451,1,240,114,90,11,215,114,215
1,Tomás Frías,1,Potosí,1494,Potosí,17,Coleg. Luis Espinal,5001461,2,240,117,75,22,214,117,214
1,Tomás Frías,1,Potosí,1494,Potosí,17,Coleg. Luis Espinal,5001471,3,240,110,99,7,216,110,216
1,Tomás Frías,1,Potosí,1494,Potosí,17,Coleg. Luis Espinal,5001481,4,240,99,92,21,212,99,212
1,Tomás Frías,1,Potosí,1494,Potosí,17,Coleg. Luis Espinal,5001491,5,240,121,86,8,215,121,215
1,Tomás Frías,1,Potosí,1494,Potosí,17,Coleg. Luis Espinal,5001501,6,240,97,105,9,211,97,211
1,Tomás Frías,1,Potosí,1494,Potosí,17,Coleg. Luis Espinal,5001511,7,240,118,88,6,212,118,212
1,Tomás Frías,1,Potosí,1494,Potosí,17,Coleg. Luis Espinal,5001521,8,240,116,86,5,207,116,207
1,Tomás Frías,1,Potosí,1494,Potosí,17,Coleg. Luis Espinal,5001531,9,240,105,99,5,209,105,209
1,Tomás Frías,1,Potosí,1494,Potosí,17,Coleg. Luis Espinal,5001541,10,240,98,103,4,205,98,205
1,Tomás Frías,1,Potosí,1494,Potosí,17,Coleg. Luis Espinal,5001551,11,240,102,98,7,207,102,207
1,Tomás Frías,1,Potosí,1494,Potosí,17,Coleg. Luis Espinal,5001561,12,240,97,95,14,206,97,206
1,Tomás Frías,1,Potosí,1494,Potosí,17,Coleg. Luis Espinal,5001571,13,240,97,86,14,197,97,197
1,Tomás Frías,1,Potosí,1494,Potosí,17,Coleg. Luis Espinal,5001581,14,253,121,81,2,204,121,204
1,Tomás Frías,1,Potosí,1494,Potosí,18,Esc. Jose A.Zampa,5002311,1,240,120,43,6,169,120,169
1,Tomás Frías,1,Potosí,1494,Potosí,18,Esc. Jose A.Zampa,5002321,2,240,100,71,16,187,100,187
1,Tomás Frías,1,Potosí,1494,Potosí,18,Esc. Jose A.Zampa,5002331,3,240,118,85,5,208,118,208
1,Tomás Frías,1,Potosí,1494,Potosí,18,Esc. Jose A.Zampa,5002341,4,240,98,94,11,203,98,203
1,Tomás Frías,1,Potosí,1494,Potosí,18,Esc. Jose A.Zampa,5002351,5,240,104,109,10,223,104,223
1,Tomás Frías,1,Potosí,1494,Potosí,18,Esc. Jose A.Zampa,5002361,6,240,114,78,17,209,114,209
1,Tomás Frías,1,Potosí,1494,Potosí,18,Esc. Jose A.Zampa,5002371,7,240,122,86,8,216,122,216
1,Tomás Frías,1,Potosí,1494,Potosí,18,Esc. Jose A.Zampa,5002381,8,68,30,31,3,64,30,64
1,Tomás Frías,1,Potosí,1494,Potosí,19,Coleg. Cristo Maestro,5002391,1,240,132,55,19,206,132,206
1,Tomás Frías,1,Potosí,1494,Potosí,19,Coleg. Cristo Maestro,5002401,2,240,141,60,12,213,141,213
1,Tomás Frías,1,Potosí,1494,Potosí,19,Coleg. Cristo Maestro,5002411,3,240,134,69,12,215,134,215
1,Tomás Frías,1,Potosí,1494,Potosí,19,Coleg. Cristo Maestro,5002421,4,240,133,77,14,224,133,224
1,Tomás Frías,1,Potosí,1494,Potosí,19,Coleg. Cristo Maestro,5002431,5,240,133,79,9,221,133,221
1,Tomás Frías,1,Potosí,1494,Potosí,19,Coleg. Cristo Maestro,5002441,6,141,87,31,10,128,87,128
1,Tomás Frías,1,Potosí,1494,Potosí,20,Esc. Jaime Mendoza,5001371,1,240,95,89,6,190,95,190
1,Tomás Frías,1,Potosí,1494,Potosí,20,Esc. Jaime Mendoza,5001381,2,240,99,91,8,198,99,198
1,Tomás Frías,1,Potosí,1494,Potosí,20,Esc. Jaime Mendoza,5001391,3,240,118,72,5,195,118,195
1,Tomás Frías,1,Potosí,1494,Potosí,20,Esc. Jaime Mendoza,5001401,4,240,105,91,9,205,105,205
1,Tomás Frías,1,Potosí,1494,Potosí,20,Esc. Jaime Mendoza,5001411,5,240,98,94,8,200,98,200
1,Tomás Frías,1,Potosí,1494,Potosí,20,Esc. Jaime Mendoza,5001421,6,240,107,90,10,207,107,207
1,Tomás Frías,1,Potosí,1494,Potosí,20,Esc. Jaime Mendoza,5001431,7,240,106,80,11,197,106,197
1,Tomás Frías,1,Potosí,1494,Potosí,20,Esc. Jaime Mendoza,5001441,8,225,90,92,9,191,90,191
1,Tomás Frías,1,Potosí,1494,Potosí,21,Esc. Daniel Campos,5002491,1,240,117,75,13,205,117,205
1,Tomás Frías,1,Potosí,1494,Potosí,21,Esc. Daniel Campos,5002501,2,240,135,69,8,212,135,212
1,Tomás Frías,1,Potosí,1494,Potosí,21,Esc. Daniel Campos,5002511,3,240,114,86,12,212,114,212
1,Tomás Frías,1,Potosí,1494,Potosí,21,Esc. Daniel Campos,5002521,4,240,130,69,16,215,130,215
1,Tomás Frías,1,Potosí,1494,Potosí,21,Esc. Daniel Campos,5002531,5,240,120,84,6,210,120,210
1,Tomás Frías,1,Potosí,1494,Potosí,21,Esc. Daniel Campos,5002541,6,240,124,78,6,208,124,208
1,Tomás Frías,1,Potosí,1494,Potosí,21,Esc. Daniel Campos,5002551,7,240,124,77,10,211,124,211
1,Tomás Frías,1,Potosí,1494,Potosí,21,Esc. Daniel Campos,5002561,8,240,126,69,15,210,126,210
1,Tomás Frías,1,Potosí,1494,Potosí,21,Esc. Daniel Campos,5002571,9,240,107,75,21,203,107,203
1,Tomás Frías,1,Potosí,1494,Potosí,21,Esc. Daniel Campos,5002581,10,240,122,83,11,216,122,216
1,Tomás Frías,1,Potosí,1494,Potosí,21,Esc. Daniel Campos,5002591,11,240,121,78,12,211,121,211
1,Tomás Frías,1,Potosí,1494,Potosí,21,Esc. Daniel Campos,5002601,12,240,120,73,10,203,120,203
1,Tomás Frías,1,Potosí,1494,Potosí,21,Esc. Daniel Campos,5002611,13,240,110,92,2,204,110,204
1,Tomás Frías,1,Potosí,1494,Potosí,21,Esc. Daniel Campos,5002621,14,240,130,78,11,219,130,219
1,Tomás Frías,1,Potosí,1494,Potosí,21,Esc. Daniel Campos,5002631,15,240,96,97,11,204,96,204
1,Tomás Frías,1,Potosí,1494,Potosí,21,Esc. Daniel Campos,5002641,16,240,126,66,3,195,126,195
1,Tomás Frías,1,Potosí,1494,Potosí,21,Esc. Daniel Campos,5002651,17,240,107,67,26,200,107,200
1,Tomás Frías,1,Potosí,1494,Potosí,21,Esc. Daniel Campos,5002661,18,60,33,15,3,51,33,51
1,Tomás Frías,1,Potosí,1494,Potosí,24,U. E. Vicente Bernedo  A,5001911,1,240,103,107,10,220,103,220
1,Tomás Frías,1,Potosí,1494,Potosí,24,U. E. Vicente Bernedo  A,5001921,2,240,121,87,13,221,121,221
1,Tomás Frías,1,Potosí,1494,Potosí,24,U. E. Vicente Bernedo  A,5001931,3,240,116,89,11,216,116,216
1,Tomás Frías,1,Potosí,1494,Potosí,24,U. E. Vicente Bernedo  A,5001941,4,240,104,100,11,215,104,215
1,Tomás Frías,1,Potosí,1494,Potosí,24,U. E. Vicente Bernedo  A,5001951,5,240,119,88,11,218,119,218
1,Tomás Frías,1,Potosí,1494,Potosí,24,U. E. Vicente Bernedo  A,5001961,6,240,122,94,6,222,122,222
1,Tomás Frías,1,Potosí,1494,Potosí,24,U. E. Vicente Bernedo  A,5001971,7,240,122,95,6,223,122,223
1,Tomás Frías,1,Potosí,1494,Potosí,24,U. E. Vicente Bernedo  A,5001981,8,240,104,89,21,214,104,214
1,Tomás Frías,1,Potosí,1494,Potosí,24,U. E. Vicente Bernedo  A,5001991,9,240,106,78,20,204,106,204
1,Tomás Frías,1,Potosí,1494,Potosí,24,U. E. Vicente Bernedo  A,5002001,10,240,113,98,7,218,113,218
1,Tomás Frías,1,Potosí,1494,Potosí,24,U. E. Vicente Bernedo  A,5002011,11,240,115,86,15,216,115,216
1,Tomás Frías,1,Potosí,1494,Potosí,24,U. E. Vicente Bernedo  A,5002021,12,240,131,82,12,225,131,225
1,Tomás Frías,1,Potosí,1494,Potosí,24,U. E. Vicente Bernedo  A,5002031,13,240,115,82,16,213,115,213
1,Tomás Frías,1,Potosí,1494,Potosí,24,U. E. Vicente Bernedo  A,5002041,14,240,123,72,9,204,123,204
1,Tomás Frías,1,Potosí,1494,Potosí,24,U. E. Vicente Bernedo  A,5002051,15,140,68,42,5,115,68,115
1,Tomás Frías,1,Potosí,1494,Potosí,25,Esc. L. Subieta Sagarnaga,5001591,1,240,127,77,9,213,127,213
1,Tomás Frías,1,Potosí,1494,Potosí,25,Esc. L. Subieta Sagarnaga,5001601,2,240,99,107,9,215,99,215
1,Tomás Frías,1,Potosí,1494,Potosí,25,Esc. L. Subieta Sagarnaga,5001611,3,240,113,102,5,220,113,220
1,Tomás Frías,1,Potosí,1494,Potosí,25,Esc. L. Subieta Sagarnaga,5001621,4,240,99,102,11,212,99,212
1,Tomás Frías,1,Potosí,1494,Potosí,25,Esc. L. Subieta Sagarnaga,5001631,5,240,98,104,11,213,98,213
1,Tomás Frías,1,Potosí,1494,Potosí,25,Esc. L. Subieta Sagarnaga,5001641,6,240,110,86,14,210,110,210
1,Tomás Frías,1,Potosí,1494,Potosí,25,Esc. L. Subieta Sagarnaga,5001651,7,240,96,107,9,212,96,212
1,Tomás Frías,1,Potosí,1494,Potosí,25,Esc. L. Subieta Sagarnaga,5001661,8,240,93,108,10,211,93,211
1,Tomás Frías,1,Potosí,1494,Potosí,25,Esc. L. Subieta Sagarnaga,5001671,9,240,90,92,36,218,90,218
1,Tomás Frías,1,Potosí,1494,Potosí,25,Esc. L. Subieta Sagarnaga,5001681,10,233,93,108,8,209,93,209
1,Tomás Frías,1,Potosí,1494,Potosí,27,Coleg. Don Bosco,5002801,1,240,127,77,10,214,127,214
1,Tomás Frías,1,Potosí,1494,Potosí,27,Coleg. Don Bosco,5002811,2,240,144,58,10,212,144,212
1,Tomás Frías,1,Potosí,1494,Potosí,27,Coleg. Don Bosco,5002821,3,240,136,68,13,217,136,217
1,Tomás Frías,1,Potosí,1494,Potosí,27,Coleg. Don Bosco,5002831,4,240,149,61,13,223,149,223
1,Tomás Frías,1,Potosí,1494,Potosí,27,Coleg. Don Bosco,5002841,5,125,86,24,8,118,86,118
1,Tomás Frías,1,Potosí,1494,Potosí,28,Esc. Gregorio Barriga,5002851,1,240,132,76,10,218,132,218
1,Tomás Frías,1,Potosí,1494,Potosí,28,Esc. Gregorio Barriga,5002861,2,34,17,10,2,29,17,29
1,Tomás Frías,1,Potosí,1494,Potosí,29,Fe y Alegría y San Clemente,5005281,1,240,128,77,13,218,128,218
1,Tomás Frías,1,Potosí,1494,Potosí,29,Fe y Alegría y San Clemente,5005291,2,240,140,59,13,212,140,212
1,Tomás Frías,1,Potosí,1494,Potosí,29,Fe y Alegría y San Clemente,5005301,3,240,126,73,11,210,126,210
1,Tomás Frías,1,Potosí,1494,Potosí,29,Fe y Alegría y San Clemente,5005311,4,240,144,60,12,216,144,216
1,Tomás Frías,1,Potosí,1494,Potosí,29,Fe y Alegría y San Clemente,5005321,5,240,122,79,18,219,122,219
1,Tomás Frías,1,Potosí,1494,Potosí,29,Fe y Alegría y San Clemente,5005331,6,240,131,75,15,221,131,221
1,Tomás Frías,1,Potosí,1494,Potosí,29,Fe y Alegría y San Clemente,5005341,7,240,129,79,9,217,129,217
1,Tomás Frías,1,Potosí,1494,Potosí,29,Fe y Alegría y San Clemente,5005351,8,240,136,75,16,227,136,227
1,Tomás Frías,1,Potosí,1494,Potosí,29,Fe y Alegría y San Clemente,5005361,9,240,143,73,7,223,143,223
1,Tomás Frías,1,Potosí,1494,Potosí,29,Fe y Alegría y San Clemente,5005371,10,240,132,83,7,222,132,222
1,Tomás Frías,1,Potosí,1494,Potosí,29,Fe y Alegría y San Clemente,5005381,11,240,130,79,10,219,130,219
1,Tomás Frías,1,Potosí,1494,Potosí,29,Fe y Alegría y San Clemente,5005391,12,240,173,39,9,221,173,221
1,Tomás Frías,1,Potosí,1494,Potosí,29,Fe y Alegría y San Clemente,5005401,13,240,148,62,11,221,148,221
1,Tomás Frías,1,Potosí,1494,Potosí,29,Fe y Alegría y San Clemente,5005411,14,240,123,84,19,226,123,226
1,Tomás Frías,1,Potosí,1494,Potosí,29,Fe y Alegría y San Clemente,5005421,15,240,143,62,12,217,143,217
1,Tomás Frías,1,Potosí,1494,Potosí,29,Fe y Alegría y San Clemente,5005431,16,240,131,77,11,219,131,219
1,Tomás Frías,1,Potosí,1494,Potosí,29,Fe y Alegría y San Clemente,5005441,17,240,143,63,8,214,143,214
1,Tomás Frías,1,Potosí,1494,Potosí,29,Fe y Alegría y San Clemente,5005451,18,240,124,68,19,211,124,211
1,Tomás Frías,1,Potosí,1494,Potosí,29,Fe y Alegría y San Clemente,5005461,19,240,144,63,10,217,144,217
1,Tomás Frías,1,Potosí,1494,Potosí,29,Fe y Alegría y San Clemente,5005471,20,240,150,54,14,218,150,218
1,Tomás Frías,1,Potosí,1494,Potosí,29,Fe y Alegría y San Clemente,5005481,21,222,136,56,9,201,136,201
1,Tomás Frías,1,Potosí,1494,Potosí,30,Unid. Educ. Oscar Alfaro,5001101,1,240,129,65,16,210,129,210
1,Tomás Frías,1,Potosí,1494,Potosí,30,Unid. Educ. Oscar Alfaro,5001111,2,240,139,62,16,217,139,217
1,Tomás Frías,1,Potosí,1494,Potosí,30,Unid. Educ. Oscar Alfaro,5001121,3,240,152,54,11,217,152,217
1,Tomás Frías,1,Potosí,1494,Potosí,30,Unid. Educ. Oscar Alfaro,5001131,4,240,153,50,16,219,153,219
1,Tomás Frías,1,Potosí,1494,Potosí,30,Unid. Educ. Oscar Alfaro,5001141,5,240,133,81,9,223,133,223
1,Tomás Frías,1,Potosí,1494,Potosí,30,Unid. Educ. Oscar Alfaro,5001151,6,41,26,12,1,39,26,39
1,Tomás Frías,1,Potosí,1494,Potosí,31,Esc. Gualberto Villarroel,5003921,1,240,113,97,7,217,113,217
1,Tomás Frías,1,Potosí,1494,Potosí,31,Esc. Gualberto Villarroel,5003931,2,240,114,94,15,223,114,223
1,Tomás Frías,1,Potosí,1494,Potosí,31,Esc. Gualberto Villarroel,5003941,3,240,105,100,10,215,105,215
1,Tomás Frías,1,Potosí,1494,Potosí,31,Esc. Gualberto Villarroel,5003951,4,240,119,79,13,211,119,211
1,Tomás Frías,1,Potosí,1494,Potosí,31,Esc. Gualberto Villarroel,5003961,5,240,116,90,10,216,116,216
1,Tomás Frías,1,Potosí,1494,Potosí,31,Esc. Gualberto Villarroel,5003971,6,240,111,87,5,203,111,203
1,Tomás Frías,1,Potosí,1494,Potosí,31,Esc. Gualberto Villarroel,5003981,7,233,113,75,7,195,113,195
1,Tomás Frías,1,Potosí,1494,Potosí,32,Colegio Franciscano,5003151,1,240,144,51,21,216,144,216
1,Tomás Frías,1,Potosí,1494,Potosí,32,Colegio Franciscano,5003161,2,240,155,53,10,218,155,218
1,Tomás Frías,1,Potosí,1494,Potosí,32,Colegio Franciscano,5003171,3,240,147,54,19,220,147,220
1,Tomás Frías,1,Potosí,1494,Potosí,32,Colegio Franciscano,5003181,4,240,139,71,11,221,139,221
1,Tomás Frías,1,Potosí,1494,Potosí,32,Colegio Franciscano,5003191,5,240,140,63,12,215,140,215
1,Tomás Frías,1,Potosí,1494,Potosí,32,Colegio Franciscano,5003201,6,41,23,9,2,34,23,34
1,Tomás Frías,1,Potosí,1494,Potosí,33,Coleg. Antofagasta,5004041,1,240,128,80,12,220,128,220
1,Tomás Frías,1,Potosí,1494,Potosí,33,Coleg. Antofagasta,5004051,2,240,131,76,13,220,131,220
1,Tomás Frías,1,Potosí,1494,Potosí,33,Coleg. Antofagasta,5004061,3,240,129,7,12,148,129,148
1,Tomás Frías,1,Potosí,1494,Potosí,33,Coleg. Antofagasta,5004071,4,240,125,80,10,215,125,215
1,Tomás Frías,1,Potosí,1494,Potosí,33,Coleg. Antofagasta,5004081,5,240,141,61,15,217,141,217
1,Tomás Frías,1,Potosí,1494,Potosí,33,Coleg. Antofagasta,5004091,6,240,116,90,17,223,116,223
1,Tomás Frías,1,Potosí,1494,Potosí,33,Coleg. Antofagasta,5004101,7,240,122,93,9,224,122,224
1,Tomás Frías,1,Potosí,1494,Potosí,33,Coleg. Antofagasta,5004111,8,240,126,61,6,193,126,193
1,Tomás Frías,1,Potosí,1494,Potosí,33,Coleg. Antofagasta,5004121,9,240,131,54,15,200,131,200
1,Tomás Frías,1,Potosí,1494,Potosí,33,Coleg. Antofagasta,5004131,10,34,21,10,0,31,21,31
1,Tomás Frías,1,Potosí,1494,Potosí,35,Esc. Cleto Loayza,5004411,1,240,112,102,6,220,112,220
1,Tomás Frías,1,Potosí,1494,Potosí,35,Esc. Cleto Loayza,5004421,2,240,122,80,11,213,122,213
1,Tomás Frías,1,Potosí,1494,Potosí,35,Esc. Cleto Loayza,5004431,3,240,108,102,6,216,108,216
1,Tomás Frías,1,Potosí,1494,Potosí,35,Esc. Cleto Loayza,5004441,4,240,119,88,15,222,119,222
1,Tomás Frías,1,Potosí,1494,Potosí,35,Esc. Cleto Loayza,5004451,5,240,128,85,14,227,128,227
1,Tomás Frías,1,Potosí,1494,Potosí,35,Esc. Cleto Loayza,5004461,6,240,130,75,15,220,130,220
1,Tomás Frías,1,Potosí,1494,Potosí,35,Esc. Cleto Loayza,5004471,7,240,124,77,10,211,124,211
1,Tomás Frías,1,Potosí,1494,Potosí,35,Esc. Cleto Loayza,5004481,8,240,113,84,19,216,113,216
1,Tomás Frías,1,Potosí,1494,Potosí,35,Esc. Cleto Loayza,5004491,9,240,125,80,10,215,125,215
1,Tomás Frías,1,Potosí,1494,Potosí,35,Esc. Cleto Loayza,5004501,10,240,93,103,17,213,93,213
1,Tomás Frías,1,Potosí,1494,Potosí,35,Esc. Cleto Loayza,5004511,11,240,136,69,12,217,136,217
1,Tomás Frías,1,Potosí,1494,Potosí,35,Esc. Cleto Loayza,5004521,12,190,94,52,7,153,94,153
1,Tomás Frías,1,Potosí,1494,Potosí,36,Kinder Ismael Montes,5000171,1,240,136,78,10,224,136,224
1,Tomás Frías,1,Potosí,1494,Potosí,36,Kinder Ismael Montes,5000181,2,240,116,88,15,219,116,219
1,Tomás Frías,1,Potosí,1494,Potosí,36,Kinder Ismael Montes,5000191,3,240,126,75,16,217,126,217
1,Tomás Frías,1,Potosí,1494,Potosí,36,Kinder Ismael Montes,5000201,4,240,117,82,13,212,117,212
1,Tomás Frías,1,Potosí,1494,Potosí,36,Kinder Ismael Montes,5000211,5,240,113,94,13,220,113,220
1,Tomás Frías,1,Potosí,1494,Potosí,36,Kinder Ismael Montes,5000221,6,240,122,89,11,222,122,222
1,Tomás Frías,1,Potosí,1494,Potosí,36,Kinder Ismael Montes,5000231,7,240,117,97,6,220,117,220
1,Tomás Frías,1,Potosí,1494,Potosí,36,Kinder Ismael Montes,5000241,8,240,109,90,7,206,109,206
1,Tomás Frías,1,Potosí,1494,Potosí,36,Kinder Ismael Montes,5000251,9,240,163,37,16,216,163,216
1,Tomás Frías,1,Potosí,1494,Potosí,36,Kinder Ismael Montes,5000261,10,247,157,69,8,234,157,234
1,Tomás Frías,1,Potosí,1494,Potosí,38,Col. 31 de Octubre,5003651,1,240,145,60,13,218,145,218
1,Tomás Frías,1,Potosí,1494,Potosí,38,Col. 31 de Octubre,5003661,2,240,134,69,14,217,134,217
1,Tomás Frías,1,Potosí,1494,Potosí,38,Col. 31 de Octubre,5003671,3,240,155,48,16,219,155,219
1,Tomás Frías,1,Potosí,1494,Potosí,38,Col. 31 de Octubre,5003681,4,240,154,52,12,218,154,218
1,Tomás Frías,1,Potosí,1494,Potosí,38,Col. 31 de Octubre,5003691,5,240,141,67,12,220,141,220
1,Tomás Frías,1,Potosí,1494,Potosí,38,Col. 31 de Octubre,5003701,6,240,138,62,17,217,138,217
1,Tomás Frías,1,Potosí,1494,Potosí,38,Col. 31 de Octubre,5003711,7,240,126,62,20,208,126,208
1,Tomás Frías,1,Potosí,1494,Potosí,38,Col. 31 de Octubre,5003721,8,240,118,71,20,209,118,209
1,Tomás Frías,1,Potosí,1494,Potosí,38,Col. 31 de Octubre,5003731,9,21,11,4,0,15,11,15
1,Tomás Frías,1,Potosí,1494,Potosí,39,U. E. José David Berrios,5006071,1,240,116,71,13,200,116,200
1,Tomás Frías,1,Potosí,1494,Potosí,39,U. E. José David Berrios,5006081,2,240,140,53,10,203,140,203
1,Tomás Frías,1,Potosí,1494,Potosí,39,U. E. José David Berrios,5006091,3,240,131,66,14,211,131,211
1,Tomás Frías,1,Potosí,1494,Potosí,39,U. E. José David Berrios,5006101,4,240,139,63,12,214,139,214
1,Tomás Frías,1,Potosí,1494,Potosí,39,U. E. José David Berrios,5006111,5,240,129,81,5,215,129,215
1,Tomás Frías,1,Potosí,1494,Potosí,39,U. E. José David Berrios,5006121,6,240,130,74,13,217,130,217
1,Tomás Frías,1,Potosí,1494,Potosí,39,U. E. José David Berrios,5006131,7,240,132,83,6,221,132,221
1,Tomás Frías,1,Potosí,1494,Potosí,39,U. E. José David Berrios,5006141,8,240,172,48,7,227,172,227
1,Tomás Frías,1,Potosí,1494,Potosí,39,U. E. José David Berrios,5006151,9,240,123,76,11,210,123,210
1,Tomás Frías,1,Potosí,1494,Potosí,39,U. E. José David Berrios,5006161,10,240,135,74,6,215,135,215
1,Tomás Frías,1,Potosí,1494,Potosí,39,U. E. José David Berrios,5006171,11,156,78,50,12,140,78,140
1,Tomás Frías,1,Potosí,1494,Potosí,40,U.E. 31 de Octubre,5003741,1,240,132,79,8,219,132,219
1,Tomás Frías,1,Potosí,1494,Potosí,40,U.E. 31 de Octubre,5003751,2,240,135,66,22,223,135,223
1,Tomás Frías,1,Potosí,1494,Potosí,40,U.E. 31 de Octubre,5003761,3,240,116,86,12,214,116,214
1,Tomás Frías,1,Potosí,1494,Potosí,40,U.E. 31 de Octubre,5003771,4,240,132,72,13,217,132,217
1,Tomás Frías,1,Potosí,1494,Potosí,40,U.E. 31 de Octubre,5003781,5,240,115,85,23,223,115,223
1,Tomás Frías,1,Potosí,1494,Potosí,40,U.E. 31 de Octubre,5003791,6,240,124,78,15,217,124,217
1,Tomás Frías,1,Potosí,1494,Potosí,40,U.E. 31 de Octubre,5003801,7,240,135,76,12,223,135,223
1,Tomás Frías,1,Potosí,1494,Potosí,40,U.E. 31 de Octubre,5003811,8,240,130,80,8,218,130,218
1,Tomás Frías,1,Potosí,1494,Potosí,40,U.E. 31 de Octubre,5003821,9,240,135,82,6,223,135,223
1,Tomás Frías,1,Potosí,1494,Potosí,40,U.E. 31 de Octubre,5003831,10,240,143,70,7,220,143,220
1,Tomás Frías,1,Potosí,1494,Potosí,40,U.E. 31 de Octubre,5003841,11,58,36,18,1,55,36,55
1,Tomás Frías,1,Potosí,1494,Potosí,42,Esc. Topater,5005771,1,240,158,44,15,217,158,217
1,Tomás Frías,1,Potosí,1494,Potosí,42,Esc. Topater,5005781,2,240,138,63,22,223,138,223
1,Tomás Frías,1,Potosí,1494,Potosí,42,Esc. Topater,5005791,3,240,143,59,14,216,143,216
1,Tomás Frías,1,Potosí,1494,Potosí,42,Esc. Topater,5005801,4,240,122,70,14,206,122,206
1,Tomás Frías,1,Potosí,1494,Potosí,42,Esc. Topater,5005811,5,240,153,54,15,222,153,222
1,Tomás Frías,1,Potosí,1494,Potosí,42,Esc. Topater,5005821,6,240,136,66,14,216,136,216
1,Tomás Frías,1,Potosí,1494,Potosí,42,Esc. Topater,5005831,7,240,154,59,11,224,154,224
1,Tomás Frías,1,Potosí,1494,Potosí,42,Esc. Topater,5005841,8,240,155,54,14,223,155,223
1,Tomás Frías,1,Potosí,1494,Potosí,42,Esc. Topater,5005851,9,240,157,53,8,218,157,218
1,Tomás Frías,1,Potosí,1494,Potosí,42,Esc. Topater,5005861,10,240,151,53,11,215,151,215
1,Tomás Frías,1,Potosí,1494,Potosí,42,Esc. Topater,5005871,11,240,168,37,14,219,168,219
1,Tomás Frías,1,Potosí,1494,Potosí,42,Esc. Topater,5005881,12,240,126,74,7,207,126,207
1,Tomás Frías,1,Potosí,1494,Potosí,42,Esc. Topater,5005891,13,240,134,63,18,215,134,215
1,Tomás Frías,1,Potosí,1494,Potosí,42,Esc. Topater,5005901,14,240,148,54,10,212,148,212
1,Tomás Frías,1,Potosí,1494,Potosí,42,Esc. Topater,5005911,15,240,121,72,15,208,121,208
1,Tomás Frías,1,Potosí,1494,Potosí,42,Esc. Topater,5005921,16,240,117,80,14,211,117,211
1,Tomás Frías,1,Potosí,1494,Potosí,42,Esc. Topater,5005931,17,240,167,32,8,207,167,207
1,Tomás Frías,1,Potosí,1494,Potosí,42,Esc. Topater,5005941,18,240,161,35,14,210,161,210
1,Tomás Frías,1,Potosí,1494,Potosí,42,Esc. Topater,5005951,19,240,132,68,15,215,132,215
1,Tomás Frías,1,Potosí,1494,Potosí,42,Esc. Topater,5005961,20,240,119,80,15,214,119,214
1,Tomás Frías,1,Potosí,1494,Potosí,42,Esc. Topater,5005971,21,240,135,67,10,212,135,212
1,Tomás Frías,1,Potosí,1494,Potosí,42,Esc. Topater,5005981,22,97,62,25,3,90,62,90
1,Tomás Frías,1,Potosí,1494,Potosí,43,Esc. Enrique Viana,5004711,1,240,121,81,23,225,121,225
1,Tomás Frías,1,Potosí,1494,Potosí,43,Esc. Enrique Viana,5004721,2,240,133,72,13,218,133,218
1,Tomás Frías,1,Potosí,1494,Potosí,43,Esc. Enrique Viana,5004731,3,240,113,74,19,206,113,206
1,Tomás Frías,1,Potosí,1494,Potosí,43,Esc. Enrique Viana,5004741,4,240,123,81,6,210,123,210
1,Tomás Frías,1,Potosí,1494,Potosí,43,Esc. Enrique Viana,5004751,5,240,118,85,12,215,118,215
1,Tomás Frías,1,Potosí,1494,Potosí,43,Esc. Enrique Viana,5004761,6,240,142,79,7,228,142,228
1,Tomás Frías,1,Potosí,1494,Potosí,43,Esc. Enrique Viana,5004771,7,240,126,76,12,214,126,214
1,Tomás Frías,1,Potosí,1494,Potosí,43,Esc. Enrique Viana,5004781,8,240,126,68,18,212,126,212
1,Tomás Frías,1,Potosí,1494,Potosí,43,Esc. Enrique Viana,5004791,9,240,130,65,11,206,130,206
1,Tomás Frías,1,Potosí,1494,Potosí,43,Esc. Enrique Viana,5004801,10,56,29,14,4,47,29,47
1,Tomás Frías,1,Potosí,1494,Potosí,44,U. E. Germán Busch  A,5004571,1,240,109,107,3,219,109,219
1,Tomás Frías,1,Potosí,1494,Potosí,44,U. E. Germán Busch  A,5004581,2,240,105,100,12,217,105,217
1,Tomás Frías,1,Potosí,1494,Potosí,44,U. E. Germán Busch  A,5004591,3,240,95,99,19,213,95,213
1,Tomás Frías,1,Potosí,1494,Potosí,44,U. E. Germán Busch  A,5004601,4,240,128,75,17,220,128,220
1,Tomás Frías,1,Potosí,1494,Potosí,44,U. E. Germán Busch  A,5004611,5,240,98,112,11,221,98,221
1,Tomás Frías,1,Potosí,1494,Potosí,44,U. E. Germán Busch  A,5004621,6,240,123,75,9,207,123,207
1,Tomás Frías,1,Potosí,1494,Potosí,44,U. E. Germán Busch  A,5004631,7,240,109,98,13,220,109,220
1,Tomás Frías,1,Potosí,1494,Potosí,44,U. E. Germán Busch  A,5004641,8,240,120,86,13,219,120,219
1,Tomás Frías,1,Potosí,1494,Potosí,44,U. E. Germán Busch  A,5004651,9,240,108,113,5,226,108,226
1,Tomás Frías,1,Potosí,1494,Potosí,44,U. E. Germán Busch  A,5004661,10,240,103,110,7,220,103,220
1,Tomás Frías,1,Potosí,1494,Potosí,44,U. E. Germán Busch  A,5004671,11,240,106,88,12,206,106,206
1,Tomás Frías,1,Potosí,1494,Potosí,44,U. E. Germán Busch  A,5004681,12,240,119,85,14,218,119,218
1,Tomás Frías,1,Potosí,1494,Potosí,44,U. E. Germán Busch  A,5004691,13,240,116,86,10,212,116,212
1,Tomás Frías,1,Potosí,1494,Potosí,44,U. E. Germán Busch  A,5004701,14,103,65,20,4,89,65,89
1,Tomás Frías,1,Potosí,1494,Potosí,45,Esc. 6 de Junio,5007201,1,240,106,92,10,208,106,208
1,Tomás Frías,1,Potosí,1494,Potosí,45,Esc. 6 de Junio,5007211,2,240,83,109,18,210,83,210
1,Tomás Frías,1,Potosí,1494,Potosí,45,Esc. 6 de Junio,5007221,3,240,87,123,10,220,87,220
1,Tomás Frías,1,Potosí,1494,Potosí,45,Esc. 6 de Junio,5007231,4,240,94,101,16,211,94,211
1,Tomás Frías,1,Potosí,1494,Potosí,45,Esc. 6 de Junio,5007241,5,240,104,112,9,225,104,225
1,Tomás Frías,1,Potosí,1494,Potosí,45,Esc. 6 de Junio,5007251,6,240,96,95,12,203,96,203
1,Tomás Frías,1,Potosí,1494,Potosí,45,Esc. 6 de Junio,5007261,7,240,80,125,13,218,80,218
1,Tomás Frías,1,Potosí,1494,Potosí,45,Esc. 6 de Junio,5007271,8,240,100,103,20,223,100,223
1,Tomás Frías,1,Potosí,1494,Potosí,45,Esc. 6 de Junio,5007281,9,240,78,127,14,219,78,219
1,Tomás Frías,1,Potosí,1494,Potosí,45,Esc. 6 de Junio,5007291,10,240,87,121,9,217,87,217
1,Tomás Frías,1,Potosí,1494,Potosí,45,Esc. 6 de Junio,5007301,11,240,89,95,25,209,89,209
1,Tomás Frías,1,Potosí,1494,Potosí,45,Esc. 6 de Junio,5007311,12,240,99,94,15,208,99,208
1,Tomás Frías,1,Potosí,1494,Potosí,45,Esc. 6 de Junio,5007321,13,240,87,96,28,211,87,211
1,Tomás Frías,1,Potosí,1494,Potosí,45,Esc. 6 de Junio,5007331,14,240,98,107,10,215,98,215
1,Tomás Frías,1,Potosí,1494,Potosí,45,Esc. 6 de Junio,5007341,15,198,82,86,8,176,82,176
1,Tomás Frías,1,Potosí,1494,Potosí,46,Esc. Karachipampa,5006661,1,240,79,130,11,220,79,220
1,Tomás Frías,1,Potosí,1494,Potosí,46,Esc. Karachipampa,5006671,2,240,69,132,9,210,69,210
1,Tomás Frías,1,Potosí,1494,Potosí,46,Esc. Karachipampa,5006681,3,240,59,146,5,210,59,210
1,Tomás Frías,1,Potosí,1494,Potosí,46,Esc. Karachipampa,5006691,4,231,61,128,20,209,61,209
1,Tomás Frías,1,Potosí,1494,Potosí,48,Lic. Sucre,5003211,1,240,128,64,13,205,128,205
1,Tomás Frías,1,Potosí,1494,Potosí,48,Lic. Sucre,5003221,2,240,126,91,8,225,126,225
1,Tomás Frías,1,Potosí,1494,Potosí,48,Lic. Sucre,5003231,3,240,116,94,11,221,116,221
1,Tomás Frías,1,Potosí,1494,Potosí,48,Lic. Sucre,5003241,4,240,112,91,13,216,112,216
1,Tomás Frías,1,Potosí,1494,Potosí,48,Lic. Sucre,5003251,5,126,67,34,4,105,67,105
1,Tomás Frías,1,Potosí,1494,Potosí,50,Esc. Kenny Prieto Melgarejo,5006891,1,240,121,89,14,224,121,224
1,Tomás Frías,1,Potosí,1494,Potosí,50,Esc. Kenny Prieto Melgarejo,5006901,2,240,107,88,18,213,107,213
1,Tomás Frías,1,Potosí,1494,Potosí,50,Esc. Kenny Prieto Melgarejo,5006911,3,240,134,65,12,211,134,211
1,Tomás Frías,1,Potosí,1494,Potosí,50,Esc. Kenny Prieto Melgarejo,5006921,4,240,104,83,23,210,104,210
1,Tomás Frías,1,Potosí,1494,Potosí,50,Esc. Kenny Prieto Melgarejo,5006931,5,240,126,79,12,217,126,217
1,Tomás Frías,1,Potosí,1494,Potosí,50,Esc. Kenny Prieto Melgarejo,5006941,6,240,96,92,16,204,96,204
1,Tomás Frías,1,Potosí,1494,Potosí,50,Esc. Kenny Prieto Melgarejo,5006951,7,240,104,90,17,211,104,211
1,Tomás Frías,1,Potosí,1494,Potosí,50,Esc. Kenny Prieto Melgarejo,5006961,8,240,133,72,12,217,133,217
1,Tomás Frías,1,Potosí,1494,Potosí,50,Esc. Kenny Prieto Melgarejo,5006971,9,240,128,66,15,209,128,209
1,Tomás Frías,1,Potosí,1494,Potosí,50,Esc. Kenny Prieto Melgarejo,5006981,10,240,116,88,16,220,116,220
1,Tomás Frías,1,Potosí,1494,Potosí,50,Esc. Kenny Prieto Melgarejo,5006991,11,240,109,95,6,210,109,210
1,Tomás Frías,1,Potosí,1494,Potosí,50,Esc. Kenny Prieto Melgarejo,5007001,12,240,107,98,5,210,107,210
1,Tomás Frías,1,Potosí,1494,Potosí,50,Esc. Kenny Prieto Melgarejo,5007011,13,240,112,84,10,206,112,206
1,Tomás Frías,1,Potosí,1494,Potosí,50,Esc. Kenny Prieto Melgarejo,5007021,14,240,102,104,11,217,102,217
1,Tomás Frías,1,Potosí,1494,Potosí,50,Esc. Kenny Prieto Melgarejo,5007031,15,240,127,88,5,220,127,220
1,Tomás Frías,1,Potosí,1494,Potosí,50,Esc. Kenny Prieto Melgarejo,5007041,16,240,109,81,18,208,109,208
1,Tomás Frías,1,Potosí,1494,Potosí,50,Esc. Kenny Prieto Melgarejo,5007051,17,240,117,81,22,220,117,220
1,Tomás Frías,1,Potosí,1494,Potosí,50,Esc. Kenny Prieto Melgarejo,5007061,18,240,140,59,18,217,140,217
1,Tomás Frías,1,Potosí,1494,Potosí,50,Esc. Kenny Prieto Melgarejo,5007071,19,240,128,70,14,212,128,212
1,Tomás Frías,1,Potosí,1494,Potosí,50,Esc. Kenny Prieto Melgarejo,5007081,20,240,123,75,15,213,123,213
1,Tomás Frías,1,Potosí,1494,Potosí,50,Esc. Kenny Prieto Melgarejo,5007091,21,240,140,62,9,211,140,211
1,Tomás Frías,1,Potosí,1494,Potosí,50,Esc. Kenny Prieto Melgarejo,5007101,22,240,129,71,12,212,129,212
1,Tomás Frías,1,Potosí,1494,Potosí,50,Esc. Kenny Prieto Melgarejo,5007111,23,115,68,29,7,104,68,104
1,Tomás Frías,1,Potosí,1494,Potosí,483,Mariscal Santa Cruz,5005001,1,240,118,80,8,206,118,206
1,Tomás Frías,1,Potosí,1494,Potosí,483,Mariscal Santa Cruz,5005011,2,240,106,88,20,214,106,214
1,Tomás Frías,1,Potosí,1494,Potosí,483,Mariscal Santa Cruz,5005021,3,240,130,78,11,219,130,219
1,Tomás Frías,1,Potosí,1494,Potosí,483,Mariscal Santa Cruz,5005031,4,240,108,98,13,219,108,219
1,Tomás Frías,1,Potosí,1494,Potosí,483,Mariscal Santa Cruz,5005041,5,240,132,74,10,216,132,216
1,Tomás Frías,1,Potosí,1494,Potosí,483,Mariscal Santa Cruz,5005051,6,240,106,86,19,211,106,211
1,Tomás Frías,1,Potosí,1494,Potosí,483,Mariscal Santa Cruz,5005061,7,240,120,78,23,221,120,221
1,Tomás Frías,1,Potosí,1494,Potosí,483,Mariscal Santa Cruz,5005071,8,240,126,70,6,202,126,202
1,Tomás Frías,1,Potosí,1494,Potosí,483,Mariscal Santa Cruz,5005081,9,240,120,60,19,199,120,199
1,Tomás Frías,1,Potosí,1494,Potosí,483,Mariscal Santa Cruz,5005091,10,240,119,67,14,200,119,200
1,Tomás Frías,1,Potosí,1494,Potosí,483,Mariscal Santa Cruz,5005101,11,240,114,80,17,211,114,211
1,Tomás Frías,1,Potosí,1494,Potosí,484,U. E. Juan Pablo II,5006221,1,240,114,93,15,222,114,222
1,Tomás Frías,1,Potosí,1494,Potosí,484,U. E. Juan Pablo II,5006231,2,240,120,74,13,207,120,207
1,Tomás Frías,1,Potosí,1494,Potosí,484,U. E. Juan Pablo II,5006241,3,240,124,81,17,222,124,222
1,Tomás Frías,1,Potosí,1494,Potosí,484,U. E. Juan Pablo II,5006251,4,240,117,101,5,223,117,223
1,Tomás Frías,1,Potosí,1494,Potosí,484,U. E. Juan Pablo II,5006261,5,240,124,76,10,210,124,210
1,Tomás Frías,1,Potosí,1494,Potosí,484,U. E. Juan Pablo II,5006271,6,240,118,88,6,212,118,212
1,Tomás Frías,1,Potosí,1494,Potosí,484,U. E. Juan Pablo II,5006281,7,240,123,63,31,217,123,217
1,Tomás Frías,1,Potosí,1494,Potosí,484,U. E. Juan Pablo II,5006291,8,240,118,78,16,212,118,212
1,Tomás Frías,1,Potosí,1494,Potosí,484,U. E. Juan Pablo II,5006301,9,240,99,95,7,201,99,201
1,Tomás Frías,1,Potosí,1494,Potosí,484,U. E. Juan Pablo II,5006311,10,240,118,101,5,224,118,224
1,Tomás Frías,1,Potosí,1494,Potosí,484,U. E. Juan Pablo II,5006321,11,240,116,95,8,219,116,219
1,Tomás Frías,1,Potosí,1494,Potosí,484,U. E. Juan Pablo II,5006331,12,240,115,102,9,226,115,226
1,Tomás Frías,1,Potosí,1494,Potosí,484,U. E. Juan Pablo II,5006341,13,240,123,76,16,215,123,215
1,Tomás Frías,1,Potosí,1494,Potosí,484,U. E. Juan Pablo II,5006351,14,240,120,81,7,208,120,208
1,Tomás Frías,1,Potosí,1494,Potosí,484,U. E. Juan Pablo II,5006361,15,240,118,78,10,206,118,206
1,Tomás Frías,1,Potosí,1494,Potosí,484,U. E. Juan Pablo II,5006371,16,240,112,74,24,210,112,210
1,Tomás Frías,1,Potosí,1494,Potosí,484,U. E. Juan Pablo II,5006381,17,240,105,92,9,206,105,206
1,Tomás Frías,1,Potosí,1494,Potosí,484,U. E. Juan Pablo II,5006391,18,240,123,78,12,213,123,213
1,Tomás Frías,1,Potosí,1494,Potosí,484,U. E. Juan Pablo II,5006401,19,240,115,90,15,220,115,220
1,Tomás Frías,1,Potosí,1494,Potosí,484,U. E. Juan Pablo II,5006411,20,240,114,95,11,220,114,220
1,Tomás Frías,1,Potosí,1494,Potosí,484,U. E. Juan Pablo II,5006421,21,240,110,85,6,201,110,201
1,Tomás Frías,1,Potosí,1494,Potosí,484,U. E. Juan Pablo II,5006431,22,243,95,94,18,207,95,207
1,Tomás Frías,1,Potosí,1494,Potosí,571,Col. Divino Maestro,5005611,1,240,117,75,24,216,117,216
1,Tomás Frías,1,Potosí,1494,Potosí,571,Col. Divino Maestro,5005621,2,240,124,75,19,218,124,218
1,Tomás Frías,1,Potosí,1494,Potosí,571,Col. Divino Maestro,5005631,3,240,143,69,8,220,143,220
1,Tomás Frías,1,Potosí,1494,Potosí,571,Col. Divino Maestro,5005641,4,240,109,103,11,223,109,223
1,Tomás Frías,1,Potosí,1494,Potosí,571,Col. Divino Maestro,5005651,5,240,133,77,7,217,133,217
1,Tomás Frías,1,Potosí,1494,Potosí,571,Col. Divino Maestro,5005661,6,240,139,72,13,224,139,224
1,Tomás Frías,1,Potosí,1494,Potosí,571,Col. Divino Maestro,5005671,7,240,129,75,11,215,129,215
1,Tomás Frías,1,Potosí,1494,Potosí,571,Col. Divino Maestro,5005681,8,240,149,62,10,221,149,221
1,Tomás Frías,1,Potosí,1494,Potosí,571,Col. Divino Maestro,5005691,9,254,148,71,9,228,148,228
1,Tomás Frías,1,Potosí,1494,Potosí,572,Esc. Salvador Revilla,5002871,1,240,160,46,15,221,160,221
1,Tomás Frías,1,Potosí,1494,Potosí,572,Esc. Salvador Revilla,5002881,2,240,147,63,13,223,147,223
1,Tomás Frías,1,Potosí,1494,Potosí,572,Esc. Salvador Revilla,5002891,3,240,115,81,19,215,115,215
1,Tomás Frías,1,Potosí,1494,Potosí,572,Esc. Salvador Revilla,5002901,4,240,115,86,24,225,115,225
1,Tomás Frías,1,Potosí,1494,Potosí,572,Esc. Salvador Revilla,5002911,5,111,69,18,9,96,69,96
1,Tomás Frías,1,Potosí,1494,Potosí,573,U.E. Antonio José De Sucre,5001691,1,240,83,121,12,216,83,216
1,Tomás Frías,1,Potosí,1494,Potosí,573,U.E. Antonio José De Sucre,5001701,2,240,98,106,14,218,98,218
1,Tomás Frías,1,Potosí,1494,Potosí,573,U.E. Antonio José De Sucre,5001711,3,240,90,117,9,216,90,216
1,Tomás Frías,1,Potosí,1494,Potosí,573,U.E. Antonio José De Sucre,5001721,4,240,99,107,17,223,99,223
1,Tomás Frías,1,Potosí,1494,Potosí,573,U.E. Antonio José De Sucre,5001731,5,240,110,101,10,221,110,221
1,Tomás Frías,1,Potosí,1494,Potosí,573,U.E. Antonio José De Sucre,5001741,6,240,98,117,7,222,98,222
1,Tomás Frías,1,Potosí,1494,Potosí,573,U.E. Antonio José De Sucre,5001751,7,240,92,120,6,218,92,218
1,Tomás Frías,1,Potosí,1494,Potosí,573,U.E. Antonio José De Sucre,5001761,8,240,135,68,20,223,135,223
1,Tomás Frías,1,Potosí,1494,Potosí,573,U.E. Antonio José De Sucre,5001771,9,240,84,117,17,218,84,218
1,Tomás Frías,1,Potosí,1494,Potosí,573,U.E. Antonio José De Sucre,5001781,10,240,107,104,8,219,107,219
1,Tomás Frías,1,Potosí,1494,Potosí,573,U.E. Antonio José De Sucre,5001791,11,84,28,44,5,77,28,77
1,Tomás Frías,1,Potosí,1494,Potosí,588,U. E. Villa Colón,5000941,1,240,104,94,19,217,104,217
1,Tomás Frías,1,Potosí,1494,Potosí,588,U. E. Villa Colón,5000951,2,240,105,98,8,211,105,211
1,Tomás Frías,1,Potosí,1494,Potosí,588,U. E. Villa Colón,5000961,3,240,104,99,14,217,104,217
1,Tomás Frías,1,Potosí,1494,Potosí,588,U. E. Villa Colón,5000971,4,240,91,104,19,214,91,214
1,Tomás Frías,1,Potosí,1494,Potosí,588,U. E. Villa Colón,5000981,5,240,100,106,15,221,100,221
1,Tomás Frías,1,Potosí,1494,Potosí,588,U. E. Villa Colón,5000991,6,240,97,115,13,225,97,225
1,Tomás Frías,1,Potosí,1494,Potosí,588,U. E. Villa Colón,5001001,7,240,96,98,14,208,96,208
1,Tomás Frías,1,Potosí,1494,Potosí,588,U. E. Villa Colón,5001011,8,240,117,87,8,212,117,212
1,Tomás Frías,1,Potosí,1494,Potosí,588,U. E. Villa Colón,5001021,9,240,110,93,9,212,110,212
1,Tomás Frías,1,Potosí,1494,Potosí,588,U. E. Villa Colón,5001031,10,240,105,88,25,218,105,218
1,Tomás Frías,1,Potosí,1494,Potosí,588,U. E. Villa Colón,5001041,11,240,121,80,12,213,121,213
1,Tomás Frías,1,Potosí,1494,Potosí,588,U. E. Villa Colón,5001051,12,240,107,85,8,200,107,200
1,Tomás Frías,1,Potosí,1494,Potosí,588,U. E. Villa Colón,5001061,13,240,107,96,11,214,107,214
1,Tomás Frías,1,Potosí,1494,Potosí,588,U. E. Villa Colón,5001071,14,240,101,92,18,211,101,211
1,Tomás Frías,1,Potosí,1494,Potosí,588,U. E. Villa Colón,5001081,15,240,101,97,9,207,101,207
1,Tomás Frías,1,Potosí,1494,Potosí,588,U. E. Villa Colón,5001091,16,76,34,20,12,66,34,66
1,Tomás Frías,1,Potosí,1494,Potosí,589,Instituto San Juan,5004531,1,240,121,87,14,222,121,222
1,Tomás Frías,1,Potosí,1494,Potosí,589,Instituto San Juan,5004541,2,240,144,66,10,220,144,220
1,Tomás Frías,1,Potosí,1494,Potosí,589,Instituto San Juan,5004551,3,240,147,61,14,222,147,222
1,Tomás Frías,1,Potosí,1494,Potosí,589,Instituto San Juan,5004561,4,224,121,72,13,206,121,206
1,Tomás Frías,1,Potosí,1494,Potosí,25027,Escuela José Alonso De Ibáñez,5002921,1,240,156,54,15,225,156,225
1,Tomás Frías,1,Potosí,1494,Potosí,25027,Escuela José Alonso De Ibáñez,5002931,2,240,148,68,12,228,148,228
1,Tomás Frías,1,Potosí,1494,Potosí,25027,Escuela José Alonso De Ibáñez,5002941,3,240,125,69,27,221,125,221
1,Tomás Frías,1,Potosí,1494,Potosí,25027,Escuela José Alonso De Ibáñez,5002951,4,240,140,64,15,219,140,219
1,Tomás Frías,1,Potosí,1494,Potosí,25027,Escuela José Alonso De Ibáñez,5002961,5,227,133,67,11,211,133,211
1,Tomás Frías,1,Potosí,1494,Potosí,25028,Instituto I.T.E.C. Fe y Alegría,5005491,1,240,136,66,10,212,136,212
1,Tomás Frías,1,Potosí,1494,Potosí,25028,Instituto I.T.E.C. Fe y Alegría,5005501,2,240,136,76,5,217,136,217
1,Tomás Frías,1,Potosí,1494,Potosí,25028,Instituto I.T.E.C. Fe y Alegría,5005511,3,240,113,73,21,207,113,207
1,Tomás Frías,1,Potosí,1494,Potosí,25028,Instituto I.T.E.C. Fe y Alegría,5005521,4,27,17,9,1,27,17,27
1,Tomás Frías,1,Potosí,1494,Potosí,25031,Esc. Cobija,5004811,1,240,119,79,15,213,119,213
1,Tomás Frías,1,Potosí,1494,Potosí,25031,Esc. Cobija,5004821,2,240,132,81,11,224,132,224
1,Tomás Frías,1,Potosí,1494,Potosí,25031,Esc. Cobija,5004831,3,240,134,75,13,222,134,222
1,Tomás Frías,1,Potosí,1494,Potosí,25031,Esc. Cobija,5004841,4,240,118,77,23,218,118,218
1,Tomás Frías,1,Potosí,1494,Potosí,25031,Esc. Cobija,5004851,5,240,123,88,8,219,123,219
1,Tomás Frías,1,Potosí,1494,Potosí,25031,Esc. Cobija,5004861,6,240,134,66,18,218,134,218
1,Tomás Frías,1,Potosí,1494,Potosí,25031,Esc. Cobija,5004871,7,240,116,88,14,218,116,218
1,Tomás Frías,1,Potosí,1494,Potosí,25031,Esc. Cobija,5004881,8,240,120,84,17,221,120,221
1,Tomás Frías,1,Potosí,1494,Potosí,25031,Esc. Cobija,5004891,9,240,131,81,11,223,131,223
1,Tomás Frías,1,Potosí,1494,Potosí,25031,Esc. Cobija,5004901,10,240,126,88,12,226,126,226
1,Tomás Frías,1,Potosí,1494,Potosí,25031,Esc. Cobija,5004911,11,240,128,76,8,212,128,212
1,Tomás Frías,1,Potosí,1494,Potosí,25031,Esc. Cobija,5004921,12,240,124,87,9,220,124,220
1,Tomás Frías,1,Potosí,1494,Potosí,25031,Esc. Cobija,5004931,13,240,112,94,12,218,112,218
1,Tomás Frías,1,Potosí,1494,Potosí,25031,Esc. Cobija,5004941,14,240,113,89,15,217,113,217
1,Tomás Frías,1,Potosí,1494,Potosí,25031,Esc. Cobija,5004951,15,90,55,29,3,87,55,87
1,Tomás Frías,1,Potosí,1494,Potosí,25033,Esc. Boliviano Alemán,5005991,1,240,144,63,9,216,144,216
1,Tomás Frías,1,Potosí,1494,Potosí,25033,Esc. Boliviano Alemán,5006001,2,240,120,87,9,216,120,216
1,Tomás Frías,1,Potosí,1494,Potosí,25033,Esc. Boliviano Alemán,5006011,3,240,114,79,22,215,114,215
1,Tomás Frías,1,Potosí,1494,Potosí,25033,Esc. Boliviano Alemán,5006021,4,240,101,103,11,215,101,215
1,Tomás Frías,1,Potosí,1494,Potosí,25033,Esc. Boliviano Alemán,5006031,5,240,112,94,8,214,112,214
1,Tomás Frías,1,Potosí,1494,Potosí,25033,Esc. Boliviano Alemán,5006041,6,240,127,85,8,220,127,220
1,Tomás Frías,1,Potosí,1494,Potosí,25033,Esc. Boliviano Alemán,5006051,7,240,118,89,7,214,118,214
1,Tomás Frías,1,Potosí,1494,Potosí,25033,Esc. Boliviano Alemán,5006061,8,30,16,10,0,26,16,26
1,Tomás Frías,1,Potosí,1494,Potosí,25036,(Cárcel) Penal de Cantumarca,5007351,1,240,66,114,10,190,66,190
1,Tomás Frías,1,Potosí,1494,Potosí,25036,(Cárcel) Penal de Cantumarca,5007361,2,222,65,99,13,177,65,177
1,Tomás Frías,1,Potosí,1494,Potosí,25037,Esc. Jose Maria Linares,5000821,1,240,139,60,8,207,139,207
1,Tomás Frías,1,Potosí,1494,Potosí,25037,Esc. Jose Maria Linares,5000831,2,240,120,69,18,207,120,207
1,Tomás Frías,1,Potosí,1494,Potosí,25037,Esc. Jose Maria Linares,5000841,3,240,127,64,21,212,127,212
1,Tomás Frías,1,Potosí,1494,Potosí,25037,Esc. Jose Maria Linares,5000851,4,240,129,69,19,217,129,217
1,Tomás Frías,1,Potosí,1494,Potosí,25037,Esc. Jose Maria Linares,5000861,5,240,123,80,14,217,123,217
1,Tomás Frías,1,Potosí,1494,Potosí,25037,Esc. Jose Maria Linares,5000871,6,240,140,64,15,219,140,219
1,Tomás Frías,1,Potosí,1494,Potosí,25037,Esc. Jose Maria Linares,5000881,7,240,117,95,14,226,117,226
1,Tomás Frías,1,Potosí,1494,Potosí,25037,Esc. Jose Maria Linares,5000891,8,240,151,50,26,227,151,227
1,Tomás Frías,1,Potosí,1494,Potosí,25037,Esc. Jose Maria Linares,5000901,9,240,126,83,8,217,126,217
1,Tomás Frías,1,Potosí,1494,Potosí,25037,Esc. Jose Maria Linares,5000911,10,240,131,77,13,221,131,221
1,Tomás Frías,1,Potosí,1494,Potosí,25037,Esc. Jose Maria Linares,5000921,11,240,136,70,17,223,136,223
1,Tomás Frías,1,Potosí,1494,Potosí,25037,Esc. Jose Maria Linares,5000931,12,108,56,33,8,97,56,97
1,Tomás Frías,1,Potosí,1494,Potosí,25039,Col. Aniceto Arce,5003851,1,240,136,70,10,216,136,216
1,Tomás Frías,1,Potosí,1494,Potosí,25039,Col. Aniceto Arce,5003861,2,240,130,71,16,217,130,217
1,Tomás Frías,1,Potosí,1494,Potosí,25039,Col. Aniceto Arce,5003871,3,240,133,62,14,209,133,209
1,Tomás Frías,1,Potosí,1494,Potosí,25039,Col. Aniceto Arce,5003881,4,120,55,46,6,107,55,107
1,Tomás Frías,1,Potosí,1494,Potosí,25040,Unidad Educativa Mejillones,5000271,1,240,81,118,21,220,81,220
1,Tomás Frías,1,Potosí,1494,Potosí,25040,Unidad Educativa Mejillones,5000281,2,240,111,95,9,215,111,215
1,Tomás Frías,1,Potosí,1494,Potosí,25040,Unidad Educativa Mejillones,5000291,3,240,113,92,10,215,113,215
1,Tomás Frías,1,Potosí,1494,Potosí,25040,Unidad Educativa Mejillones,5000301,4,240,105,95,10,210,105,210
1,Tomás Frías,1,Potosí,1494,Potosí,25040,Unidad Educativa Mejillones,5000311,5,240,92,110,14,216,92,216
1,Tomás Frías,1,Potosí,1494,Potosí,25040,Unidad Educativa Mejillones,5000321,6,240,101,87,15,203,101,203
1,Tomás Frías,1,Potosí,1494,Potosí,25040,Unidad Educativa Mejillones,5000331,7,240,118,89,12,219,118,219
1,Tomás Frías,1,Potosí,1494,Potosí,25040,Unidad Educativa Mejillones,5000341,8,240,111,101,2,214,111,214
1,Tomás Frías,1,Potosí,1494,Potosí,25040,Unidad Educativa Mejillones,5000351,9,240,109,98,10,217,109,217
1,Tomás Frías,1,Potosí,1494,Potosí,25040,Unidad Educativa Mejillones,5000361,10,240,121,82,10,213,121,213
1,Tomás Frías,1,Potosí,1494,Potosí,25040,Unidad Educativa Mejillones,5000371,11,240,116,85,21,222,116,222
1,Tomás Frías,1,Potosí,1494,Potosí,25040,Unidad Educativa Mejillones,5000381,12,240,95,111,5,211,95,211
1,Tomás Frías,1,Potosí,1494,Potosí,25040,Unidad Educativa Mejillones,5000391,13,240,100,109,10,219,100,219
1,Tomás Frías,1,Potosí,1494,Potosí,25040,Unidad Educativa Mejillones,5000401,14,240,98,114,12,224,98,224
1,Tomás Frías,1,Potosí,1494,Potosí,25040,Unidad Educativa Mejillones,5000411,15,240,96,107,7,210,96,210
1,Tomás Frías,1,Potosí,1494,Potosí,25040,Unidad Educativa Mejillones,5000421,16,240,117,92,11,220,117,220
1,Tomás Frías,1,Potosí,1494,Potosí,25040,Unidad Educativa Mejillones,5000431,17,240,119,74,9,202,119,202
1,Tomás Frías,1,Potosí,1494,Potosí,25040,Unidad Educativa Mejillones,5000441,18,240,116,85,4,205,116,205
1,Tomás Frías,1,Potosí,1494,Potosí,25040,Unidad Educativa Mejillones,5000451,19,62,25,13,3,41,25,41
1,Tomás Frías,1,Potosí,1494,Potosí,25041,Esc. 12 de Abril,5004141,1,240,131,77,10,218,131,218
1,Tomás Frías,1,Potosí,1494,Potosí,25041,Esc. 12 de Abril,5004151,2,240,116,96,8,220,116,220
1,Tomás Frías,1,Potosí,1494,Potosí,25041,Esc. 12 de Abril,5004161,3,240,119,92,12,223,119,223
1,Tomás Frías,1,Potosí,1494,Potosí,25041,Esc. 12 de Abril,5004171,4,240,120,84,11,215,120,215
1,Tomás Frías,1,Potosí,1494,Potosí,25041,Esc. 12 de Abril,5004181,5,240,127,86,13,226,127,226
1,Tomás Frías,1,Potosí,1494,Potosí,25041,Esc. 12 de Abril,5004191,6,240,103,87,24,214,103,214
1,Tomás Frías,1,Potosí,1494,Potosí,25041,Esc. 12 de Abril,5004201,7,224,114,76,14,204,114,204
1,Tomás Frías,1,Potosí,1494,Potosí,25042,Esc. Jesus de Nazaret,5006481,1,240,147,55,15,217,147,217
1,Tomás Frías,1,Potosí,1494,Potosí,25042,Esc. Jesus de Nazaret,5006491,2,240,123,72,8,203,123,203
1,Tomás Frías,1,Potosí,1494,Potosí,25042,Esc. Jesus de Nazaret,5006501,3,240,112,88,12,212,112,212
1,Tomás Frías,1,Potosí,1494,Potosí,25042,Esc. Jesus de Nazaret,5006511,4,240,127,79,4,210,127,210
1,Tomás Frías,1,Potosí,1494,Potosí,25042,Esc. Jesus de Nazaret,5006521,5,240,99,99,16,214,99,214
1,Tomás Frías,1,Potosí,1494,Potosí,25042,Esc. Jesus de Nazaret,5006531,6,240,114,92,8,214,114,214
1,Tomás Frías,1,Potosí,1494,Potosí,25042,Esc. Jesus de Nazaret,5006541,7,240,111,90,14,215,111,215
1,Tomás Frías,1,Potosí,1494,Potosí,25042,Esc. Jesus de Nazaret,5006551,8,240,104,101,6,211,104,211
1,Tomás Frías,1,Potosí,1494,Potosí,25042,Esc. Jesus de Nazaret,5006561,9,240,95,109,12,216,95,216
1,Tomás Frías,1,Potosí,1494,Potosí,25042,Esc. Jesus de Nazaret,5006571,10,240,109,97,15,221,109,221
1,Tomás Frías,1,Potosí,1494,Potosí,25042,Esc. Jesus de Nazaret,5006581,11,240,107,104,7,218,107,218
1,Tomás Frías,1,Potosí,1494,Potosí,25042,Esc. Jesus de Nazaret,5006591,12,240,107,104,11,222,107,222
1,Tomás Frías,1,Potosí,1494,Potosí,25042,Esc. Jesus de Nazaret,5006601,13,240,99,95,12,206,99,206
1,Tomás Frías,1,Potosí,1494,Potosí,25042,Esc. Jesus de Nazaret,5006611,14,240,95,104,9,208,95,208
1,Tomás Frías,1,Potosí,1494,Potosí,25042,Esc. Jesus de Nazaret,5006621,15,240,108,103,8,219,108,219
1,Tomás Frías,1,Potosí,1494,Potosí,25042,Esc. Jesus de Nazaret,5006631,16,240,123,84,8,215,123,215
1,Tomás Frías,1,Potosí,1494,Potosí,25042,Esc. Jesus de Nazaret,5006641,17,240,96,92,16,204,96,204
1,Tomás Frías,1,Potosí,1494,Potosí,25042,Esc. Jesus de Nazaret,5006651,18,75,38,29,3,70,38,70
1,Tomás Frías,1,Potosí,1494,Potosí,25044,U.E. Humberto Iporre Salinas,5006701,1,240,77,115,17,209,77,209
1,Tomás Frías,1,Potosí,1494,Potosí,25044,U.E. Humberto Iporre Salinas,5006711,2,240,81,130,8,219,81,219
1,Tomás Frías,1,Potosí,1494,Potosí,25044,U.E. Humberto Iporre Salinas,5006721,3,240,99,107,18,224,99,224
1,Tomás Frías,1,Potosí,1494,Potosí,25044,U.E. Humberto Iporre Salinas,5006731,4,240,77,133,4,214,77,214
1,Tomás Frías,1,Potosí,1494,Potosí,25044,U.E. Humberto Iporre Salinas,5006741,5,240,88,119,8,215,88,215
1,Tomás Frías,1,Potosí,1494,Potosí,25044,U.E. Humberto Iporre Salinas,5006751,6,240,95,110,13,218,95,218
1,Tomás Frías,1,Potosí,1494,Potosí,25044,U.E. Humberto Iporre Salinas,5006761,7,240,98,106,14,218,98,218
1,Tomás Frías,1,Potosí,1494,Potosí,25044,U.E. Humberto Iporre Salinas,5006771,8,240,87,121,13,221,87,221
1,Tomás Frías,1,Potosí,1494,Potosí,25044,U.E. Humberto Iporre Salinas,5006781,9,240,86,109,18,213,86,213
1,Tomás Frías,1,Potosí,1494,Potosí,25044,U.E. Humberto Iporre Salinas,5006791,10,240,76,128,10,214,76,214
1,Tomás Frías,1,Potosí,1494,Potosí,25044,U.E. Humberto Iporre Salinas,5006801,11,240,99,107,12,218,99,218
1,Tomás Frías,1,Potosí,1494,Potosí,25044,U.E. Humberto Iporre Salinas,5006811,12,240,89,108,18,215,89,215
1,Tomás Frías,1,Potosí,1494,Potosí,25044,U.E. Humberto Iporre Salinas,5006821,13,240,75,127,10,212,75,212
1,Tomás Frías,1,Potosí,1494,Potosí,25044,U.E. Humberto Iporre Salinas,5006831,14,240,104,102,13,219,104,219
1,Tomás Frías,1,Potosí,1494,Potosí,25044,U.E. Humberto Iporre Salinas,5006841,15,240,99,102,11,212,99,212
1,Tomás Frías,1,Potosí,1494,Potosí,25044,U.E. Humberto Iporre Salinas,5006851,16,240,98,107,15,220,98,220
1,Tomás Frías,1,Potosí,1494,Potosí,25044,U.E. Humberto Iporre Salinas,5006861,17,139,60,64,3,127,60,127
1,Tomás Frías,1,Potosí,1494,Potosí,25046,Unidad Educativa Santa Rosa,5003421,1,240,142,61,17,220,142,220
1,Tomás Frías,1,Potosí,1494,Potosí,25046,Unidad Educativa Santa Rosa,5003431,2,240,147,55,9,211,147,211
1,Tomás Frías,1,Potosí,1494,Potosí,25046,Unidad Educativa Santa Rosa,5003441,3,240,131,65,23,219,131,219
1,Tomás Frías,1,Potosí,1494,Potosí,25046,Unidad Educativa Santa Rosa,5003451,4,240,131,70,19,220,131,220
1,Tomás Frías,1,Potosí,1494,Potosí,25046,Unidad Educativa Santa Rosa,5003461,5,240,130,72,16,218,130,218
1,Tomás Frías,1,Potosí,1494,Potosí,25046,Unidad Educativa Santa Rosa,5003471,6,240,129,68,21,218,129,218
1,Tomás Frías,1,Potosí,1494,Potosí,25046,Unidad Educativa Santa Rosa,5003481,7,240,123,56,34,213,123,213
1,Tomás Frías,1,Potosí,1494,Potosí,25046,Unidad Educativa Santa Rosa,5003491,8,24,10,7,2,19,10,19
1,Tomás Frías,1,Potosí,1494,Potosí,25047,U.E. Dr. Gonzalo Calderon Rios,5000531,1,240,105,95,12,212,105,212
1,Tomás Frías,1,Potosí,1494,Potosí,25047,U.E. Dr. Gonzalo Calderon Rios,5000541,2,240,85,116,9,210,85,210
1,Tomás Frías,1,Potosí,1494,Potosí,25047,U.E. Dr. Gonzalo Calderon Rios,5000551,3,240,100,99,7,206,100,206
1,Tomás Frías,1,Potosí,1494,Potosí,25047,U.E. Dr. Gonzalo Calderon Rios,5000561,4,240,105,102,16,223,105,223
1,Tomás Frías,1,Potosí,1494,Potosí,25047,U.E. Dr. Gonzalo Calderon Rios,5000571,5,240,80,127,9,216,80,216
1,Tomás Frías,1,Potosí,1494,Potosí,25047,U.E. Dr. Gonzalo Calderon Rios,5000581,6,240,100,97,15,212,100,212
1,Tomás Frías,1,Potosí,1494,Potosí,25047,U.E. Dr. Gonzalo Calderon Rios,5000591,7,240,94,107,15,216,94,216
1,Tomás Frías,1,Potosí,1494,Potosí,25047,U.E. Dr. Gonzalo Calderon Rios,5000601,8,240,99,100,19,218,99,218
1,Tomás Frías,1,Potosí,1494,Potosí,25047,U.E. Dr. Gonzalo Calderon Rios,5000611,9,240,92,110,12,214,92,214
1,Tomás Frías,1,Potosí,1494,Potosí,25047,U.E. Dr. Gonzalo Calderon Rios,5000621,10,240,88,117,5,210,88,210
1,Tomás Frías,1,Potosí,1494,Potosí,25047,U.E. Dr. Gonzalo Calderon Rios,5000631,11,235,85,108,15,208,85,208
1,Tomás Frías,1,Potosí,1494,Potosí,25048,U.E. Don Bosco B,5004311,1,240,126,77,12,215,126,215
1,Tomás Frías,1,Potosí,1494,Potosí,25048,U.E. Don Bosco B,5004321,2,240,120,88,7,215,120,215
1,Tomás Frías,1,Potosí,1494,Potosí,25048,U.E. Don Bosco B,5004331,3,240,111,88,6,205,111,205
1,Tomás Frías,1,Potosí,1494,Potosí,25048,U.E. Don Bosco B,5004341,4,240,145,65,7,217,145,217
1,Tomás Frías,1,Potosí,1494,Potosí,25048,U.E. Don Bosco B,5004351,5,240,132,75,8,215,132,215
1,Tomás Frías,1,Potosí,1494,Potosí,25048,U.E. Don Bosco B,5004361,6,240,123,80,6,209,123,209
1,Tomás Frías,1,Potosí,1494,Potosí,25048,U.E. Don Bosco B,5004371,7,240,126,74,9,209,126,209
1,Tomás Frías,1,Potosí,1494,Potosí,25048,U.E. Don Bosco B,5004381,8,240,106,102,12,220,106,220
1,Tomás Frías,1,Potosí,1494,Potosí,25048,U.E. Don Bosco B,5004391,9,240,114,86,14,214,114,214
1,Tomás Frías,1,Potosí,1494,Potosí,25048,U.E. Don Bosco B,5004401,10,245,142,63,19,224,142,224
1,Tomás Frías,1,Potosí,1494,Potosí,25050,U.E. Cecilio Guzman Rojas,5005111,1,240,133,72,10,215,133,215
1,Tomás Frías,1,Potosí,1494,Potosí,25050,U.E. Cecilio Guzman Rojas,5005121,2,240,122,73,11,206,122,206
1,Tomás Frías,1,Potosí,1494,Potosí,25050,U.E. Cecilio Guzman Rojas,5005131,3,240,127,81,6,214,127,214
1,Tomás Frías,1,Potosí,1494,Potosí,25050,U.E. Cecilio Guzman Rojas,5005141,4,240,124,75,7,206,124,206
1,Tomás Frías,1,Potosí,1494,Potosí,25050,U.E. Cecilio Guzman Rojas,5005151,5,240,124,72,8,204,124,204
1,Tomás Frías,1,Potosí,1494,Potosí,25050,U.E. Cecilio Guzman Rojas,5005161,6,240,118,81,12,211,118,211
1,Tomás Frías,1,Potosí,1494,Potosí,25050,U.E. Cecilio Guzman Rojas,5005171,7,144,68,52,9,129,68,129
1,Tomás Frías,1,Potosí,1494,Potosí,25052,U.E. 1ro. de Mayo San Idelfonso,5000811,1,144,61,62,3,126,61,126
1,Tomás Frías,1,Potosí,1494,Potosí,25504,U.E. Elizardo Perez,5005531,1,240,122,69,23,214,122,214
1,Tomás Frías,1,Potosí,1494,Potosí,25504,U.E. Elizardo Perez,5005541,2,240,131,75,6,212,131,212
1,Tomás Frías,1,Potosí,1494,Potosí,25504,U.E. Elizardo Perez,5005551,3,240,133,64,10,207,133,207
1,Tomás Frías,1,Potosí,1494,Potosí,25504,U.E. Elizardo Perez,5005561,4,240,118,81,17,216,118,216
1,Tomás Frías,1,Potosí,1494,Potosí,25504,U.E. Elizardo Perez,5005571,5,240,128,66,12,206,128,206
1,Tomás Frías,1,Potosí,1494,Potosí,25504,U.E. Elizardo Perez,5005581,6,240,132,75,10,217,132,217
1,Tomás Frías,1,Potosí,1494,Potosí,25504,U.E. Elizardo Perez,5005591,7,240,145,63,16,224,145,224
1,Tomás Frías,1,Potosí,1494,Potosí,25504,U.E. Elizardo Perez,5005601,8,20,14,3,3,20,14,20
1,Tomás Frías,1,Potosí,1494,Potosí,25505,U.E. Jesus Valle,5006871,1,240,113,79,12,204,113,204
1,Tomás Frías,1,Potosí,1494,Potosí,25505,U.E. Jesus Valle,5006881,2,105,36,44,6,86,36,86
1,Tomás Frías,1,Potosí,1494,Potosí,25638,U.E. María Gutiérrez,5002061,1,240,108,84,11,203,108,203
1,Tomás Frías,1,Potosí,1494,Potosí,25638,U.E. María Gutiérrez,5002071,2,240,109,76,13,198,109,198
1,Tomás Frías,1,Potosí,1494,Potosí,25638,U.E. María Gutiérrez,5002081,3,240,102,82,21,205,102,205
1,Tomás Frías,1,Potosí,1494,Potosí,25638,U.E. María Gutiérrez,5002091,4,240,93,82,17,192,93,192
1,Tomás Frías,1,Potosí,1494,Potosí,25638,U.E. María Gutiérrez,5002101,5,240,96,103,9,208,96,208
1,Tomás Frías,1,Potosí,1494,Potosí,25638,U.E. María Gutiérrez,5002111,6,240,103,98,14,215,103,215
1,Tomás Frías,1,Potosí,1494,Potosí,25638,U.E. María Gutiérrez,5002121,7,240,88,94,12,194,88,194
1,Tomás Frías,1,Potosí,1494,Potosí,25638,U.E. María Gutiérrez,5002131,8,240,112,86,7,205,112,205
1,Tomás Frías,1,Potosí,1494,Potosí,25638,U.E. María Gutiérrez,5002141,9,240,120,74,8,202,120,202
1,Tomás Frías,1,Potosí,1494,Potosí,25638,U.E. María Gutiérrez,5002151,10,240,108,91,9,208,108,208
1,Tomás Frías,1,Potosí,1494,Potosí,25638,U.E. María Gutiérrez,5002161,11,240,104,91,15,210,104,210
1,Tomás Frías,1,Potosí,1494,Potosí,25638,U.E. María Gutiérrez,5002171,12,240,133,71,9,213,133,213
1,Tomás Frías,1,Potosí,1494,Potosí,25638,U.E. María Gutiérrez,5002181,13,240,117,86,12,215,117,215
1,Tomás Frías,1,Potosí,1494,Potosí,25638,U.E. María Gutiérrez,5002191,14,157,68,49,14,131,68,131
1,Tomás Frías,1,Potosí,1494,Potosí,31101,U.E. San Roque (Inicial),5002671,1,240,116,90,9,215,116,215
1,Tomás Frías,1,Potosí,1494,Potosí,31101,U.E. San Roque (Inicial),5002681,2,240,119,79,12,210,119,210
1,Tomás Frías,1,Potosí,1494,Potosí,31101,U.E. San Roque (Inicial),5002691,3,240,120,82,11,213,120,213
1,Tomás Frías,1,Potosí,1494,Potosí,31101,U.E. San Roque (Inicial),5002701,4,21,15,3,0,18,15,18
1,Tomás Frías,1,Potosí,1494,Potosí,31102,U. E. Tomás Frías,5002971,1,240,131,66,12,209,131,209
1,Tomás Frías,1,Potosí,1494,Potosí,31102,U. E. Tomás Frías,5002981,2,240,112,100,8,220,112,220
1,Tomás Frías,1,Potosí,1494,Potosí,31102,U. E. Tomás Frías,5002991,3,240,122,79,16,217,122,217
1,Tomás Frías,1,Potosí,1494,Potosí,31102,U. E. Tomás Frías,5003001,4,240,120,81,13,214,120,214
1,Tomás Frías,1,Potosí,1494,Potosí,31102,U. E. Tomás Frías,5003011,5,240,122,77,15,214,122,214
1,Tomás Frías,1,Potosí,1494,Potosí,31102,U. E. Tomás Frías,5003021,6,159,77,57,10,144,77,144
1,Tomás Frías,1,Potosí,1494,Potosí,31103,U. E. Elizardo Pérez de Villa Victoria,5000641,1,240,90,110,14,214,90,214
1,Tomás Frías,1,Potosí,1494,Potosí,31103,U. E. Elizardo Pérez de Villa Victoria,5000651,2,240,91,113,7,211,91,211
1,Tomás Frías,1,Potosí,1494,Potosí,31103,U. E. Elizardo Pérez de Villa Victoria,5000661,3,240,96,103,14,213,96,213
1,Tomás Frías,1,Potosí,1494,Potosí,31103,U. E. Elizardo Pérez de Villa Victoria,5000671,4,240,85,112,12,209,85,209
1,Tomás Frías,1,Potosí,1494,Potosí,31103,U. E. Elizardo Pérez de Villa Victoria,5000681,5,240,96,109,7,212,96,212
1,Tomás Frías,1,Potosí,1494,Potosí,31103,U. E. Elizardo Pérez de Villa Victoria,5000691,6,240,96,122,6,224,96,224
1,Tomás Frías,1,Potosí,1494,Potosí,31103,U. E. Elizardo Pérez de Villa Victoria,5000701,7,240,89,120,13,222,89,222
1,Tomás Frías,1,Potosí,1494,Potosí,31103,U. E. Elizardo Pérez de Villa Victoria,5000711,8,240,73,135,11,219,73,219
1,Tomás Frías,1,Potosí,1494,Potosí,31103,U. E. Elizardo Pérez de Villa Victoria,5000721,9,240,94,112,12,218,94,218
1,Tomás Frías,1,Potosí,1494,Potosí,31103,U. E. Elizardo Pérez de Villa Victoria,5000731,10,240,76,138,5,219,76,219
1,Tomás Frías,1,Potosí,1494,Potosí,31103,U. E. Elizardo Pérez de Villa Victoria,5000741,11,240,108,93,8,209,108,209
1,Tomás Frías,1,Potosí,1494,Potosí,31103,U. E. Elizardo Pérez de Villa Victoria,5000751,12,240,91,120,9,220,91,220
1,Tomás Frías,1,Potosí,1494,Potosí,31103,U. E. Elizardo Pérez de Villa Victoria,5000761,13,240,90,124,10,224,90,224
1,Tomás Frías,1,Potosí,1494,Potosí,31103,U. E. Elizardo Pérez de Villa Victoria,5000771,14,240,93,107,9,209,93,209
1,Tomás Frías,1,Potosí,1494,Potosí,31103,U. E. Elizardo Pérez de Villa Victoria,5000781,15,240,88,114,11,213,88,213
1,Tomás Frías,1,Potosí,1494,Potosí,31103,U. E. Elizardo Pérez de Villa Victoria,5000791,16,240,96,105,17,218,96,218
1,Tomás Frías,1,Potosí,1494,Potosí,31103,U. E. Elizardo Pérez de Villa Victoria,5000801,17,171,61,86,7,154,61,154
1,Tomás Frías,1,Potosí,1494,Potosí,31104,U. E. Ismael Montes  B,5000461,1,240,114,92,7,213,114,213
1,Tomás Frías,1,Potosí,1494,Potosí,31104,U. E. Ismael Montes  B,5000471,2,240,104,103,11,218,104,218
1,Tomás Frías,1,Potosí,1494,Potosí,31104,U. E. Ismael Montes  B,5000481,3,240,101,110,10,221,101,221
1,Tomás Frías,1,Potosí,1494,Potosí,31104,U. E. Ismael Montes  B,5000491,4,240,109,105,12,226,109,226
1,Tomás Frías,1,Potosí,1494,Potosí,31104,U. E. Ismael Montes  B,5000501,5,240,89,91,32,212,89,212
1,Tomás Frías,1,Potosí,1494,Potosí,31104,U. E. Ismael Montes  B,5000511,6,240,108,92,13,213,108,213
1,Tomás Frías,1,Potosí,1494,Potosí,31104,U. E. Ismael Montes  B,5000521,7,250,108,92,23,223,108,223
1,Tomás Frías,1,Potosí,1494,Potosí,31106,U.E. Juan Manuel Calero,5003031,1,240,142,73,8,223,142,223
1,Tomás Frías,1,Potosí,1494,Potosí,31106,U.E. Juan Manuel Calero,5003041,2,240,100,102,15,217,100,217
1,Tomás Frías,1,Potosí,1494,Potosí,31106,U.E. Juan Manuel Calero,5003051,3,240,114,98,6,218,114,218
1,Tomás Frías,1,Potosí,1494,Potosí,31106,U.E. Juan Manuel Calero,5003061,4,240,116,81,13,210,116,210
1,Tomás Frías,1,Potosí,1494,Potosí,31106,U.E. Juan Manuel Calero,5003071,5,240,137,79,8,224,137,224
1,Tomás Frías,1,Potosí,1494,Potosí,31106,U.E. Juan Manuel Calero,5003081,6,240,107,93,27,227,107,227
1,Tomás Frías,1,Potosí,1494,Potosí,31106,U.E. Juan Manuel Calero,5003091,7,91,44,31,8,83,44,83
1,Tomás Frías,1,Potosí,1494,Potosí,31107,U. E. Manuel Belgrano,5001241,1,240,113,90,10,213,113,213
1,Tomás Frías,1,Potosí,1494,Potosí,31107,U. E. Manuel Belgrano,5001251,2,240,104,104,12,220,104,220
1,Tomás Frías,1,Potosí,1494,Potosí,31107,U. E. Manuel Belgrano,5001261,3,240,111,101,16,228,111,228
1,Tomás Frías,1,Potosí,1494,Potosí,31107,U. E. Manuel Belgrano,5001271,4,240,118,96,4,218,118,218
1,Tomás Frías,1,Potosí,1494,Potosí,31107,U. E. Manuel Belgrano,5001281,5,240,149,57,17,223,149,223
1,Tomás Frías,1,Potosí,1494,Potosí,31107,U. E. Manuel Belgrano,5001291,6,165,90,51,7,148,90,148
1,Tomás Frías,1,Potosí,1494,Potosí,31108,U. E. 31 de Octubre  A  (Inicial),5003891,1,240,132,70,22,224,132,224
1,Tomás Frías,1,Potosí,1494,Potosí,31108,U. E. 31 de Octubre  A  (Inicial),5003901,2,240,150,59,10,219,150,219
1,Tomás Frías,1,Potosí,1494,Potosí,31108,U. E. 31 de Octubre  A  (Inicial),5003911,3,229,104,91,17,212,104,212
1,Tomás Frías,1,Potosí,1494,Potosí,31109,U. E. El Minero (Inicial),5004211,1,240,129,76,8,213,129,213
1,Tomás Frías,1,Potosí,1494,Potosí,31109,U. E. El Minero (Inicial),5004221,2,240,130,81,9,220,130,220
1,Tomás Frías,1,Potosí,1494,Potosí,31109,U. E. El Minero (Inicial),5004231,3,42,28,10,2,40,28,40
1,Tomás Frías,1,Potosí,1494,Potosí,31110,Instituto Tecnológico Superior Potosí   ETA   Potosí,5003991,1,240,127,83,9,219,127,219
1,Tomás Frías,1,Potosí,1494,Potosí,31110,Instituto Tecnológico Superior Potosí   ETA   Potosí,5004001,2,240,112,96,11,219,112,219
1,Tomás Frías,1,Potosí,1494,Potosí,31110,Instituto Tecnológico Superior Potosí   ETA   Potosí,5004011,3,240,121,82,16,219,121,219
1,Tomás Frías,1,Potosí,1494,Potosí,31110,Instituto Tecnológico Superior Potosí   ETA   Potosí,5004021,4,240,118,90,7,215,118,215
1,Tomás Frías,1,Potosí,1494,Potosí,31110,Instituto Tecnológico Superior Potosí   ETA   Potosí,5004031,5,126,58,51,3,112,58,112
1,Tomás Frías,1,Potosí,1494,Potosí,31111,U. E. Otto Felipe Braun,5003261,1,240,152,57,12,221,152,221
1,Tomás Frías,1,Potosí,1494,Potosí,31111,U. E. Otto Felipe Braun,5003271,2,240,141,75,14,230,141,230
1,Tomás Frías,1,Potosí,1494,Potosí,31111,U. E. Otto Felipe Braun,5003281,3,240,130,79,9,218,130,218
1,Tomás Frías,1,Potosí,1494,Potosí,31111,U. E. Otto Felipe Braun,5003291,4,240,142,62,16,220,142,220
1,Tomás Frías,1,Potosí,1494,Potosí,31111,U. E. Otto Felipe Braun,5003301,5,167,96,47,13,156,96,156
1,Tomás Frías,1,Potosí,1494,Potosí,31113,U. E. Pichincha,5003311,1,240,145,64,8,217,145,217
1,Tomás Frías,1,Potosí,1494,Potosí,31113,U. E. Pichincha,5003321,2,240,134,67,18,219,134,219
1,Tomás Frías,1,Potosí,1494,Potosí,31113,U. E. Pichincha,5003331,3,240,145,61,10,216,145,216
1,Tomás Frías,1,Potosí,1494,Potosí,31113,U. E. Pichincha,5003341,4,240,104,69,50,223,104,223
1,Tomás Frías,1,Potosí,1494,Potosí,31113,U. E. Pichincha,5003351,5,240,142,70,10,222,142,222
1,Tomás Frías,1,Potosí,1494,Potosí,31113,U. E. Pichincha,5003361,6,240,131,76,14,221,131,221
1,Tomás Frías,1,Potosí,1494,Potosí,31113,U. E. Pichincha,5003371,7,240,138,69,13,220,138,220
1,Tomás Frías,1,Potosí,1494,Potosí,31113,U. E. Pichincha,5003381,8,142,85,36,12,133,85,133
1,Tomás Frías,1,Potosí,1494,Potosí,31114,U. E. Potosí (Inicial),5002451,1,240,149,58,12,219,149,219
1,Tomás Frías,1,Potosí,1494,Potosí,31114,U. E. Potosí (Inicial),5002461,2,240,141,70,17,228,141,228
1,Tomás Frías,1,Potosí,1494,Potosí,31114,U. E. Potosí (Inicial),5002471,3,240,141,63,20,224,141,224
1,Tomás Frías,1,Potosí,1494,Potosí,31114,U. E. Potosí (Inicial),5002481,4,98,56,30,5,91,56,91
1,Tomás Frías,1,Potosí,1494,Potosí,31115,U. E. Andrés de Santa Cruz  A  (Inicial),5005181,1,240,114,91,15,220,114,220
1,Tomás Frías,1,Potosí,1494,Potosí,31115,U. E. Andrés de Santa Cruz  A  (Inicial),5005191,2,240,114,92,12,218,114,218
1,Tomás Frías,1,Potosí,1494,Potosí,31115,U. E. Andrés de Santa Cruz  A  (Inicial),5005201,3,149,65,56,20,141,65,141
1,Tomás Frías,1,Potosí,1494,Potosí,31116,Escuela Superior de Formación de Maestros  Eduardo Avaroa,5001801,1,240,116,84,14,214,116,214
1,Tomás Frías,1,Potosí,1494,Potosí,31116,Escuela Superior de Formación de Maestros  Eduardo Avaroa,5001811,2,240,118,92,11,221,118,221
1,Tomás Frías,1,Potosí,1494,Potosí,31116,Escuela Superior de Formación de Maestros  Eduardo Avaroa,5001821,3,240,107,105,5,217,107,217
1,Tomás Frías,1,Potosí,1494,Potosí,31116,Escuela Superior de Formación de Maestros  Eduardo Avaroa,5001831,4,240,108,92,12,212,108,212
1,Tomás Frías,1,Potosí,1494,Potosí,31116,Escuela Superior de Formación de Maestros  Eduardo Avaroa,5001841,5,240,119,84,13,216,119,216
1,Tomás Frías,1,Potosí,1494,Potosí,31116,Escuela Superior de Formación de Maestros  Eduardo Avaroa,5001851,6,240,101,103,8,212,101,212
1,Tomás Frías,1,Potosí,1494,Potosí,31116,Escuela Superior de Formación de Maestros  Eduardo Avaroa,5001861,7,240,106,93,23,222,106,222
1,Tomás Frías,1,Potosí,1494,Potosí,31116,Escuela Superior de Formación de Maestros  Eduardo Avaroa,5001871,8,240,134,72,12,218,134,218
1,Tomás Frías,1,Potosí,1494,Potosí,31116,Escuela Superior de Formación de Maestros  Eduardo Avaroa,5001881,9,240,118,96,10,224,118,224
1,Tomás Frías,1,Potosí,1494,Potosí,31116,Escuela Superior de Formación de Maestros  Eduardo Avaroa,5001891,10,240,136,74,13,223,136,223
1,Tomás Frías,1,Potosí,1494,Potosí,31116,Escuela Superior de Formación de Maestros  Eduardo Avaroa,5001901,11,90,42,27,7,76,42,76
1,Tomás Frías,1,Potosí,1494,Potosí,31118,U. E. Juan Pablo II  B  (Inicial),5006441,1,240,107,95,11,213,107,213
1,Tomás Frías,1,Potosí,1494,Potosí,31118,U. E. Juan Pablo II  B  (Inicial),5006451,2,240,121,85,10,216,121,216
1,Tomás Frías,1,Potosí,1494,Potosí,31118,U. E. Juan Pablo II  B  (Inicial),5006461,3,240,105,105,8,218,105,218
1,Tomás Frías,1,Potosí,1494,Potosí,31118,U. E. Juan Pablo II  B  (Inicial),5006471,4,91,50,25,7,82,50,82
1,Tomás Frías,1,Potosí,1494,Potosí,31121,U. E. Hugo Chávez Frías,5007121,1,240,120,91,8,219,120,219
1,Tomás Frías,1,Potosí,1494,Potosí,31121,U. E. Hugo Chávez Frías,5007131,2,240,115,90,13,218,115,218
1,Tomás Frías,1,Potosí,1494,Potosí,31121,U. E. Hugo Chávez Frías,5007141,3,240,106,92,11,209,106,209
1,Tomás Frías,1,Potosí,1494,Potosí,31121,U. E. Hugo Chávez Frías,5007151,4,240,128,76,9,213,128,213
1,Tomás Frías,1,Potosí,1494,Potosí,31121,U. E. Hugo Chávez Frías,5007161,5,240,121,81,7,209,121,209
1,Tomás Frías,1,Potosí,1494,Potosí,31121,U. E. Hugo Chávez Frías,5007171,6,240,103,92,21,216,103,216
1,Tomás Frías,1,Potosí,1494,Potosí,31121,U. E. Hugo Chávez Frías,5007181,7,240,103,106,13,222,103,222
1,Tomás Frías,1,Potosí,1494,Potosí,31121,U. E. Hugo Chávez Frías,5007191,8,158,85,51,9,145,85,145
1,Tomás Frías,1,Potosí,1494,Potosí,31122,U. E. Niño Jesús (Inicial),5004961,1,240,115,90,14,219,115,219
1,Tomás Frías,1,Potosí,1494,Potosí,31122,U. E. Niño Jesús (Inicial),5004971,2,240,112,93,11,216,112,216
1,Tomás Frías,1,Potosí,1494,Potosí,31122,U. E. Niño Jesús (Inicial),5004981,3,240,128,83,8,219,128,219
1,Tomás Frías,1,Potosí,1494,Potosí,31122,U. E. Niño Jesús (Inicial),5004991,4,26,18,5,1,24,18,24
1,Tomás Frías,1,Potosí,1494,Potosí,31123,U.A.T.F. Carrera Economía,5005211,1,240,139,58,12,209,139,209
1,Tomás Frías,1,Potosí,1494,Potosí,31123,U.A.T.F. Carrera Economía,5005221,2,240,124,71,18,213,124,213
1,Tomás Frías,1,Potosí,1494,Potosí,31123,U.A.T.F. Carrera Economía,5005231,3,240,120,80,12,212,120,212
1,Tomás Frías,1,Potosí,1494,Potosí,31123,U.A.T.F. Carrera Economía,5005241,4,240,128,79,11,218,128,218
1,Tomás Frías,1,Potosí,1494,Potosí,31123,U.A.T.F. Carrera Economía,5005251,5,240,132,75,10,217,132,217
1,Tomás Frías,1,Potosí,1494,Potosí,31123,U.A.T.F. Carrera Economía,5005261,6,240,124,80,12,216,124,216
1,Tomás Frías,1,Potosí,1494,Potosí,31123,U.A.T.F. Carrera Economía,5005271,7,222,117,67,16,200,117,200
1,Tomás Frías,1,Potosí,1494,Potosí,31125,Instituto Tecnológico Superior Nuevo Amanecer,5002711,1,240,110,85,17,212,110,212
1,Tomás Frías,1,Potosí,1494,Potosí,31125,Instituto Tecnológico Superior Nuevo Amanecer,5002721,2,240,96,112,5,213,96,213
1,Tomás Frías,1,Potosí,1494,Potosí,31125,Instituto Tecnológico Superior Nuevo Amanecer,5002731,3,240,103,107,7,217,103,217
1,Tomás Frías,1,Potosí,1494,Potosí,31125,Instituto Tecnológico Superior Nuevo Amanecer,5002741,4,240,99,118,5,222,99,222
1,Tomás Frías,1,Potosí,1494,Potosí,31125,Instituto Tecnológico Superior Nuevo Amanecer,5002751,5,160,58,89,5,152,58,152
1,Tomás Frías,1,Potosí,1494,Potosí,31127,U. E. Divino Maestro  C,5005701,1,240,133,78,9,220,133,220
1,Tomás Frías,1,Potosí,1494,Potosí,31127,U. E. Divino Maestro  C,5005711,2,240,122,85,11,218,122,218
1,Tomás Frías,1,Potosí,1494,Potosí,31127,U. E. Divino Maestro  C,5005721,3,240,125,78,14,217,125,217
1,Tomás Frías,1,Potosí,1494,Potosí,31127,U. E. Divino Maestro  C,5005731,4,240,127,75,10,212,127,212
1,Tomás Frías,1,Potosí,1494,Potosí,31127,U. E. Divino Maestro  C,5005741,5,240,124,85,7,216,124,216
1,Tomás Frías,1,Potosí,1494,Potosí,31127,U. E. Divino Maestro  C,5005751,6,240,137,72,11,220,137,220
1,Tomás Frías,1,Potosí,1494,Potosí,31127,U. E. Divino Maestro  C,5005761,7,89,55,21,4,80,55,80
1,Tomás Frías,1,Potosí,1494,Potosí,32391,U. E. Técnico Humanístico Warisata,5006181,1,240,85,114,13,212,85,212
1,Tomás Frías,1,Potosí,1494,Potosí,32391,U. E. Técnico Humanístico Warisata,5006191,2,240,84,130,4,218,84,218
1,Tomás Frías,1,Potosí,1494,Potosí,32391,U. E. Técnico Humanístico Warisata,5006201,3,240,77,129,8,214,77,214
1,Tomás Frías,1,Potosí,1494,Potosí,32391,U. E. Técnico Humanístico Warisata,5006211,4,239,77,126,13,216,77,216
1,Tomás Frías,1,Potosí,1503,Tarapaya,58,Esc. Tarapaya,5000011,1,240,98,104,10,212,98,212
1,Tomás Frías,1,Potosí,1503,Tarapaya,58,Esc. Tarapaya,5000021,2,90,36,37,6,79,36,79
1,Tomás Frías,1,Potosí,1506,Huari Huari,61,Coleg. San Rafael,5000031,1,240,106,109,11,226,106,226
1,Tomás Frías,1,Potosí,1506,Huari Huari,61,Coleg. San Rafael,5000041,2,240,106,110,5,221,106,221
1,Tomás Frías,1,Potosí,1506,Huari Huari,61,Coleg. San Rafael,5000051,3,240,112,106,9,227,112,227
1,Tomás Frías,1,Potosí,1506,Huari Huari,61,Coleg. San Rafael,5000061,4,240,125,93,8,226,125,226
1,Tomás Frías,1,Potosí,1506,Huari Huari,61,Coleg. San Rafael,5000071,5,102,54,40,1,95,54,95
1,Tomás Frías,1,Potosí,1507,Manquiri,62,Esc. Manquiri,5000081,1,145,50,70,6,126,50,126
1,Tomás Frías,1,Potosí,1508,Chullchucani,64,Esc. Martin Cruz,5000091,1,240,125,79,5,209,125,209
1,Tomás Frías,1,Potosí,1508,Chullchucani,64,Esc. Martin Cruz,5000101,2,204,138,42,10,190,138,190
1,Tomás Frías,1,Potosí,2741,Santiago de Ockoruro,65,Esc. Ockoruro,5000111,1,119,34,54,5,93,34,93
1,Tomás Frías,1,Potosí,2889,Comunidad de Paranturi,509,U.E. Germán Busch,5000121,1,82,63,12,7,82,63,82
1,Tomás Frías,1,Potosí,3030,Modragon,513,Esc. Tomas Frias,5000131,1,146,113,22,2,137,113,137
1,Tomás Frías,1,Potosí,3134,Parantaca,535,Esc. Parantaca,5000141,1,165,83,59,1,143,83,143
1,Tomás Frías,1,Potosí,4568,Pati Pati,32277,U.E. San José de Pati Pati,5000151,1,240,85,130,6,221,85,221
1,Tomás Frías,1,Potosí,4568,Pati Pati,32277,U.E. San José de Pati Pati,5000161,2,133,51,72,1,124,51,124
1,Tomás Frías,2,Tinguipaya,1495,Tinguipaya,51,U. E. Mariscal Sucre A,5007421,3,240,73,114,10,197,73,197
1,Tomás Frías,2,Tinguipaya,1495,Tinguipaya,51,U. E. Mariscal Sucre A,5007441,5,70,24,30,3,57,24,57
1,Tomás Frías,2,Tinguipaya,1497,Anthura,63,U. E. Anthura,5007581,1,240,74,131,14,219,74,219
1,Tomás Frías,2,Tinguipaya,1497,Anthura,63,U. E. Anthura,5007591,2,240,82,123,7,212,82,212
1,Tomás Frías,2,Tinguipaya,1497,Anthura,63,U. E. Anthura,5007601,3,240,67,139,11,217,67,217
1,Tomás Frías,2,Tinguipaya,1497,Anthura,63,U. E. Anthura,5007611,4,240,71,125,11,207,71,207
1,Tomás Frías,2,Tinguipaya,1497,Anthura,63,U. E. Anthura,5007621,5,159,40,92,8,140,40,140
1,Tomás Frías,2,Tinguipaya,1498,Jahuacaya,53,U. E. Jahuacaya,5007481,1,240,25,152,15,192,25,192
1,Tomás Frías,2,Tinguipaya,1498,Jahuacaya,53,U. E. Jahuacaya,5007491,2,240,34,166,11,211,34,211
1,Tomás Frías,2,Tinguipaya,1498,Jahuacaya,53,U. E. Jahuacaya,5007501,3,240,41,147,7,195,41,195
1,Tomás Frías,2,Tinguipaya,1498,Jahuacaya,53,U. E. Jahuacaya,5007511,4,63,13,45,0,58,13,58
1,Tomás Frías,2,Tinguipaya,1500,Actara,55,U. E. Franz Tamayo De Actara,5007531,1,240,63,117,9,189,63,189
1,Tomás Frías,2,Tinguipaya,1500,Actara,55,U. E. Franz Tamayo De Actara,5007541,2,240,64,102,3,169,64,169
1,Tomás Frías,2,Tinguipaya,1500,Actara,55,U. E. Franz Tamayo De Actara,5007551,3,240,46,133,2,181,46,181
1,Tomás Frías,2,Tinguipaya,1500,Actara,55,U. E. Franz Tamayo De Actara,5007561,4,110,20,70,7,97,20,97
1,Tomás Frías,2,Tinguipaya,1502,Isla,57,U. E. Isla,5007571,1,60,22,22,0,44,22,44
1,Tomás Frías,2,Tinguipaya,2817,Utacalla,495,U. E. Juan Victor Montoya Medinacelli,5007631,1,240,69,132,6,207,69,207
1,Tomás Frías,2,Tinguipaya,2817,Utacalla,495,U. E. Juan Victor Montoya Medinacelli,5007641,2,111,22,71,2,95,22,95
1,Tomás Frías,2,Tinguipaya,3032,Calazaya,515,U. E. San José,5007691,1,240,70,124,15,209,70,209
1,Tomás Frías,2,Tinguipaya,3137,Tambo Leñas,539,U.E. Leñas,5007751,1,240,64,127,7,198,64,198
1,Tomás Frías,2,Tinguipaya,3206,kaquena Alta,585,U. E. Eje Caquena,5007791,1,240,115,112,10,237,115,237
1,Tomás Frías,2,Tinguipaya,3206,kaquena Alta,585,U. E. Eje Caquena,5007801,2,49,34,11,4,49,34,49
1,Tomás Frías,2,Tinguipaya,3207,Vilapampa,575,U.E. Vilapampa,5007781,2,38,9,24,2,35,9,35
1,Tomás Frías,2,Tinguipaya,3638,Sayaca,1,U. E. Sayaca,5007371,1,228,98,101,11,210,98,210
1,Tomás Frías,2,Tinguipaya,3935,Titimalla,1,U.E. Machac Marca,5007381,1,240,85,132,6,223,85,223
1,Tomás Frías,2,Tinguipaya,3935,Titimalla,1,U.E. Machac Marca,5007391,2,134,36,83,3,122,36,122
1,Tomás Frías,2,Tinguipaya,4462,Thocra Pampa Alta,26493,U.E. Thojra Pampa,5007841,1,240,50,153,7,210,50,210
1,Tomás Frías,2,Tinguipaya,4462,Thocra Pampa Alta,26493,U.E. Thojra Pampa,5007851,2,81,15,57,4,76,15,76
1,Tomás Frías,3,Yocalla,1504,El Molino,59,Esc. Alonso De Ibanez,5007871,1,240,143,62,5,210,143,210
1,Tomás Frías,3,Yocalla,1504,El Molino,59,Esc. Alonso De Ibanez,5007881,2,66,36,22,3,61,36,61
1,Tomás Frías,3,Yocalla,1505,Totora  D,60,Esc. Jose Antonio Zampa,5007891,1,240,106,88,13,207,106,207
1,Tomás Frías,3,Yocalla,1505,Totora  D,60,Esc. Jose Antonio Zampa,5007901,2,240,88,106,14,208,88,208
1,Tomás Frías,3,Yocalla,1505,Totora  D,60,Esc. Jose Antonio Zampa,5007911,3,74,29,30,9,68,29,68
1,Tomás Frías,3,Yocalla,1509,Yocalla,66,Esc. Eduardo Avaroa,5007921,1,240,81,101,10,192,81,192
1,Tomás Frías,3,Yocalla,1509,Yocalla,66,Esc. Eduardo Avaroa,5007931,2,240,90,110,7,207,90,207
1,Tomás Frías,3,Yocalla,1509,Yocalla,66,Esc. Eduardo Avaroa,5007941,3,248,85,104,14,203,85,203
1,Tomás Frías,3,Yocalla,1511,Yurac Ckasa,68,Esc. Juan XXIII,5007951,1,240,72,123,22,217,72,217
1,Tomás Frías,3,Yocalla,1511,Yurac Ckasa,68,Esc. Juan XXIII,5007961,2,136,43,76,9,128,43,128
1,Tomás Frías,3,Yocalla,1513,Santa Lucia,70,Esc. Santa Lucia,5007971,1,233,136,76,3,215,136,215
1,Tomás Frías,3,Yocalla,1514,Cayara,71,Esc. Cayara,5007981,1,240,79,126,8,213,79,213
1,Tomás Frías,3,Yocalla,1514,Cayara,71,Esc. Cayara,5007991,2,240,99,110,5,214,99,214
1,Tomás Frías,3,Yocalla,1514,Cayara,71,Esc. Cayara,5008001,3,62,24,23,4,51,24,51
1,Tomás Frías,3,Yocalla,1515,Chiracoro,72,Esc. Chiracoro,5008011,1,240,132,73,13,218,132,218
1,Tomás Frías,3,Yocalla,1515,Chiracoro,72,Esc. Chiracoro,5008021,2,110,69,30,4,103,69,103
1,Tomás Frías,3,Yocalla,2887,Turqui,511,Coleg. Elizardo Perez,5008031,1,240,80,131,6,217,80,217
1,Tomás Frías,3,Yocalla,2887,Turqui,511,Coleg. Elizardo Perez,5008041,2,39,13,21,1,35,13,35
1,Tomás Frías,3,Yocalla,3033,San Antonio,516,U. E. San Antonio,5008051,1,240,135,83,7,225,135,225
1,Tomás Frías,3,Yocalla,3033,San Antonio,516,U. E. San Antonio,5008061,2,240,122,69,24,215,122,215
1,Tomás Frías,3,Yocalla,3033,San Antonio,516,U. E. San Antonio,5008071,3,103,57,34,4,95,57,95
1,Tomás Frías,3,Yocalla,4185,La Palca,25630,U.E. San Agustin de La Palca,5008081,1,240,147,44,17,208,147,208
1,Tomás Frías,3,Yocalla,4185,La Palca,25630,U.E. San Agustin de La Palca,5008091,2,85,48,20,4,72,48,72
1,Tomás Frías,3,Yocalla,4659,Comunidad Pampoyo,32486,U.E. Juan Pellegrini,5008101,1,241,108,113,9,230,108,230
1,Tomás Frías,4,Urmiri,1501,Puituco,56,Esc. Puituco,5008111,1,106,25,65,9,99,25,99
1,Tomás Frías,4,Urmiri,1512,Urmiri,69,Esc. Juan Jose Perez,5008121,1,240,77,114,14,205,77,205
1,Tomás Frías,4,Urmiri,1512,Urmiri,69,Esc. Juan Jose Perez,5008131,2,30,15,8,3,26,15,26
1,Tomás Frías,4,Urmiri,1516,Cahuayo,73,U. E. Cahuayo,5008141,1,136,75,46,1,122,75,122
1,Tomás Frías,4,Urmiri,2818,Vacuyo,467,Esc. Secc. Vacuyo,5008151,1,171,79,66,10,155,79,155
2,Bustillo,1,Uncía,1517,Uncia,74,Coleg. Rafael Bustillo,5008501,1,240,99,89,8,196,99,196
2,Bustillo,1,Uncía,1517,Uncia,74,Coleg. Rafael Bustillo,5008511,2,240,98,77,13,188,98,188
2,Bustillo,1,Uncía,1517,Uncia,74,Coleg. Rafael Bustillo,5008521,3,240,89,95,17,201,89,201
2,Bustillo,1,Uncía,1517,Uncia,74,Coleg. Rafael Bustillo,5008541,5,240,70,119,18,207,70,207
2,Bustillo,1,Uncía,1517,Uncia,74,Coleg. Rafael Bustillo,5008551,6,240,87,101,10,198,87,198
2,Bustillo,1,Uncía,1517,Uncia,74,Coleg. Rafael Bustillo,5008561,7,240,100,55,20,175,100,175
2,Bustillo,1,Uncía,1517,Uncia,74,Coleg. Rafael Bustillo,5008571,8,116,41,31,8,80,41,80
2,Bustillo,1,Uncía,1517,Uncia,75,Col. Intermedio Independencia,5008311,1,240,109,90,15,214,109,214
2,Bustillo,1,Uncía,1517,Uncia,75,Col. Intermedio Independencia,5008321,2,240,98,91,20,209,98,209
2,Bustillo,1,Uncía,1517,Uncia,75,Col. Intermedio Independencia,5008331,3,240,103,67,33,203,103,203
2,Bustillo,1,Uncía,1517,Uncia,75,Col. Intermedio Independencia,5008341,4,240,95,88,17,200,95,200
2,Bustillo,1,Uncía,1517,Uncia,75,Col. Intermedio Independencia,5008351,5,240,100,94,15,209,100,209
2,Bustillo,1,Uncía,1517,Uncia,75,Col. Intermedio Independencia,5008361,6,240,98,95,18,211,98,211
2,Bustillo,1,Uncía,1517,Uncia,75,Col. Intermedio Independencia,5008371,7,240,101,81,25,207,101,207
2,Bustillo,1,Uncía,1517,Uncia,75,Col. Intermedio Independencia,5008381,8,240,93,86,19,198,93,198
2,Bustillo,1,Uncía,1517,Uncia,75,Col. Intermedio Independencia,5008391,9,240,120,70,23,213,120,213
2,Bustillo,1,Uncía,1517,Uncia,75,Col. Intermedio Independencia,5008401,10,232,98,88,21,207,98,207
2,Bustillo,1,Uncía,1517,Uncia,76,Esc. Modesto Omiste,5008451,1,240,103,94,14,211,103,211
2,Bustillo,1,Uncía,1517,Uncia,76,Esc. Modesto Omiste,5008461,2,240,101,93,16,210,101,210
2,Bustillo,1,Uncía,1517,Uncia,76,Esc. Modesto Omiste,5008471,3,240,109,81,21,211,109,211
2,Bustillo,1,Uncía,1517,Uncia,76,Esc. Modesto Omiste,5008481,4,240,116,85,13,214,116,214
2,Bustillo,1,Uncía,1517,Uncia,76,Esc. Modesto Omiste,5008491,5,142,66,48,8,122,66,122
2,Bustillo,1,Uncía,1517,Uncia,77,Esc. Juana Azurduy De Padilla,5008581,1,240,93,65,16,174,93,174
2,Bustillo,1,Uncía,1517,Uncia,77,Esc. Juana Azurduy De Padilla,5008591,2,240,93,82,14,189,93,189
2,Bustillo,1,Uncía,1517,Uncia,77,Esc. Juana Azurduy De Padilla,5008601,3,240,88,89,21,198,88,198
2,Bustillo,1,Uncía,1517,Uncia,77,Esc. Juana Azurduy De Padilla,5008611,4,240,101,73,22,196,101,196
2,Bustillo,1,Uncía,1517,Uncia,77,Esc. Juana Azurduy De Padilla,5008621,5,240,93,95,11,199,93,199
2,Bustillo,1,Uncía,1517,Uncia,77,Esc. Juana Azurduy De Padilla,5008631,6,240,75,113,17,205,75,205
2,Bustillo,1,Uncía,1517,Uncia,77,Esc. Juana Azurduy De Padilla,5008641,7,240,84,90,22,196,84,196
2,Bustillo,1,Uncía,1517,Uncia,77,Esc. Juana Azurduy De Padilla,5008651,8,240,93,95,21,209,93,209
2,Bustillo,1,Uncía,1517,Uncia,77,Esc. Juana Azurduy De Padilla,5008661,9,240,86,96,13,195,86,195
2,Bustillo,1,Uncía,1517,Uncia,77,Esc. Juana Azurduy De Padilla,5008671,10,240,77,101,21,199,77,199
2,Bustillo,1,Uncía,1517,Uncia,77,Esc. Juana Azurduy De Padilla,5008681,11,240,86,99,20,205,86,205
2,Bustillo,1,Uncía,1517,Uncia,77,Esc. Juana Azurduy De Padilla,5008691,12,51,19,18,4,41,19,41
2,Bustillo,1,Uncía,1517,Uncia,78,(Cárcel) Cárcel San Miguel de Uncía,5008161,1,185,69,99,4,172,69,172
2,Bustillo,1,Uncía,1517,Uncia,31156,U. E. Uncía,5008701,1,240,93,106,11,210,93,210
2,Bustillo,1,Uncía,1517,Uncia,31156,U. E. Uncía,5008711,2,240,78,116,19,213,78,213
2,Bustillo,1,Uncía,1517,Uncia,31156,U. E. Uncía,5008721,3,240,85,98,22,205,85,205
2,Bustillo,1,Uncía,1517,Uncia,31156,U. E. Uncía,5008731,4,240,109,70,22,201,109,201
2,Bustillo,1,Uncía,1517,Uncia,31156,U. E. Uncía,5008741,5,199,79,72,14,165,79,165
2,Bustillo,1,Uncía,1517,Uncia,32275,U.E. María Ayma Mamani,5008411,1,240,87,108,11,206,87,206
2,Bustillo,1,Uncía,1517,Uncia,32275,U.E. María Ayma Mamani,5008421,2,240,83,102,32,217,83,217
2,Bustillo,1,Uncía,1517,Uncia,32275,U.E. María Ayma Mamani,5008431,3,240,78,110,17,205,78,205
2,Bustillo,1,Uncía,1517,Uncia,32275,U.E. María Ayma Mamani,5008441,4,244,85,106,24,215,85,215
2,Bustillo,2,Chayanta,1520,Chayanta,77,U. E. Mariscal Andres De Santa Cruz B,5009121,2,213,95,63,19,177,95,177
2,Bustillo,2,Chayanta,1520,Chayanta,31157,U. E. Mariscal Andrés de Santa Cruz  A,5009061,4,240,97,112,13,222,97,222
2,Bustillo,2,Chayanta,1520,Chayanta,31157,U. E. Mariscal Andrés de Santa Cruz  A,5009071,5,240,93,103,18,214,93,214
2,Bustillo,2,Chayanta,1520,Chayanta,31157,U. E. Mariscal Andrés de Santa Cruz  A,5009081,6,240,94,97,19,210,94,210
2,Bustillo,2,Chayanta,1520,Chayanta,31157,U. E. Mariscal Andrés de Santa Cruz  A,5009091,7,240,68,121,18,207,68,207
2,Bustillo,2,Chayanta,1520,Chayanta,31157,U. E. Mariscal Andrés de Santa Cruz  A,5009101,8,212,60,115,18,193,60,193
2,Bustillo,2,Chayanta,1522,Aymaya,79,U. E. Rafael Pabón,5008821,1,240,72,113,23,208,72,208
2,Bustillo,2,Chayanta,1522,Aymaya,79,U. E. Rafael Pabón,5008831,2,240,78,118,24,220,78,220
2,Bustillo,2,Chayanta,1522,Aymaya,79,U. E. Rafael Pabón,5008841,3,231,77,108,18,203,77,203
2,Bustillo,2,Chayanta,1523,Amayapampa,80,U. E. Octavio Murillo,5008851,1,240,98,111,16,225,98,225
2,Bustillo,2,Chayanta,1523,Amayapampa,80,U. E. Octavio Murillo,5008861,2,240,106,107,12,225,106,225
2,Bustillo,2,Chayanta,1523,Amayapampa,80,U. E. Octavio Murillo,5008871,3,240,93,117,13,223,93,223
2,Bustillo,2,Chayanta,1523,Amayapampa,80,U. E. Octavio Murillo,5008881,4,240,101,112,7,220,101,220
2,Bustillo,2,Chayanta,1526,Nueva Colcha,488,U. E. Cnl. Ramon Acero,5008971,1,240,63,143,3,209,63,209
2,Bustillo,2,Chayanta,1526,Nueva Colcha,488,U. E. Cnl. Ramon Acero,5008981,2,65,10,42,1,53,10,53
2,Bustillo,2,Chayanta,1528,Irupata,85,U. E. Rafael Bustillos,5008921,1,240,58,134,14,206,58,206
2,Bustillo,2,Chayanta,1528,Irupata,85,U. E. Rafael Bustillos,5008931,2,240,72,116,11,199,72,199
2,Bustillo,2,Chayanta,1528,Irupata,85,U. E. Rafael Bustillos,5008951,4,227,71,94,33,198,71,198
2,Bustillo,2,Chayanta,3639,Phusuta Pampa,1,U. E. Tomas Frias,5008771,1,157,79,64,8,151,79,151
2,Bustillo,3,Llallagua,1530,Llallagua,88,Esc. Jaime Mendoza,5009441,1,240,128,76,16,220,128,220
2,Bustillo,3,Llallagua,1530,Llallagua,88,Esc. Jaime Mendoza,5009451,2,240,129,68,18,215,129,215
2,Bustillo,3,Llallagua,1530,Llallagua,88,Esc. Jaime Mendoza,5009461,3,240,104,84,24,212,104,212
2,Bustillo,3,Llallagua,1530,Llallagua,88,Esc. Jaime Mendoza,5009471,4,240,117,87,19,223,117,223
2,Bustillo,3,Llallagua,1530,Llallagua,88,Esc. Jaime Mendoza,5009481,5,240,121,71,28,220,121,220
2,Bustillo,3,Llallagua,1530,Llallagua,88,Esc. Jaime Mendoza,5009491,6,240,124,78,16,218,124,218
2,Bustillo,3,Llallagua,1530,Llallagua,88,Esc. Jaime Mendoza,5009501,7,240,105,82,25,212,105,212
2,Bustillo,3,Llallagua,1530,Llallagua,88,Esc. Jaime Mendoza,5009511,8,240,103,92,21,216,103,216
2,Bustillo,3,Llallagua,1530,Llallagua,88,Esc. Jaime Mendoza,5009521,9,240,110,72,20,202,110,202
2,Bustillo,3,Llallagua,1530,Llallagua,88,Esc. Jaime Mendoza,5009531,10,240,114,83,18,215,114,215
2,Bustillo,3,Llallagua,1530,Llallagua,88,Esc. Jaime Mendoza,5009541,11,240,118,76,17,211,118,211
2,Bustillo,3,Llallagua,1530,Llallagua,88,Esc. Jaime Mendoza,5009551,12,240,113,70,27,210,113,210
2,Bustillo,3,Llallagua,1530,Llallagua,88,Esc. Jaime Mendoza,5009561,13,218,112,57,19,188,112,188
2,Bustillo,3,Llallagua,1530,Llallagua,89,Martin Cardenas,5009991,1,240,76,96,27,199,76,199
2,Bustillo,3,Llallagua,1530,Llallagua,89,Martin Cardenas,5010001,2,240,99,94,20,213,99,213
2,Bustillo,3,Llallagua,1530,Llallagua,89,Martin Cardenas,5010011,3,240,100,95,14,209,100,209
2,Bustillo,3,Llallagua,1530,Llallagua,89,Martin Cardenas,5010021,4,240,81,102,25,208,81,208
2,Bustillo,3,Llallagua,1530,Llallagua,89,Martin Cardenas,5010031,5,240,70,111,26,207,70,207
2,Bustillo,3,Llallagua,1530,Llallagua,89,Martin Cardenas,5010041,6,240,77,109,14,200,77,200
2,Bustillo,3,Llallagua,1530,Llallagua,89,Martin Cardenas,5010051,7,240,95,90,22,207,95,207
2,Bustillo,3,Llallagua,1530,Llallagua,89,Martin Cardenas,5010071,9,240,106,82,19,207,106,207
2,Bustillo,3,Llallagua,1530,Llallagua,89,Martin Cardenas,5010081,10,240,97,79,31,207,97,207
2,Bustillo,3,Llallagua,1530,Llallagua,89,Martin Cardenas,5010091,11,82,33,17,11,61,33,61
2,Bustillo,3,Llallagua,1530,Llallagua,90,U.E. 1ro. de Mayo  B,5009571,1,240,98,94,20,212,98,212
2,Bustillo,3,Llallagua,1530,Llallagua,90,U.E. 1ro. de Mayo  B,5009581,2,240,115,82,16,213,115,213
2,Bustillo,3,Llallagua,1530,Llallagua,90,U.E. 1ro. de Mayo  B,5009591,3,240,84,101,28,213,84,213
2,Bustillo,3,Llallagua,1530,Llallagua,90,U.E. 1ro. de Mayo  B,5009601,4,240,82,90,35,207,82,207
2,Bustillo,3,Llallagua,1530,Llallagua,90,U.E. 1ro. de Mayo  B,5009611,5,240,83,84,50,217,83,217
2,Bustillo,3,Llallagua,1530,Llallagua,90,U.E. 1ro. de Mayo  B,5009621,6,240,87,92,32,211,87,211
2,Bustillo,3,Llallagua,1530,Llallagua,90,U.E. 1ro. de Mayo  B,5009631,7,240,115,80,17,212,115,212
2,Bustillo,3,Llallagua,1530,Llallagua,90,U.E. 1ro. de Mayo  B,5009641,8,240,92,105,23,220,92,220
2,Bustillo,3,Llallagua,1530,Llallagua,90,U.E. 1ro. de Mayo  B,5009651,9,240,103,74,32,209,103,209
2,Bustillo,3,Llallagua,1530,Llallagua,90,U.E. 1ro. de Mayo  B,5009661,10,240,86,87,32,205,86,205
2,Bustillo,3,Llallagua,1530,Llallagua,92,Coleg. Siglo XX America,5010191,1,240,125,70,18,213,125,213
2,Bustillo,3,Llallagua,1530,Llallagua,92,Coleg. Siglo XX America,5010201,2,240,111,84,21,216,111,216
2,Bustillo,3,Llallagua,1530,Llallagua,92,Coleg. Siglo XX America,5010211,3,240,100,87,22,209,100,209
2,Bustillo,3,Llallagua,1530,Llallagua,92,Coleg. Siglo XX America,5010221,4,240,89,87,27,203,89,203
2,Bustillo,3,Llallagua,1530,Llallagua,92,Coleg. Siglo XX America,5010231,5,240,100,72,26,198,100,198
2,Bustillo,3,Llallagua,1530,Llallagua,92,Coleg. Siglo XX America,5010241,6,240,99,94,22,215,99,215
2,Bustillo,3,Llallagua,1530,Llallagua,92,Coleg. Siglo XX America,5010251,7,240,108,85,15,208,108,208
2,Bustillo,3,Llallagua,1530,Llallagua,92,Coleg. Siglo XX America,5010261,8,240,114,76,22,212,114,212
2,Bustillo,3,Llallagua,1530,Llallagua,92,Coleg. Siglo XX America,5010271,9,240,107,80,30,217,107,217
2,Bustillo,3,Llallagua,1530,Llallagua,92,Coleg. Siglo XX America,5010281,10,240,126,72,14,212,126,212
2,Bustillo,3,Llallagua,1530,Llallagua,92,Coleg. Siglo XX America,5010291,11,240,109,80,15,204,109,204
2,Bustillo,3,Llallagua,1530,Llallagua,92,Coleg. Siglo XX America,5010301,12,240,101,88,16,205,101,205
2,Bustillo,3,Llallagua,1530,Llallagua,92,Coleg. Siglo XX America,5010311,13,240,108,75,23,206,108,206
2,Bustillo,3,Llallagua,1530,Llallagua,92,Coleg. Siglo XX America,5010321,14,240,115,73,20,208,115,208
2,Bustillo,3,Llallagua,1530,Llallagua,92,Coleg. Siglo XX America,5010331,15,235,98,73,15,186,98,186
2,Bustillo,3,Llallagua,1530,Llallagua,93,Esc. Carlos Medinaceli,5009671,1,240,112,87,20,219,112,219
2,Bustillo,3,Llallagua,1530,Llallagua,93,Esc. Carlos Medinaceli,5009681,2,240,88,98,20,206,88,206
2,Bustillo,3,Llallagua,1530,Llallagua,93,Esc. Carlos Medinaceli,5009691,3,240,112,89,21,222,112,222
2,Bustillo,3,Llallagua,1530,Llallagua,93,Esc. Carlos Medinaceli,5009701,4,240,100,86,29,215,100,215
2,Bustillo,3,Llallagua,1530,Llallagua,93,Esc. Carlos Medinaceli,5009711,5,240,97,86,34,217,97,217
2,Bustillo,3,Llallagua,1530,Llallagua,93,Esc. Carlos Medinaceli,5009721,6,186,91,44,16,151,91,151
2,Bustillo,3,Llallagua,1530,Llallagua,94,Esc. 6 de Junio,5010341,1,240,98,87,14,199,98,199
2,Bustillo,3,Llallagua,1530,Llallagua,94,Esc. 6 de Junio,5010351,2,240,90,81,23,194,90,194
2,Bustillo,3,Llallagua,1530,Llallagua,94,Esc. 6 de Junio,5010361,3,240,84,92,23,199,84,199
2,Bustillo,3,Llallagua,1530,Llallagua,94,Esc. 6 de Junio,5010371,4,240,87,94,22,203,87,203
2,Bustillo,3,Llallagua,1530,Llallagua,94,Esc. 6 de Junio,5010381,5,240,88,88,14,190,88,190
2,Bustillo,3,Llallagua,1530,Llallagua,94,Esc. 6 de Junio,5010391,6,240,86,86,21,193,86,193
2,Bustillo,3,Llallagua,1530,Llallagua,94,Esc. 6 de Junio,5010401,7,240,104,72,22,198,104,198
2,Bustillo,3,Llallagua,1530,Llallagua,94,Esc. 6 de Junio,5010411,8,53,26,14,3,43,26,43
2,Bustillo,3,Llallagua,1530,Llallagua,95,Humanistico Llallagua,5009731,1,240,98,86,19,203,98,203
2,Bustillo,3,Llallagua,1530,Llallagua,95,Humanistico Llallagua,5009741,2,240,122,79,16,217,122,217
2,Bustillo,3,Llallagua,1530,Llallagua,95,Humanistico Llallagua,5009751,3,240,104,75,20,199,104,199
2,Bustillo,3,Llallagua,1530,Llallagua,95,Humanistico Llallagua,5009761,4,240,107,81,19,207,107,207
2,Bustillo,3,Llallagua,1530,Llallagua,95,Humanistico Llallagua,5009771,5,240,115,61,34,210,115,210
2,Bustillo,3,Llallagua,1530,Llallagua,95,Humanistico Llallagua,5009781,6,240,108,92,13,213,108,213
2,Bustillo,3,Llallagua,1530,Llallagua,95,Humanistico Llallagua,5009791,7,240,107,73,26,206,107,206
2,Bustillo,3,Llallagua,1530,Llallagua,95,Humanistico Llallagua,5009801,8,194,92,47,20,159,92,159
2,Bustillo,3,Llallagua,1530,Llallagua,31144,Colegio Técnico Humanístico 1ro. De Mayo  A,5009811,1,240,127,65,17,209,127,209
2,Bustillo,3,Llallagua,1530,Llallagua,31144,Colegio Técnico Humanístico 1ro. De Mayo  A,5009821,2,240,136,65,8,209,136,209
2,Bustillo,3,Llallagua,1530,Llallagua,31144,Colegio Técnico Humanístico 1ro. De Mayo  A,5009831,3,240,90,105,19,214,90,214
2,Bustillo,3,Llallagua,1530,Llallagua,31144,Colegio Técnico Humanístico 1ro. De Mayo  A,5009841,4,240,101,82,27,210,101,210
2,Bustillo,3,Llallagua,1530,Llallagua,31144,Colegio Técnico Humanístico 1ro. De Mayo  A,5009851,5,240,91,95,21,207,91,207
2,Bustillo,3,Llallagua,1530,Llallagua,31144,Colegio Técnico Humanístico 1ro. De Mayo  A,5009861,6,240,98,80,34,212,98,212
2,Bustillo,3,Llallagua,1530,Llallagua,31144,Colegio Técnico Humanístico 1ro. De Mayo  A,5009871,7,240,98,73,35,206,98,206
2,Bustillo,3,Llallagua,1530,Llallagua,31144,Colegio Técnico Humanístico 1ro. De Mayo  A,5009881,8,250,95,88,37,220,95,220
2,Bustillo,3,Llallagua,1530,Llallagua,31145,CEA   Catavi,5010421,1,240,147,32,28,207,147,207
2,Bustillo,3,Llallagua,1530,Llallagua,31145,CEA   Catavi,5010431,2,240,96,76,34,206,96,206
2,Bustillo,3,Llallagua,1530,Llallagua,31145,CEA   Catavi,5010441,3,257,110,91,22,223,110,223
2,Bustillo,3,Llallagua,1530,Llallagua,31146,U. E. Monseñor Cleto Loayza,5010101,1,240,89,88,28,205,89,205
2,Bustillo,3,Llallagua,1530,Llallagua,31146,U. E. Monseñor Cleto Loayza,5010111,2,240,68,115,28,211,68,211
2,Bustillo,3,Llallagua,1530,Llallagua,31146,U. E. Monseñor Cleto Loayza,5010121,3,240,97,102,22,221,97,221
2,Bustillo,3,Llallagua,1530,Llallagua,31146,U. E. Monseñor Cleto Loayza,5010131,4,240,101,94,20,215,101,215
2,Bustillo,3,Llallagua,1530,Llallagua,31146,U. E. Monseñor Cleto Loayza,5010141,5,240,80,104,25,209,80,209
2,Bustillo,3,Llallagua,1530,Llallagua,31146,U. E. Monseñor Cleto Loayza,5010151,6,240,77,109,26,212,77,212
2,Bustillo,3,Llallagua,1530,Llallagua,31146,U. E. Monseñor Cleto Loayza,5010161,7,240,81,105,23,209,81,209
2,Bustillo,3,Llallagua,1530,Llallagua,31146,U. E. Monseñor Cleto Loayza,5010171,8,240,100,83,28,211,100,211
2,Bustillo,3,Llallagua,1530,Llallagua,31146,U. E. Monseñor Cleto Loayza,5010181,9,112,41,30,24,95,41,95
2,Bustillo,3,Llallagua,1530,Llallagua,31147,U. E. Tomás Frías,5009891,1,240,76,100,24,200,76,200
2,Bustillo,3,Llallagua,1530,Llallagua,31147,U. E. Tomás Frías,5009901,2,240,101,82,22,205,101,205
2,Bustillo,3,Llallagua,1530,Llallagua,31147,U. E. Tomás Frías,5009911,3,240,92,83,19,194,92,194
2,Bustillo,3,Llallagua,1530,Llallagua,31147,U. E. Tomás Frías,5009921,4,240,82,94,33,209,82,209
2,Bustillo,3,Llallagua,1530,Llallagua,31147,U. E. Tomás Frías,5009931,5,240,99,92,17,208,99,208
2,Bustillo,3,Llallagua,1530,Llallagua,31147,U. E. Tomás Frías,5009941,6,218,93,78,20,191,93,191
2,Bustillo,3,Llallagua,1530,Llallagua,31148,U. E. Ayacucho,5009231,1,240,89,101,25,215,89,215
2,Bustillo,3,Llallagua,1530,Llallagua,31148,U. E. Ayacucho,5009241,2,240,92,88,25,205,92,205
2,Bustillo,3,Llallagua,1530,Llallagua,31148,U. E. Ayacucho,5009251,3,240,73,95,34,202,73,202
2,Bustillo,3,Llallagua,1530,Llallagua,31148,U. E. Ayacucho,5009261,4,240,105,83,28,216,105,216
2,Bustillo,3,Llallagua,1530,Llallagua,31148,U. E. Ayacucho,5009271,5,240,100,88,21,209,100,209
2,Bustillo,3,Llallagua,1530,Llallagua,31148,U. E. Ayacucho,5009281,6,240,98,91,28,217,98,217
2,Bustillo,3,Llallagua,1530,Llallagua,31148,U. E. Ayacucho,5009291,7,240,82,105,20,207,82,207
2,Bustillo,3,Llallagua,1530,Llallagua,31148,U. E. Ayacucho,5009301,8,240,101,80,22,203,101,203
2,Bustillo,3,Llallagua,1530,Llallagua,31148,U. E. Ayacucho,5009311,9,240,112,87,20,219,112,219
2,Bustillo,3,Llallagua,1530,Llallagua,31148,U. E. Ayacucho,5009321,10,240,95,97,24,216,95,216
2,Bustillo,3,Llallagua,1530,Llallagua,31148,U. E. Ayacucho,5009331,11,181,74,67,13,154,74,154
2,Bustillo,3,Llallagua,1530,Llallagua,31149,U.E.  Litoral (Kindergarten),5009951,1,240,107,93,16,216,107,216
2,Bustillo,3,Llallagua,1530,Llallagua,31149,U.E.  Litoral (Kindergarten),5009961,2,240,106,91,21,218,106,218
2,Bustillo,3,Llallagua,1530,Llallagua,31149,U.E.  Litoral (Kindergarten),5009971,3,240,96,97,23,216,96,216
2,Bustillo,3,Llallagua,1530,Llallagua,31149,U.E.  Litoral (Kindergarten),5009981,4,202,77,83,20,180,77,180
2,Bustillo,3,Llallagua,1530,Llallagua,32134,U.E. Germán Busch,5009341,1,240,118,73,15,206,118,206
2,Bustillo,3,Llallagua,1530,Llallagua,32134,U.E. Germán Busch,5009351,2,240,122,63,17,202,122,202
2,Bustillo,3,Llallagua,1530,Llallagua,32134,U.E. Germán Busch,5009361,3,240,122,56,26,204,122,204
2,Bustillo,3,Llallagua,1530,Llallagua,32134,U.E. Germán Busch,5009371,4,120,53,39,6,98,53,98
2,Bustillo,3,Llallagua,1530,Llallagua,32273,U.E. Libertad,5009381,1,240,98,98,19,215,98,215
2,Bustillo,3,Llallagua,1530,Llallagua,32273,U.E. Libertad,5009391,2,240,69,113,35,217,69,217
2,Bustillo,3,Llallagua,1530,Llallagua,32273,U.E. Libertad,5009401,3,240,70,119,27,216,70,216
2,Bustillo,3,Llallagua,1530,Llallagua,32273,U.E. Libertad,5009411,4,240,86,112,25,223,86,223
2,Bustillo,3,Llallagua,1530,Llallagua,32273,U.E. Libertad,5009421,5,240,77,132,17,226,77,226
2,Bustillo,3,Llallagua,1530,Llallagua,32273,U.E. Libertad,5009431,6,66,19,27,10,56,19,56
2,Bustillo,3,Llallagua,1534,Jachojo,97,Esc. Bartolina Sisa,5009161,1,240,72,119,35,226,72,226
2,Bustillo,3,Llallagua,1534,Jachojo,97,Esc. Bartolina Sisa,5009171,2,240,62,131,25,218,62,218
2,Bustillo,3,Llallagua,1534,Jachojo,97,Esc. Bartolina Sisa,5009181,3,57,18,22,10,50,18,50
2,Bustillo,3,Llallagua,3034,Comunidad Villa Arbolitos Cabildo Qollana del Ayllu Sikuya,518,U.E. Capunita,5009191,1,240,132,46,23,201,132,201
2,Bustillo,3,Llallagua,3034,Comunidad Villa Arbolitos Cabildo Qollana del Ayllu Sikuya,518,U.E. Capunita,5009201,2,96,46,34,10,90,46,90
2,Bustillo,3,Llallagua,3142,Uyuni,547,U.E. Uyuni,5009211,1,240,198,10,15,223,198,223
2,Bustillo,3,Llallagua,3142,Uyuni,547,U.E. Uyuni,5009221,2,172,133,20,17,170,133,170
2,Bustillo,3,Llallagua,3387,Saca Saca,1,Esc. Chiru Chiru,5009131,1,215,63,107,17,187,63,187
2,Bustillo,3,Llallagua,3496,Jisk'anqui,1,U.E. Elizardo Pérez,5009141,1,240,75,109,30,214,75,214
2,Bustillo,3,Llallagua,3496,Jisk'anqui,1,U.E. Elizardo Pérez,5009151,2,42,19,15,4,38,19,38
3,Cornelio Saavedra,3,Tacobamba,1555,Tacobamba,123,U.E. José Alonso de Ibañez,5011721,2,240,28,133,8,169,28,169
3,Cornelio Saavedra,3,Tacobamba,1561,Yawacari,129,Esc. Yaguacari,5011811,1,55,22,25,2,49,22,49
3,Cornelio Saavedra,3,Tacobamba,1564,Rodeo,132,Esc. Rodeo,5011841,1,246,139,59,9,207,139,207
4,Chayanta,2,Ravelo,1583,Huaycoma,152,Esc. Huaycoma,5012551,1,187,37,82,8,127,37,127
4,Chayanta,2,Ravelo,3284,Lamphasuni,1,Esc. Lamphasuni,5012301,1,130,24,83,8,115,24,115
4,Chayanta,2,Ravelo,3326,Teja Molino,1,Esc. Secc. Teja Molino,5012311,1,246,36,143,2,181,36,181
4,Chayanta,5,San Pedro de Macha,1569,Uluchi,139,U. E. Elizardo Perez,5013711,1,240,62,138,6,206,62,206
4,Chayanta,5,San Pedro de Macha,1569,Uluchi,139,U. E. Elizardo Perez,5013721,2,240,24,148,13,185,24,185
4,Chayanta,5,San Pedro de Macha,1569,Uluchi,139,U. E. Elizardo Perez,5013731,3,240,62,124,10,196,62,196
4,Chayanta,5,San Pedro de Macha,1569,Uluchi,139,U. E. Elizardo Perez,5013741,4,29,8,16,0,24,8,24
4,Chayanta,5,San Pedro de Macha,1573,Ayoma,141,U. E. Franz Tamayo De Ayoma,5013751,1,240,25,136,17,178,25,178
4,Chayanta,5,San Pedro de Macha,1573,Ayoma,141,U. E. Franz Tamayo De Ayoma,5013761,2,240,52,120,12,184,52,184
4,Chayanta,5,San Pedro de Macha,4055,Milluri,25386,U. E. Avelino Siñani de Milluri,5013851,1,150,34,95,8,137,34,137
6,Nor Chichas,1,Cotagaita,1618,Cotagaita,189,U.E. Manuel Jose Cortez,5014831,1,240,105,85,15,205,105,205
6,Nor Chichas,1,Cotagaita,1618,Cotagaita,189,U.E. Manuel Jose Cortez,5014841,2,240,104,93,9,206,104,206
6,Nor Chichas,1,Cotagaita,1618,Cotagaita,189,U.E. Manuel Jose Cortez,5014851,3,240,100,95,8,203,100,203
6,Nor Chichas,1,Cotagaita,1618,Cotagaita,189,U.E. Manuel Jose Cortez,5014861,4,240,104,87,16,207,104,207
6,Nor Chichas,1,Cotagaita,1618,Cotagaita,189,U.E. Manuel Jose Cortez,5014871,5,240,107,86,11,204,107,204
6,Nor Chichas,1,Cotagaita,1618,Cotagaita,189,U.E. Manuel Jose Cortez,5014881,6,240,105,99,8,212,105,212
6,Nor Chichas,1,Cotagaita,1618,Cotagaita,189,U.E. Manuel Jose Cortez,5014891,7,252,108,95,12,215,108,215
6,Nor Chichas,1,Cotagaita,1618,Cotagaita,190,Coleg. Carlos Medinaceli,5015321,1,240,114,98,10,222,114,222
6,Nor Chichas,1,Cotagaita,1618,Cotagaita,190,Coleg. Carlos Medinaceli,5015331,2,240,96,88,11,195,96,195
6,Nor Chichas,1,Cotagaita,1618,Cotagaita,190,Coleg. Carlos Medinaceli,5015341,3,240,95,91,12,198,95,198
6,Nor Chichas,1,Cotagaita,1618,Cotagaita,190,Coleg. Carlos Medinaceli,5015351,4,240,107,85,14,206,107,206
6,Nor Chichas,1,Cotagaita,1618,Cotagaita,190,Coleg. Carlos Medinaceli,5015361,5,240,94,99,13,206,94,206
6,Nor Chichas,1,Cotagaita,1618,Cotagaita,190,Coleg. Carlos Medinaceli,5015371,6,240,86,108,11,205,86,205
6,Nor Chichas,1,Cotagaita,1618,Cotagaita,190,Coleg. Carlos Medinaceli,5015381,7,198,83,76,11,170,83,170
6,Nor Chichas,1,Cotagaita,1622,Vichacla,196,U.E. Villa Imperial de Vichacla,5014951,1,244,101,84,22,207,101,207
6,Nor Chichas,1,Cotagaita,1624,Pampa Grande,198,U.E. Pampa Grande I,5014961,1,128,60,55,3,118,60,118
6,Nor Chichas,1,Cotagaita,1625,La Carreta,25452,U.E. El Rancho,5015301,1,78,32,28,4,64,32,64
6,Nor Chichas,1,Cotagaita,1628,Tasna Rosario,202,U.E. Carlos Medinaceli De Tasna Rosario,5015001,2,240,71,129,17,217,71,217
6,Nor Chichas,1,Cotagaita,1628,Tasna Rosario,202,U.E. Carlos Medinaceli De Tasna Rosario,5015021,4,99,36,56,0,92,36,92
6,Nor Chichas,1,Cotagaita,1629,Buen Retiro,203,U.E. Jose Alonzo De Ibañez,5015031,1,240,65,129,23,217,65,217
6,Nor Chichas,1,Cotagaita,1630,Cornaca,204,U.E. Cornaca,5015051,1,207,73,97,4,174,73,174
6,Nor Chichas,1,Cotagaita,1633,Cerro Colorado,206,U.E. Cerro Colorado,5015071,1,52,43,4,2,49,43,49
6,Nor Chichas,1,Cotagaita,1634,Mormorque,207,U.E. San Lorenzo,5015081,1,94,20,55,2,77,20,77
6,Nor Chichas,1,Cotagaita,1637,Vicchoca,208,U.E. Chui Chui,5015091,1,100,30,54,2,86,30,86
6,Nor Chichas,1,Cotagaita,1638,Laytapi,209,U.E. Laytapi,5015101,1,131,56,68,5,129,56,129
6,Nor Chichas,1,Cotagaita,1639,Ramadas,210,U.E. Ramadas,5015111,1,154,82,44,14,140,82,140
6,Nor Chichas,1,Cotagaita,1640,Villa Concepción,211,U.E. Villa Concepcion,5015121,1,164,77,83,2,162,77,162
6,Nor Chichas,1,Cotagaita,1645,Sagrario,218,U.E. Pedro Domingo Murillo De Sagrario,5015161,2,157,85,53,4,142,85,142
6,Nor Chichas,1,Cotagaita,2662,El Manzanal(Ayataqui),213,U.E. El Manzanal,5015131,1,73,40,17,0,57,40,57
6,Nor Chichas,1,Cotagaita,2663,Ascanty,214,U.E. Ascanty,5015141,1,240,76,98,3,177,76,177
6,Nor Chichas,1,Cotagaita,2664,Cotagaita (Cotagaitilla),191,U.E. Cotagaitilla,5014901,1,259,96,117,16,229,96,229
6,Nor Chichas,1,Cotagaita,2835,Totora I,474,U.E. El Porvenir A De Totora I,5015171,1,240,64,165,5,234,64,234
6,Nor Chichas,1,Cotagaita,2835,Totora I,474,U.E. El Porvenir A De Totora I,5015181,2,240,81,136,8,225,81,225
6,Nor Chichas,1,Cotagaita,2835,Totora I,474,U.E. El Porvenir A De Totora I,5015191,3,240,60,156,6,222,60,222
6,Nor Chichas,1,Cotagaita,2835,Totora I,474,U.E. El Porvenir A De Totora I,5015201,4,84,34,48,2,84,34,84
6,Nor Chichas,1,Cotagaita,3038,Tablaya Chica,525,U.E. 6 de Junio,5015271,1,235,100,97,14,211,100,211
6,Nor Chichas,1,Cotagaita,3328,Thapi Bajo,1,U.E. Villa San Lorenzo,5014801,1,238,47,150,5,202,47,202
6,Nor Chichas,1,Cotagaita,3391,Collpa Uno,1,U.E. Collpa Uno,5014811,1,214,106,92,2,200,106,200
6,Nor Chichas,1,Cotagaita,3502,Cazon,1,U.E. Tupac Katari,5014821,1,242,100,61,14,175,100,175
6,Nor Chichas,2,Vitiche,1642,Vitichi,215,U.E. Tomas Frias,5015391,1,240,76,117,8,201,76,201
6,Nor Chichas,2,Vitiche,1642,Vitichi,215,U.E. Tomas Frias,5015401,2,240,74,124,5,203,74,203
6,Nor Chichas,2,Vitiche,1642,Vitichi,215,U.E. Tomas Frias,5015411,3,240,70,117,13,200,70,200
6,Nor Chichas,2,Vitiche,1642,Vitichi,215,U.E. Tomas Frias,5015421,4,240,98,104,4,206,98,206
6,Nor Chichas,2,Vitiche,1642,Vitichi,215,U.E. Tomas Frias,5015431,5,240,70,125,8,203,70,203
6,Nor Chichas,2,Vitiche,1642,Vitichi,215,U.E. Tomas Frias,5015441,6,96,46,34,0,80,46,80
6,Nor Chichas,2,Vitiche,1643,Ayoma Baja,489,U.E. Ayoma Baja,5015531,1,132,44,70,3,117,44,117
6,Nor Chichas,2,Vitiche,1644,Calcha,217,U.E. Calcha,5015451,1,240,68,128,1,197,68,197
6,Nor Chichas,2,Vitiche,1644,Calcha,217,U.E. Calcha,5015461,2,190,46,106,3,155,46,155
6,Nor Chichas,2,Vitiche,1648,Yawisla,222,U.E. Juan Pellegrini,5015501,1,240,80,111,13,204,80,204
6,Nor Chichas,2,Vitiche,1648,Yawisla,222,U.E. Juan Pellegrini,5015511,2,240,64,117,5,186,64,186
6,Nor Chichas,2,Vitiche,1648,Yawisla,222,U.E. Juan Pellegrini,5015521,3,23,10,10,0,20,10,20
6,Nor Chichas,2,Vitiche,3086,Estumilla,526,U.E. Estumilla,5015541,1,202,62,110,3,175,62,175
6,Nor Chichas,2,Vitiche,3155,Tusquiña,560,U.E. San Miguel de Tusquiña,5015571,1,240,84,106,8,198,84,198
6,Nor Chichas,2,Vitiche,3155,Tusquiña,560,U.E. San Miguel de Tusquiña,5015581,2,240,113,90,8,211,113,211
6,Nor Chichas,2,Vitiche,3155,Tusquiña,560,U.E. San Miguel de Tusquiña,5015591,3,53,27,17,4,48,27,48
6,Nor Chichas,2,Vitiche,3156,Peckajsi,559,U.E. Manuel Mora De Peckajsi,5015551,1,240,50,152,3,205,50,205
6,Nor Chichas,2,Vitiche,3156,Peckajsi,559,U.E. Manuel Mora De Peckajsi,5015561,2,57,24,29,0,53,24,53
6,Nor Chichas,2,Vitiche,3218,Calvi,581,U.E. Fray Angello Stellini de Calvi,5015601,1,240,112,85,4,201,112,201
6,Nor Chichas,2,Vitiche,3218,Calvi,581,U.E. Fray Angello Stellini de Calvi,5015611,2,139,49,78,0,127,49,127
7,Alonso de Ibáñez,1,Sacaca,1649,Sacaca,223,U. E. Alonso de Ibáñez,5015631,1,240,93,99,11,203,93,203
7,Alonso de Ibáñez,1,Sacaca,1649,Sacaca,223,U. E. Alonso de Ibáñez,5015641,2,240,99,94,23,216,99,216
7,Alonso de Ibáñez,1,Sacaca,1649,Sacaca,223,U. E. Alonso de Ibáñez,5015651,3,240,97,83,21,201,97,201
7,Alonso de Ibáñez,1,Sacaca,1649,Sacaca,223,U. E. Alonso de Ibáñez,5015671,5,240,87,77,20,184,87,184
7,Alonso de Ibáñez,1,Sacaca,1649,Sacaca,223,U. E. Alonso de Ibáñez,5015681,6,48,18,17,3,38,18,38
7,Alonso de Ibáñez,1,Sacaca,1649,Sacaca,31151,U. E. Ladislao Cabrera Fe y Alegría,5016031,1,240,96,108,11,215,96,215
7,Alonso de Ibáñez,1,Sacaca,1649,Sacaca,31151,U. E. Ladislao Cabrera Fe y Alegría,5016041,2,240,110,84,16,210,110,210
7,Alonso de Ibáñez,1,Sacaca,1649,Sacaca,31151,U. E. Ladislao Cabrera Fe y Alegría,5016051,3,240,93,91,24,208,93,208
7,Alonso de Ibáñez,1,Sacaca,1649,Sacaca,31151,U. E. Ladislao Cabrera Fe y Alegría,5016061,4,178,67,87,8,162,67,162
7,Alonso de Ibáñez,1,Sacaca,1651,Comunidad Jaroma,228,U.E. Mcal. Sucre B,5015771,1,240,99,82,20,201,99,201
7,Alonso de Ibáñez,1,Sacaca,1651,Comunidad Jaroma,228,U.E. Mcal. Sucre B,5015781,2,64,26,26,3,55,26,55
7,Alonso de Ibáñez,1,Sacaca,1654,Layupampa,224,Esc. Layupampa,5015691,1,240,117,92,7,216,117,216
7,Alonso de Ibáñez,1,Sacaca,1654,Layupampa,224,Esc. Layupampa,5015701,2,130,53,58,4,115,53,115
7,Alonso de Ibáñez,1,Sacaca,1656,Comunidad de Laytojo,230,U.E. Laytujo,5015791,1,240,132,90,12,234,132,234
7,Alonso de Ibáñez,1,Sacaca,1656,Comunidad de Laytojo,230,U.E. Laytujo,5015801,2,60,31,26,1,58,31,58
7,Alonso de Ibáñez,1,Sacaca,1660,Vila Vila,234,Esc. Vila Vila,5015901,2,240,148,78,5,231,148,231
7,Alonso de Ibáñez,1,Sacaca,1660,Vila Vila,234,Esc. Vila Vila,5015911,3,76,36,34,4,74,36,74
7,Alonso de Ibáñez,1,Sacaca,4059,Llapa Llapa,25390,U.E. Llapa Llapa,5015961,1,84,30,39,2,71,30,71
7,Alonso de Ibáñez,1,Sacaca,4060,Camacachi,25391,U.E. Kamacachi,5015971,1,257,112,100,12,224,112,224
7,Alonso de Ibáñez,1,Sacaca,4061,Jayu Jayu,25392,U.E. Jayu Jayu,5015981,1,214,72,125,7,204,72,204
7,Alonso de Ibáñez,1,Sacaca,4362,Cachari,26066,U.E. Juan Bautista,5016001,1,232,56,150,5,211,56,211
7,Alonso de Ibáñez,1,Sacaca,4363,Pichuya,26067,U.E.Pichuya,5016011,1,240,137,71,7,215,137,215
7,Alonso de Ibáñez,1,Sacaca,4363,Pichuya,26067,U.E.Pichuya,5016021,2,23,14,7,1,22,14,22
7,Alonso de Ibáñez,2,Caripuyo,1668,Comunidad Janco Janco,242,U.E. Janco Janco,5016191,1,240,113,93,9,215,113,215
8,Sud Chichas,1,Tupiza,1671,Tupiza,246,U. E. 26 de Agosto,5017431,14,240,110,59,23,192,110,192
8,Sud Chichas,1,Tupiza,1672,Chifloca,250,U. E. Chifloca,5016301,1,136,78,48,3,129,78,129
8,Sud Chichas,1,Tupiza,1674,Chillco(Chillcobija),252,U. E. San Miguel De Chillco,5016331,1,148,34,79,15,128,34,128
8,Sud Chichas,1,Tupiza,1675,Esmoraca,253,U. E. Simón Bolívar de Esmoraca,5016341,1,240,121,100,5,226,121,226
8,Sud Chichas,1,Tupiza,1675,Esmoraca,253,U. E. Simón Bolívar de Esmoraca,5016351,2,67,35,25,3,63,35,63
8,Sud Chichas,1,Tupiza,1676,Chuqui,254,U. E. Franz Tamayo,5016361,1,54,18,24,4,46,18,46
8,Sud Chichas,1,Tupiza,1680,Talina,260,U. E. Prudencio Guillen,5016441,1,169,50,88,2,140,50,140
8,Sud Chichas,1,Tupiza,1684,Quiriza,264,U. E. Jose Luis San Juan Garcia de Quiriza,5016481,1,205,140,33,11,184,140,184
8,Sud Chichas,1,Tupiza,1685,Espicaya,265,U. E. Espicaya,5016491,1,208,90,86,12,188,90,188
8,Sud Chichas,1,Tupiza,1686,Chaco Pampa,266,U. E. Chacopampa,5016501,1,240,101,92,20,213,101,213
8,Sud Chichas,1,Tupiza,1686,Chaco Pampa,266,U. E. Chacopampa,5016511,2,71,22,33,7,62,22,62
8,Sud Chichas,1,Tupiza,1687,Titi Hoyo,267,U. E. Titihoyo,5016521,1,96,48,34,5,87,48,87
8,Sud Chichas,1,Tupiza,1688,San José de Pampa Grande,268,U. E. Gral. Rufino Carrasco,5016531,1,251,110,88,10,208,110,208
8,Sud Chichas,1,Tupiza,1689,Oro Ingenio,269,U. E. Oro Ingenio,5016541,1,29,14,8,0,22,14,22
8,Sud Chichas,1,Tupiza,1691,Estarca,271,U. E. Estarca,5016561,1,171,62,82,10,154,62,154
8,Sud Chichas,1,Tupiza,1692,Santo Domingo (Candelaria),272,U. E. Santo Domingo,5016571,1,20,10,8,2,20,10,20
8,Sud Chichas,1,Tupiza,1695,Oploca,276,U. E. Juana Azurduy De Padilla,5016591,1,240,70,120,23,213,70,213
8,Sud Chichas,1,Tupiza,1695,Oploca,276,U. E. Juana Azurduy De Padilla,5016601,2,231,84,108,10,202,84,202
8,Sud Chichas,1,Tupiza,1696,Salo,277,U. E. San Juan Salo,5016611,1,240,94,96,8,198,94,198
8,Sud Chichas,1,Tupiza,1696,Salo,277,U. E. San Juan Salo,5016621,2,25,6,16,0,22,6,22
8,Sud Chichas,1,Tupiza,1697,Almona,278,U. E. Almona,5016631,1,179,60,85,10,155,60,155
8,Sud Chichas,1,Tupiza,1700,San Miguel,281,U. E. San Miguel,5016661,1,153,77,46,13,136,77,136
8,Sud Chichas,1,Tupiza,2666,Kuchu,255,U. E. Cucho,5016371,1,67,26,29,4,59,26,59
8,Sud Chichas,1,Tupiza,2667,Tapaxa,492,U. E. Tapaxa,5016681,1,108,42,48,4,94,42,94
8,Sud Chichas,1,Tupiza,2668,Huariraca,273,U. E. Huariraca,5016581,1,37,14,17,0,31,14,31
8,Sud Chichas,1,Tupiza,2851,El Molino(Sud Chichas),477,U. E. El Molino,5016671,1,62,35,13,4,52,35,52
8,Sud Chichas,1,Tupiza,2916,Zapatera,493,U. E. 1ro. de Mayo De Zapatera,5016691,1,34,31,3,0,34,31,34
8,Sud Chichas,1,Tupiza,4081,El Monte,25487,U.E. 6 de Junio de el Monte,5016731,1,82,52,21,2,75,52,75
8,Sud Chichas,2,Atocha,1702,Atocha,283,U. E. Gregorio Pacheco,5017761,1,240,109,85,14,208,109,208
8,Sud Chichas,2,Atocha,1702,Atocha,283,U. E. Gregorio Pacheco,5017771,2,240,107,75,36,218,107,218
8,Sud Chichas,2,Atocha,1702,Atocha,283,U. E. Gregorio Pacheco,5017781,3,240,97,80,25,202,97,202
8,Sud Chichas,2,Atocha,1702,Atocha,283,U. E. Gregorio Pacheco,5017791,4,240,93,81,26,200,93,200
8,Sud Chichas,2,Atocha,1702,Atocha,284,U. E. Eduardo Abaroa,5017821,2,240,106,69,21,196,106,196
8,Sud Chichas,2,Atocha,1703,Telamayu,285,U. E. Bolivia,5017851,2,240,108,80,26,214,108,214
8,Sud Chichas,2,Atocha,1703,Telamayu,285,U. E. Bolivia,5017861,3,84,35,24,8,67,35,67
8,Sud Chichas,2,Atocha,1704,Gran Chocaya,286,U. E. Hernan Siles Zuazo,5017871,1,58,24,19,7,50,24,50
8,Sud Chichas,2,Atocha,1705,Animas,287,U. E. Mcal. Sucre,5017901,3,240,121,89,18,228,121,228
8,Sud Chichas,2,Atocha,1708,Santa Barbara,25450,Col. Chorolque,5018051,4,240,91,114,16,221,91,221
8,Sud Chichas,2,Atocha,1708,Santa Barbara,25450,Col. Chorolque,5018061,5,111,40,64,3,107,40,107
9,Nor Lipez,1,"Colcha ""K""",1720,Santiago de Agencha,304,Esc. Tomas Frias,5018351,1,124,98,13,5,116,98,116
9,Nor Lipez,1,"Colcha ""K""",1721,Atulcha,305,U.E. Luis Espinal,5018361,1,66,32,28,2,62,32,62
9,Nor Lipez,1,"Colcha ""K""",1722,Puerto Chuvica,306,U. E. Juana Azurduy de Padilla,5018371,1,53,35,13,1,49,35,49
9,Nor Lipez,1,"Colcha ""K""",1723,Llavica,307,U.E. Alonso de Ibañez de Llavica,5018381,1,76,37,25,0,62,37,62
9,Nor Lipez,2,San Pedro de Quemes,1728,Avaroa,313,U. E. Eduardo Abaroa de Estación Abaroa,5018511,1,24,19,3,0,22,19,22
9,Nor Lipez,2,San Pedro de Quemes,3250,Pajancha,584,Salón Comunal,5018531,1,27,16,7,0,23,16,23
10,Sud Lipez,1,San Pablo,1731,San Pablo de Lipez,25448,U.E. Colorados De Bolivia de San Pablo de Lipez,5018641,1,92,49,20,8,77,49,77
10,Sud Lipez,1,San Pablo,1732,Polulos,317,U. E. Nueva Esperanza de Polulos,5018541,1,163,68,54,22,144,68,144
10,Sud Lipez,1,San Pablo,1733,Santa Isabel,318,U.E. Cóndor de Los Andes Santa Isabel,5018551,1,82,26,50,2,78,26,78
10,Sud Lipez,1,San Pablo,1734,Cerrillos,319,U. E. Eduardo Abaroa de Cerrillos,5018561,1,79,29,31,5,65,29,65
10,Sud Lipez,1,San Pablo,1736,San Antonio de Lipez,320,U.E. Villa Porvenir de San Antonio de Lípez,5018571,1,166,71,59,17,147,71,147
10,Sud Lipez,1,San Pablo,1737,Quetena Grande,322,U.E. Eduardo Abaroa de Quetena Grande,5018591,1,68,41,18,4,63,41,63
10,Sud Lipez,1,San Pablo,1738,Quetena Chico,323,U.E. Colorados de Bolivia de Quetena Chico,5018601,1,255,162,78,9,249,162,249
10,Sud Lipez,1,San Pablo,2671,Relave,321,U.E. Villa Imperial,5018581,1,61,29,17,7,53,29,53
10,Sud Lipez,1,San Pablo,2840,Río San Pablo,480,U.E. Alonso de Ibáñez de Río San Pablo,5018621,1,99,39,38,7,84,39,84
10,Sud Lipez,1,San Pablo,2841,Viluyo (Sud Lipez),479,U.E. Nuevos Horizontes de Viluyo,5018611,1,89,17,47,11,75,17,75
10,Sud Lipez,1,San Pablo,2920,Comunidad de Kollpani,494,U.E. 23 de Marzo de Kollpani,5018631,1,59,31,12,8,51,31,51
10,Sud Lipez,3,San Antonio de Esmoruco,1735,Guadalupe (Sud Lipez),331,U.E. Francia de Guadalupe,5018741,1,111,64,25,15,104,64,104
10,Sud Lipez,3,San Antonio de Esmoruco,1743,San Antonio de Esmoruco,330,U.E. Calama de San Antonio de Esmoruco,5018721,1,240,81,101,19,201,81,201
10,Sud Lipez,3,San Antonio de Esmoruco,1743,San Antonio de Esmoruco,330,U.E. Calama de San Antonio de Esmoruco,5018731,2,52,16,19,5,40,16,40
10,Sud Lipez,3,San Antonio de Esmoruco,3039,Rio Chilenas,527,U.E. Río Chilenas,5018751,1,45,22,20,1,43,22,43
11,José María Linares,1,Puna,1744,Puna(C.Villa Talavera),332,Esc. Jose Maria Linares,5018811,1,240,87,98,12,197,87,197
11,José María Linares,1,Puna,1744,Puna(C.Villa Talavera),332,Esc. Jose Maria Linares,5018831,3,240,72,128,12,212,72,212
11,José María Linares,1,Puna,1744,Puna(C.Villa Talavera),332,Esc. Jose Maria Linares,5018841,4,240,97,89,17,203,97,203
11,José María Linares,1,Puna,1744,Puna(C.Villa Talavera),333,Coleg. Litoral,5019211,2,240,90,93,13,196,90,196
11,José María Linares,1,Puna,1744,Puna(C.Villa Talavera),333,Coleg. Litoral,5019221,3,240,78,109,11,198,78,198
11,José María Linares,1,Puna,1744,Puna(C.Villa Talavera),333,Coleg. Litoral,5019231,4,240,71,107,21,199,71,199
11,José María Linares,1,Puna,1744,Puna(C.Villa Talavera),333,Coleg. Litoral,5019241,5,49,14,24,1,39,14,39
11,José María Linares,1,Puna,1745,Yascapi,334,U.E. Fray José Antonio Zampa De Yascapi,5018861,1,222,67,103,3,173,67,173
11,José María Linares,1,Puna,1747,Miculpaya,336,U.E. Miculpaya,5018881,2,151,68,60,4,132,68,132
11,José María Linares,1,Puna,1749,San Lorenzo,338,U.E. Luis Espinal De San Lorenzo,5018901,1,213,56,107,8,171,56,171
11,José María Linares,1,Puna,1750,Suquicha,339,U.E. Fray Franco Valli Brogi De Suquicha,5018911,1,240,101,77,7,185,101,185
11,José María Linares,1,Puna,1750,Suquicha,339,U.E. Fray Franco Valli Brogi De Suquicha,5018921,2,73,33,25,2,60,33,60
11,José María Linares,1,Puna,1751,Esmeralda Baja,340,U.E. 20 de Octubre,5018931,1,240,74,128,7,209,74,209
11,José María Linares,1,Puna,1751,Esmeralda Baja,340,U.E. 20 de Octubre,5018941,2,114,33,66,4,103,33,103
11,José María Linares,1,Puna,1753,Otavi,342,U.E. Otavi Simon Bolivar,5018951,1,240,76,101,12,189,76,189
11,José María Linares,1,Puna,1753,Otavi,342,U.E. Otavi Simon Bolivar,5018961,2,240,71,103,12,186,71,186
11,José María Linares,1,Puna,1753,Otavi,342,U.E. Otavi Simon Bolivar,5018971,3,172,60,73,4,137,60,137
11,José María Linares,1,Puna,1754,Kepallo,343,U.E. Mariscal Andres De Santa Cruz de Kepallo,5018991,2,232,98,84,3,185,98,185
11,José María Linares,1,Puna,1755,Nuqui,344,U.E. Ñuqui,5019001,1,240,128,53,18,199,128,199
11,José María Linares,1,Puna,1755,Nuqui,344,U.E. Ñuqui,5019011,2,43,24,7,2,33,24,33
11,José María Linares,1,Puna,1760,Vilacaya,349,U.E. Vilacaya,5019041,1,240,58,136,10,204,58,204
11,José María Linares,1,Puna,1760,Vilacaya,349,U.E. Vilacaya,5019051,2,85,28,41,7,76,28,76
11,José María Linares,1,Puna,1766,Chillcani (Zona D),355,U.E. German Busch,5019061,1,149,45,81,9,135,45,135
11,José María Linares,1,Puna,3042,Molino Pampa,531,U.E. Molino Pampa,5019121,1,219,84,93,1,178,84,178
11,José María Linares,1,Puna,3153,Turquiña,562,U.E. Turquiña,5019131,1,156,81,46,2,129,81,129
11,José María Linares,1,Puna,3154,Chacabuco (Estancia Chinoli),563,U.E. Gerardo Maldini de Chacabuco (Estacion Chinoli),5019151,2,68,23,35,1,59,23,59
11,José María Linares,1,Puna,3392,Vilamani,1,U.E. Vilamani,5018791,1,147,49,78,1,128,49,128
11,José María Linares,2,"Caiza ""D""",1770,Tuctapari,358,U.E. Clovis Lanza Enriquez,5019351,1,240,85,115,5,205,85,205
11,José María Linares,2,"Caiza ""D""",1775,Hornos,363,U.E. Elizardo Perez de Hornos,5019431,1,240,58,121,19,198,58,198
11,José María Linares,2,"Caiza ""D""",1775,Hornos,363,U.E. Elizardo Perez de Hornos,5019441,2,80,23,37,7,67,23,67
11,José María Linares,3,Ckochas,1762,Calapaya,351,U.E. Qhalapaya,5019711,1,222,54,128,0,182,54,182
11,José María Linares,3,Ckochas,1764,Keluyo,353,U.E. Keluyo,5019761,1,240,78,107,1,186,78,186
11,José María Linares,3,Ckochas,1764,Keluyo,353,U.E. Keluyo,5019771,2,123,64,24,9,97,64,97
11,José María Linares,3,Ckochas,3151,Suchina Baja,564,U.E. Suchina,5019851,1,102,46,41,4,91,46,91
11,José María Linares,3,Ckochas,3273,Capellani,1,U.E. Capellani,5019571,1,124,16,74,1,91,16,91
11,José María Linares,3,Ckochas,3275,Uyuni,1,U.E. Uyuni,5019581,1,240,71,115,3,189,71,189
11,José María Linares,3,Ckochas,3275,Uyuni,1,U.E. Uyuni,5019591,2,21,12,6,0,18,12,18
12,Antonio Quijarro,1,Uyuni,1778,Uyuni,367,U.A.T.F. Carrera de Economía Sede Uyuni,5020801,1,240,99,94,9,202,99,202
12,Antonio Quijarro,1,Uyuni,1778,Uyuni,367,U.A.T.F. Carrera de Economía Sede Uyuni,5020811,2,240,85,97,23,205,85,205
12,Antonio Quijarro,1,Uyuni,1778,Uyuni,367,U.A.T.F. Carrera de Economía Sede Uyuni,5020821,3,240,105,92,17,214,105,214
12,Antonio Quijarro,1,Uyuni,1778,Uyuni,367,U.A.T.F. Carrera de Economía Sede Uyuni,5020831,4,240,79,103,20,202,79,202
12,Antonio Quijarro,1,Uyuni,1778,Uyuni,367,U.A.T.F. Carrera de Economía Sede Uyuni,5020841,5,240,84,108,17,209,84,209
12,Antonio Quijarro,1,Uyuni,1778,Uyuni,367,U.A.T.F. Carrera de Economía Sede Uyuni,5020861,7,240,99,101,19,219,99,219
12,Antonio Quijarro,1,Uyuni,1778,Uyuni,367,U.A.T.F. Carrera de Economía Sede Uyuni,5020871,8,240,98,83,20,201,98,201
12,Antonio Quijarro,1,Uyuni,1778,Uyuni,367,U.A.T.F. Carrera de Economía Sede Uyuni,5020881,9,139,49,62,11,122,49,122
12,Antonio Quijarro,1,Uyuni,1778,Uyuni,368,U.E. Uyuni A,5020641,1,240,105,79,16,200,105,200
12,Antonio Quijarro,1,Uyuni,1778,Uyuni,368,U.E. Uyuni A,5020651,2,240,107,89,18,214,107,214
12,Antonio Quijarro,1,Uyuni,1778,Uyuni,368,U.E. Uyuni A,5020671,4,240,93,95,18,206,93,206
12,Antonio Quijarro,1,Uyuni,1778,Uyuni,368,U.E. Uyuni A,5020681,5,240,100,89,21,210,100,210
12,Antonio Quijarro,1,Uyuni,1778,Uyuni,368,U.E. Uyuni A,5020701,7,240,100,93,16,209,100,209
12,Antonio Quijarro,1,Uyuni,1778,Uyuni,368,U.E. Uyuni A,5020711,8,240,110,83,20,213,110,213
12,Antonio Quijarro,1,Uyuni,1778,Uyuni,368,U.E. Uyuni A,5020721,9,73,28,33,3,64,28,64
12,Antonio Quijarro,1,Uyuni,1778,Uyuni,369,U.E. Potosi,5020731,1,240,88,91,21,200,88,200
12,Antonio Quijarro,1,Uyuni,1778,Uyuni,369,U.E. Potosi,5020741,2,240,84,95,26,205,84,205
12,Antonio Quijarro,1,Uyuni,1778,Uyuni,369,U.E. Potosi,5020751,3,240,89,83,28,200,89,200
12,Antonio Quijarro,1,Uyuni,1778,Uyuni,369,U.E. Potosi,5020761,4,240,87,96,22,205,87,205
12,Antonio Quijarro,1,Uyuni,1778,Uyuni,369,U.E. Potosi,5020781,6,240,87,88,21,196,87,196
12,Antonio Quijarro,1,Uyuni,1778,Uyuni,371,U.E. Jaime De Zudañes,5020371,1,240,105,79,9,193,105,193
12,Antonio Quijarro,1,Uyuni,1778,Uyuni,371,U.E. Jaime De Zudañes,5020381,2,240,100,74,19,193,100,193
12,Antonio Quijarro,1,Uyuni,1778,Uyuni,371,U.E. Jaime De Zudañes,5020391,3,240,97,79,19,195,97,195
12,Antonio Quijarro,1,Uyuni,1778,Uyuni,371,U.E. Jaime De Zudañes,5020401,4,240,110,85,16,211,110,211
12,Antonio Quijarro,1,Uyuni,1778,Uyuni,371,U.E. Jaime De Zudañes,5020411,5,240,109,75,20,204,109,204
12,Antonio Quijarro,1,Uyuni,1778,Uyuni,371,U.E. Jaime De Zudañes,5020421,6,240,113,59,19,191,113,191
12,Antonio Quijarro,1,Uyuni,1778,Uyuni,574,U.E. Antonio Quijarro,5020431,1,240,112,76,18,206,112,206
12,Antonio Quijarro,1,Uyuni,1778,Uyuni,574,U.E. Antonio Quijarro,5020441,2,240,100,76,26,202,100,202
12,Antonio Quijarro,1,Uyuni,1778,Uyuni,574,U.E. Antonio Quijarro,5020451,3,240,103,89,15,207,103,207
12,Antonio Quijarro,1,Uyuni,1778,Uyuni,574,U.E. Antonio Quijarro,5020461,4,240,99,91,17,207,99,207
12,Antonio Quijarro,1,Uyuni,1778,Uyuni,574,U.E. Antonio Quijarro,5020471,5,240,108,85,14,207,108,207
12,Antonio Quijarro,1,Uyuni,1778,Uyuni,574,U.E. Antonio Quijarro,5020481,6,240,94,89,16,199,94,199
12,Antonio Quijarro,1,Uyuni,1778,Uyuni,574,U.E. Antonio Quijarro,5020491,7,240,110,71,15,196,110,196
12,Antonio Quijarro,1,Uyuni,1778,Uyuni,574,U.E. Antonio Quijarro,5020501,8,240,118,60,14,192,118,192
12,Antonio Quijarro,1,Uyuni,1778,Uyuni,25492,U.E. Miraflores,5020541,3,240,97,68,21,186,97,186
12,Antonio Quijarro,1,Uyuni,1778,Uyuni,25492,U.E. Miraflores,5020561,5,240,106,82,13,201,106,201
12,Antonio Quijarro,1,Uyuni,1778,Uyuni,25493,U.E. Juana Azurduy De Padilla,5020161,2,240,89,75,21,185,89,185
12,Antonio Quijarro,1,Uyuni,1778,Uyuni,25493,U.E. Juana Azurduy De Padilla,5020171,3,240,87,74,14,175,87,175
12,Antonio Quijarro,1,Uyuni,1778,Uyuni,25493,U.E. Juana Azurduy De Padilla,5020201,6,240,100,66,18,184,100,184
12,Antonio Quijarro,1,Uyuni,1778,Uyuni,26494,(Cárcel) Centro de Readaptación Productiva Uyuni,5020891,1,135,58,59,5,122,58,122
12,Antonio Quijarro,1,Uyuni,1778,Uyuni,31130,U.E. Antofagasta,5020231,2,240,87,72,17,176,87,176
12,Antonio Quijarro,1,Uyuni,1778,Uyuni,31130,U.E. Antofagasta,5020241,3,240,103,70,22,195,103,195
12,Antonio Quijarro,1,Uyuni,1778,Uyuni,31130,U.E. Antofagasta,5020251,4,240,99,73,13,185,99,185
12,Antonio Quijarro,1,Uyuni,1778,Uyuni,31130,U.E. Antofagasta,5020261,5,240,112,65,16,193,112,193
12,Antonio Quijarro,1,Uyuni,1778,Uyuni,31130,U.E. Antofagasta,5020271,6,240,103,81,19,203,103,203
12,Antonio Quijarro,1,Uyuni,1778,Uyuni,31130,U.E. Antofagasta,5020281,7,240,98,75,13,186,98,186
12,Antonio Quijarro,1,Uyuni,1778,Uyuni,31130,U.E. Antofagasta,5020291,8,240,91,51,23,165,91,165
12,Antonio Quijarro,1,Uyuni,1778,Uyuni,31130,U.E. Antofagasta,5020301,9,252,88,51,15,154,88,154
12,Antonio Quijarro,1,Uyuni,1778,Uyuni,31131,U.E. Aniceto Arce  A,5020311,1,240,86,80,27,193,86,193
12,Antonio Quijarro,1,Uyuni,1778,Uyuni,31131,U.E. Aniceto Arce  A,5020321,2,240,95,72,16,183,95,183
12,Antonio Quijarro,1,Uyuni,1778,Uyuni,31131,U.E. Aniceto Arce  A,5020331,3,240,97,88,27,212,97,212
12,Antonio Quijarro,1,Uyuni,1778,Uyuni,31131,U.E. Aniceto Arce  A,5020341,4,240,100,74,24,198,100,198
12,Antonio Quijarro,1,Uyuni,1778,Uyuni,31131,U.E. Aniceto Arce  A,5020351,5,240,104,84,21,209,104,209
12,Antonio Quijarro,1,Uyuni,1778,Uyuni,31131,U.E. Aniceto Arce  A,5020361,6,253,118,83,23,224,118,224
12,Antonio Quijarro,1,Uyuni,1785,Chacala,380,U.E. Eduardo Abaroa de Chacala,5020041,1,251,95,107,15,217,95,217
12,Antonio Quijarro,1,Uyuni,1788,Chita,383,U.E. Franz Tamayo,5020071,1,156,89,46,5,140,89,140
12,Antonio Quijarro,3,Porco,1805,Porco,401,U.E. Santa Rosa,5021101,1,240,113,92,11,216,113,216
12,Antonio Quijarro,3,Porco,1805,Porco,401,U.E. Santa Rosa,5021111,2,240,106,109,6,221,106,221
12,Antonio Quijarro,3,Porco,1805,Porco,401,U.E. Santa Rosa,5021121,3,240,95,111,5,211,95,211
12,Antonio Quijarro,3,Porco,1805,Porco,401,U.E. Santa Rosa,5021141,5,240,98,99,20,217,98,217
12,Antonio Quijarro,3,Porco,1805,Porco,401,U.E. Santa Rosa,5021151,6,240,99,92,22,213,99,213
12,Antonio Quijarro,3,Porco,1805,Porco,401,U.E. Santa Rosa,5021161,7,240,84,113,13,210,84,210
12,Antonio Quijarro,3,Porco,1805,Porco,401,U.E. Santa Rosa,5021171,8,240,98,105,12,215,98,215
12,Antonio Quijarro,3,Porco,1805,Porco,401,U.E. Santa Rosa,5021181,9,240,108,98,9,215,108,215
12,Antonio Quijarro,3,Porco,1805,Porco,401,U.E. Santa Rosa,5021191,10,240,119,84,8,211,119,211
12,Antonio Quijarro,3,Porco,1805,Porco,401,U.E. Santa Rosa,5021201,11,78,28,38,1,67,28,67
12,Antonio Quijarro,3,Porco,1805,Porco,402,U.E. Jose Maria Linares,5021341,1,240,110,107,2,219,110,219
12,Antonio Quijarro,3,Porco,1805,Porco,402,U.E. Jose Maria Linares,5021351,2,240,94,108,11,213,94,213
12,Antonio Quijarro,3,Porco,1805,Porco,402,U.E. Jose Maria Linares,5021361,3,240,115,86,15,216,115,216
12,Antonio Quijarro,3,Porco,1805,Porco,402,U.E. Jose Maria Linares,5021371,4,240,109,99,6,214,109,214
12,Antonio Quijarro,3,Porco,1805,Porco,402,U.E. Jose Maria Linares,5021381,5,240,124,77,9,210,124,210
12,Antonio Quijarro,3,Porco,1805,Porco,402,U.E. Jose Maria Linares,5021391,6,240,117,94,9,220,117,220
12,Antonio Quijarro,3,Porco,1805,Porco,402,U.E. Jose Maria Linares,5021401,7,215,96,73,8,177,96,177
12,Antonio Quijarro,3,Porco,1806,Agua de Castilla,403,Esc. Agua Castilla,5021211,1,240,113,89,7,209,113,209
12,Antonio Quijarro,3,Porco,1806,Agua de Castilla,403,Esc. Agua Castilla,5021221,2,240,102,102,9,213,102,213
12,Antonio Quijarro,3,Porco,1806,Agua de Castilla,403,Esc. Agua Castilla,5021231,3,240,113,88,8,209,113,209
12,Antonio Quijarro,3,Porco,1806,Agua de Castilla,403,Esc. Agua Castilla,5021241,4,240,105,96,8,209,105,209
12,Antonio Quijarro,3,Porco,1806,Agua de Castilla,403,Esc. Agua Castilla,5021261,6,240,116,99,6,221,116,221
12,Antonio Quijarro,3,Porco,1806,Agua de Castilla,403,Esc. Agua Castilla,5021271,7,138,69,45,8,122,69,122
12,Antonio Quijarro,3,Porco,1810,Carma,409,U.E. Antonio Quijarro de Carma,5021331,1,169,76,70,1,147,76,147
12,Antonio Quijarro,3,Porco,2675,Chichuyo,405,U.E. Gualberto Villarroel De Chichuyo,5021291,1,102,35,53,2,90,35,90
12,Antonio Quijarro,3,Porco,3937,Torcuyo,1,U.E. San Antonio de Torcuyo,5021091,1,123,32,75,2,109,32,109
12,Antonio Quijarro,4,TIOC Jatun Ayllu Yura,1792,Yura,387,U.E. Mariscal Jose De Sucre,5021451,2,240,60,134,10,204,60,204
12,Antonio Quijarro,4,TIOC Jatun Ayllu Yura,1793,Caracota,388,U.E. Ricardo Cruz,5021481,1,175,55,83,7,145,55,145
12,Antonio Quijarro,4,TIOC Jatun Ayllu Yura,1794,Tauro,389,U.E. German Busch,5021491,1,229,56,132,13,201,56,201
12,Antonio Quijarro,4,TIOC Jatun Ayllu Yura,2836,Pelca,475,U.E. Franz Tamayo,5021501,1,240,73,112,18,203,73,203
12,Antonio Quijarro,4,TIOC Jatun Ayllu Yura,2836,Pelca,475,U.E. Franz Tamayo,5021511,2,63,42,13,4,59,42,59
12,Antonio Quijarro,4,TIOC Jatun Ayllu Yura,3160,Charara,567,U.E. Rafael Pabon,5021531,1,81,36,35,3,74,36,74
12,Antonio Quijarro,4,TIOC Jatun Ayllu Yura,3282,Tatuca,1,U.E. Julio Laredo,5021421,1,172,49,96,3,148,49,148
12,Antonio Quijarro,4,TIOC Jatun Ayllu Yura,3505,Punutuma,1,Col. Simon Rodriguez Carreño,5021431,1,230,97,94,10,201,97,201
14,Daniel Campos,1,Llica,1827,Llica,426,E.S.F.M. Franz Tamayo,5021771,1,240,109,82,12,203,109,203
14,Daniel Campos,1,Llica,1827,Llica,426,E.S.F.M. Franz Tamayo,5021791,3,240,104,79,20,203,104,203
14,Daniel Campos,1,Llica,1827,Llica,426,E.S.F.M. Franz Tamayo,5021821,6,240,106,69,19,194,106,194
14,Daniel Campos,1,Llica,1828,Cahuana,427,U.E. Bernabe Ledezma,5021841,1,71,24,32,4,60,24,60
14,Daniel Campos,1,Llica,1829,Palaya,428,U.E. Palaya,5021851,1,105,46,49,3,98,46,98
14,Daniel Campos,1,Llica,1830,Chacoma,429,U.E. Pedro Garcia Ignacio,5021861,1,68,31,24,3,58,31,58
14,Daniel Campos,1,Llica,1831,Tres Cruces,430,U.E. Elizardo Perez,5021871,1,59,32,16,3,51,32,51
14,Daniel Campos,1,Llica,1832,Canquella,431,U.E. Canquella,5021881,1,77,22,31,6,59,22,59
14,Daniel Campos,1,Llica,1833,Sejsihua,432,U.E. Manuel Antonio Aguirre Abra de Napa,5021891,1,82,37,21,3,61,37,61
14,Daniel Campos,1,Llica,2677,Tamancaza,438,U. E. Tamancaza,5021901,1,19,8,3,1,12,8,12
14,Daniel Campos,1,Llica,2678,Villque,439,U.E. Villque,5021911,1,23,16,4,1,21,16,21
14,Daniel Campos,1,Llica,2679,Villa Aroma,440,Esc. Villa Aroma,5021921,1,27,14,9,3,26,14,26
14,Daniel Campos,1,Llica,3331,Huanaque,476,U.E. Huanaque,5021931,1,92,40,35,0,75,40,75
14,Daniel Campos,2,Tahua,1834,Tahua,433,U. E. Daniel Campos,5021941,1,233,115,75,9,199,115,199
14,Daniel Campos,2,Tahua,1835,Alianza,434,U.E. Bernabe Ledezma,5021951,1,65,47,14,0,61,47,61
14,Daniel Campos,2,Tahua,1836,Yonza,435,U.E. Franz Tamayo,5021961,1,117,64,35,5,104,64,104
14,Daniel Campos,2,Tahua,1838,Cacoma,437,U.E. Aniceto Arce,5021971,1,20,9,4,1,14,9,14
14,Daniel Campos,2,Tahua,1839,Caquena,441,U.E. Caquena,5021981,1,89,51,24,0,75,51,75
14,Daniel Campos,2,Tahua,1840,Coqueza,442,U.E. German Busch,5021991,1,49,26,16,2,44,26,44
15,Modesto Omiste,1,Villazón,1841,Villazón,444,U.E. 1ro de Mayo,5022301,2,240,110,83,16,209,110,209
15,Modesto Omiste,1,Villazón,1841,Villazón,444,U.E. 1ro de Mayo,5022311,3,240,85,112,10,207,85,207
15,Modesto Omiste,1,Villazón,1841,Villazón,444,U.E. 1ro de Mayo,5022401,12,240,92,97,18,207,92,207
15,Modesto Omiste,1,Villazón,1841,Villazón,444,U.E. 1ro de Mayo,5022421,14,240,95,88,26,209,95,209
15,Modesto Omiste,1,Villazón,1841,Villazón,444,U.E. 1ro de Mayo,5022431,15,240,102,71,17,190,102,190
15,Modesto Omiste,1,Villazón,1841,Villazón,466,Colegio 9 de Abril,5022691,1,240,107,75,14,196,107,196
15,Modesto Omiste,1,Villazón,1841,Villazón,466,Colegio 9 de Abril,5022701,2,240,110,73,12,195,110,195
15,Modesto Omiste,1,Villazón,1841,Villazón,466,Colegio 9 de Abril,5022741,6,240,124,63,16,203,124,203
15,Modesto Omiste,1,Villazón,1841,Villazón,466,Colegio 9 de Abril,5022751,7,240,115,85,14,214,115,214
15,Modesto Omiste,1,Villazón,1841,Villazón,466,Colegio 9 de Abril,5022761,8,240,117,59,11,187,117,187
15,Modesto Omiste,1,Villazón,1841,Villazón,466,Colegio 9 de Abril,5022771,9,127,66,28,11,105,66,105
15,Modesto Omiste,1,Villazón,1841,Villazón,467,Esc. Daniel Campos,5022531,7,240,96,101,14,211,96,211
15,Modesto Omiste,1,Villazón,1841,Villazón,467,Esc. Daniel Campos,5022541,8,240,99,89,19,207,99,207
15,Modesto Omiste,1,Villazón,1842,Berque,448,Esc. Berque,5022001,1,204,62,95,24,181,62,181
15,Modesto Omiste,1,Villazón,1843,Mojo,449,U.E. Mojo,5022011,1,237,91,114,6,211,91,211
15,Modesto Omiste,1,Villazón,1844,Moraya,450,Esc. Moraya,5022021,1,108,41,46,4,91,41,91
15,Modesto Omiste,1,Villazón,1845,Sococha,451,Esc. Seccional Sococha,5022031,1,160,51,74,9,134,51,134
15,Modesto Omiste,1,Villazón,1846,Chagua,452,Esc. Seccional Chagua,5022041,1,197,76,75,6,157,76,157
15,Modesto Omiste,1,Villazón,1847,Casira,453,Esc. Sargento M. Paredes,5022051,1,240,61,115,21,197,61,197
15,Modesto Omiste,1,Villazón,1847,Casira,453,Esc. Sargento M. Paredes,5022061,2,36,8,19,1,28,8,28
15,Modesto Omiste,1,Villazón,1848,Chipiwayco,454,Coleg. Franz Tamayo,5022071,1,240,99,113,10,222,99,222
15,Modesto Omiste,1,Villazón,1848,Chipiwayco,454,Coleg. Franz Tamayo,5022081,2,75,31,34,3,68,31,68
15,Modesto Omiste,1,Villazón,1849,Sarcari,455,Esc. Sarcari,5022091,1,93,18,43,11,72,18,72
15,Modesto Omiste,1,Villazón,1850,Sn. Pedro de Sococha,456,Esc. San Pedro de Sococha,5022101,1,231,115,82,7,204,115,204
15,Modesto Omiste,1,Villazón,1851,Salitre,457,Esc. Salitre,5022111,1,103,29,54,8,91,29,91
15,Modesto Omiste,1,Villazón,1852,Sagnasti,458,Esc. Lizardo Perez,5022121,1,233,92,98,8,198,92,198
15,Modesto Omiste,1,Villazón,1853,Yuruma,459,Esc. Yuruma,5022131,1,240,85,116,8,209,85,209
15,Modesto Omiste,1,Villazón,1853,Yuruma,459,Esc. Yuruma,5022141,2,32,9,18,4,31,9,31
15,Modesto Omiste,1,Villazón,2839,Selocha,478,Esc. Seccional Selocha,5022151,1,114,47,54,0,101,47,101
15,Modesto Omiste,1,Villazón,4067,Cuartos,25398,U.E. Cuartos,5022161,1,82,21,53,4,78,21,78
15,Modesto Omiste,1,Villazón,4068,Chosconti,25399,Col. Mariscal Andres De Santa Cruz,5022171,1,150,72,62,4,138,72,138
15,Modesto Omiste,1,Villazón,4069,Mantacillas,25400,U.E. Mantacillas,5022181,1,240,74,111,16,201,74,201
15,Modesto Omiste,1,Villazón,4069,Mantacillas,25400,U.E. Mantacillas,5022191,2,240,74,108,23,205,74,205
15,Modesto Omiste,1,Villazón,4069,Mantacillas,25400,U.E. Mantacillas,5022201,3,61,18,33,4,55,18,55
15,Modesto Omiste,1,Villazón,4070,Ojo de Agua,25401,U.E. Ojo De Agua,5022211,1,240,66,113,26,205,66,205
15,Modesto Omiste,1,Villazón,4070,Ojo de Agua,25401,U.E. Ojo De Agua,5022221,2,104,32,45,7,84,32,84
15,Modesto Omiste,1,Villazón,4072,Calderilla,25403,U.E. Calderilla,5022241,1,110,59,44,2,105,59,105
15,Modesto Omiste,1,Villazón,4079,Tinkuya,25485,U.E. Tinkuya,5022251,1,55,21,28,3,52,21,52
15,Modesto Omiste,1,Villazón,4080,Hornos,25486,U.E. Hornos,5022261,1,80,38,29,4,71,38,71
15,Modesto Omiste,1,Villazón,4189,Lampaya,25634,U.E. Rafael Quispe,5022271,1,120,53,57,1,111,53,111
15,Modesto Omiste,1,Villazón,4190,Lonte,25635,U.E. 10 de Agosto,5022281,1,87,35,41,2,78,35,78
