CodigoProvincia,NombreProvincia,CodigoSeccion,NombreMunicipio,CodigoLocalidad,NombreLocalidad,CodigoRecinto,NombreRecinto,CodigoMesa,NumeroMesa,InscritosHabilitados,VotoValido,VotoBlanco,VotoNulo,VotoEmitido,VotoValidoReal,VotoEmitidoReal
1,Cercado,1,Trinidad,2526,Trinidad,1,U.E. Liceo Mario Saielly,8000182,1,240,164,42,2,208,164,208
1,Cercado,1,Trinidad,2526,Trinidad,1,U.E. Liceo Mario Saielly,8000192,2,240,136,38,15,189,136,189
1,Cercado,1,Trinidad,2526,Trinidad,1,U.E. Liceo Mario Saielly,8000202,3,240,143,47,17,207,143,207
1,Cercado,1,Trinidad,2526,Trinidad,1,U.E. Liceo Mario Saielly,8000212,4,22,13,1,1,15,13,15
1,Cercado,1,Trinidad,2526,Trinidad,2,U.E. Nicolas Suarez,8000222,1,240,151,37,5,193,151,193
1,Cercado,1,Trinidad,2526,Trinidad,2,U.E. Nicolas Suarez,8000232,2,240,147,35,14,196,147,196
1,Cercado,1,Trinidad,2526,Trinidad,2,U.E. Nicolas Suarez,8000242,3,240,148,36,6,190,148,190
1,Cercado,1,Trinidad,2526,Trinidad,2,U.E. Nicolas Suarez,8000252,4,240,147,30,10,187,147,187
1,Cercado,1,Trinidad,2526,Trinidad,2,U.E. Nicolas Suarez,8000262,5,240,149,45,3,197,149,197
1,Cercado,1,Trinidad,2526,Trinidad,2,U.E. Nicolas Suarez,8000272,6,239,141,35,3,179,141,179
1,Cercado,1,Trinidad,2526,Trinidad,5,U.E. J. Chavez Suarez,8000902,1,240,125,62,8,195,125,195
1,Cercado,1,Trinidad,2526,Trinidad,5,U.E. J. Chavez Suarez,8000912,2,240,135,48,12,195,135,195
1,Cercado,1,Trinidad,2526,Trinidad,5,U.E. J. Chavez Suarez,8000922,3,240,128,56,19,203,128,203
1,Cercado,1,Trinidad,2526,Trinidad,5,U.E. J. Chavez Suarez,8000932,4,240,137,53,6,196,137,196
1,Cercado,1,Trinidad,2526,Trinidad,5,U.E. J. Chavez Suarez,8000942,5,240,122,63,11,196,122,196
1,Cercado,1,Trinidad,2526,Trinidad,5,U.E. J. Chavez Suarez,8000952,6,240,152,41,12,205,152,205
1,Cercado,1,Trinidad,2526,Trinidad,5,U.E. J. Chavez Suarez,8000962,7,240,117,69,10,196,117,196
1,Cercado,1,Trinidad,2526,Trinidad,5,U.E. J. Chavez Suarez,8000972,8,240,123,66,9,198,123,198
1,Cercado,1,Trinidad,2526,Trinidad,5,U.E. J. Chavez Suarez,8000982,9,240,126,61,9,196,126,196
1,Cercado,1,Trinidad,2526,Trinidad,5,U.E. J. Chavez Suarez,8000992,10,240,145,53,12,210,145,210
1,Cercado,1,Trinidad,2526,Trinidad,5,U.E. J. Chavez Suarez,8001002,11,240,108,70,8,186,108,186
1,Cercado,1,Trinidad,2526,Trinidad,5,U.E. J. Chavez Suarez,8001012,12,240,147,55,9,211,147,211
1,Cercado,1,Trinidad,2526,Trinidad,5,U.E. J. Chavez Suarez,8001022,13,240,125,50,12,187,125,187
1,Cercado,1,Trinidad,2526,Trinidad,5,U.E. J. Chavez Suarez,8001032,14,240,125,53,10,188,125,188
1,Cercado,1,Trinidad,2526,Trinidad,5,U.E. J. Chavez Suarez,8001042,15,240,149,30,13,192,149,192
1,Cercado,1,Trinidad,2526,Trinidad,5,U.E. J. Chavez Suarez,8001052,16,240,130,51,7,188,130,188
1,Cercado,1,Trinidad,2526,Trinidad,5,U.E. J. Chavez Suarez,8001062,17,240,134,57,8,199,134,199
1,Cercado,1,Trinidad,2526,Trinidad,5,U.E. J. Chavez Suarez,8001072,18,240,145,45,7,197,145,197
1,Cercado,1,Trinidad,2526,Trinidad,5,U.E. J. Chavez Suarez,8001082,19,152,96,21,7,124,96,124
1,Cercado,1,Trinidad,2526,Trinidad,6,U.E. Pedro Ignacio Muiba,8001612,1,240,132,53,4,189,132,189
1,Cercado,1,Trinidad,2526,Trinidad,6,U.E. Pedro Ignacio Muiba,8001622,2,240,132,60,4,196,132,196
1,Cercado,1,Trinidad,2526,Trinidad,6,U.E. Pedro Ignacio Muiba,8001632,3,240,140,47,7,194,140,194
1,Cercado,1,Trinidad,2526,Trinidad,6,U.E. Pedro Ignacio Muiba,8001642,4,240,120,56,4,180,120,180
1,Cercado,1,Trinidad,2526,Trinidad,6,U.E. Pedro Ignacio Muiba,8001652,5,240,139,53,5,197,139,197
1,Cercado,1,Trinidad,2526,Trinidad,6,U.E. Pedro Ignacio Muiba,8001662,6,240,120,62,16,198,120,198
1,Cercado,1,Trinidad,2526,Trinidad,6,U.E. Pedro Ignacio Muiba,8001672,7,240,101,67,19,187,101,187
1,Cercado,1,Trinidad,2526,Trinidad,6,U.E. Pedro Ignacio Muiba,8001682,8,240,128,46,10,184,128,184
1,Cercado,1,Trinidad,2526,Trinidad,6,U.E. Pedro Ignacio Muiba,8001692,9,240,142,53,5,200,142,200
1,Cercado,1,Trinidad,2526,Trinidad,6,U.E. Pedro Ignacio Muiba,8001702,10,240,128,58,12,198,128,198
1,Cercado,1,Trinidad,2526,Trinidad,6,U.E. Pedro Ignacio Muiba,8001712,11,240,131,63,6,200,131,200
1,Cercado,1,Trinidad,2526,Trinidad,6,U.E. Pedro Ignacio Muiba,8001722,12,244,127,60,9,196,127,196
1,Cercado,1,Trinidad,2526,Trinidad,7,U.E. San Antonio,8001732,1,240,154,54,4,212,154,212
1,Cercado,1,Trinidad,2526,Trinidad,7,U.E. San Antonio,8001742,2,240,130,55,10,195,130,195
1,Cercado,1,Trinidad,2526,Trinidad,7,U.E. San Antonio,8001752,3,240,149,55,5,209,149,209
1,Cercado,1,Trinidad,2526,Trinidad,7,U.E. San Antonio,8001762,4,240,133,50,11,194,133,194
1,Cercado,1,Trinidad,2526,Trinidad,7,U.E. San Antonio,8001772,5,240,148,43,7,198,148,198
1,Cercado,1,Trinidad,2526,Trinidad,7,U.E. San Antonio,8001782,6,240,155,49,10,214,155,214
1,Cercado,1,Trinidad,2526,Trinidad,7,U.E. San Antonio,8001792,7,240,140,48,9,197,140,197
1,Cercado,1,Trinidad,2526,Trinidad,7,U.E. San Antonio,8001802,8,240,136,63,6,205,136,205
1,Cercado,1,Trinidad,2526,Trinidad,7,U.E. San Antonio,8001812,9,240,147,40,4,191,147,191
1,Cercado,1,Trinidad,2526,Trinidad,7,U.E. San Antonio,8001822,10,193,110,30,11,151,110,151
1,Cercado,1,Trinidad,2526,Trinidad,8,U.E. Raúl Monje Roca,8000572,1,240,151,51,5,207,151,207
1,Cercado,1,Trinidad,2526,Trinidad,8,U.E. Raúl Monje Roca,8000582,2,240,135,59,12,206,135,206
1,Cercado,1,Trinidad,2526,Trinidad,8,U.E. Raúl Monje Roca,8000592,3,240,144,51,7,202,144,202
1,Cercado,1,Trinidad,2526,Trinidad,8,U.E. Raúl Monje Roca,8000602,4,240,141,61,10,212,141,212
1,Cercado,1,Trinidad,2526,Trinidad,8,U.E. Raúl Monje Roca,8000612,5,240,139,51,9,199,139,199
1,Cercado,1,Trinidad,2526,Trinidad,8,U.E. Raúl Monje Roca,8000622,6,240,149,54,8,211,149,211
1,Cercado,1,Trinidad,2526,Trinidad,8,U.E. Raúl Monje Roca,8000632,7,240,155,55,8,218,155,218
1,Cercado,1,Trinidad,2526,Trinidad,8,U.E. Raúl Monje Roca,8000642,8,240,151,47,4,202,151,202
1,Cercado,1,Trinidad,2526,Trinidad,8,U.E. Raúl Monje Roca,8000652,9,240,140,52,16,208,140,208
1,Cercado,1,Trinidad,2526,Trinidad,8,U.E. Raúl Monje Roca,8000662,10,216,141,37,7,185,141,185
1,Cercado,1,Trinidad,2526,Trinidad,9,U.E. J. Lorenzo Campero,8002162,1,240,157,46,3,206,157,206
1,Cercado,1,Trinidad,2526,Trinidad,9,U.E. J. Lorenzo Campero,8002172,2,240,151,56,11,218,151,218
1,Cercado,1,Trinidad,2526,Trinidad,9,U.E. J. Lorenzo Campero,8002182,3,240,149,42,11,202,149,202
1,Cercado,1,Trinidad,2526,Trinidad,9,U.E. J. Lorenzo Campero,8002192,4,240,145,46,4,195,145,195
1,Cercado,1,Trinidad,2526,Trinidad,9,U.E. J. Lorenzo Campero,8002202,5,240,157,46,6,209,157,209
1,Cercado,1,Trinidad,2526,Trinidad,9,U.E. J. Lorenzo Campero,8002212,6,229,138,56,12,206,138,206
1,Cercado,1,Trinidad,2526,Trinidad,10,U.E. Hormando Ortiz Chávez,8002462,1,240,88,42,10,140,88,140
1,Cercado,1,Trinidad,2526,Trinidad,10,U.E. Hormando Ortiz Chávez,8002472,2,240,142,46,9,197,142,197
1,Cercado,1,Trinidad,2526,Trinidad,10,U.E. Hormando Ortiz Chávez,8002482,3,237,125,55,8,188,125,188
1,Cercado,1,Trinidad,2526,Trinidad,11,U.E. San Vicente,8001882,1,240,152,48,5,205,152,205
1,Cercado,1,Trinidad,2526,Trinidad,11,U.E. San Vicente,8001892,2,240,163,43,8,214,163,214
1,Cercado,1,Trinidad,2526,Trinidad,11,U.E. San Vicente,8001902,3,240,141,49,8,198,141,198
1,Cercado,1,Trinidad,2526,Trinidad,11,U.E. San Vicente,8001912,4,240,154,51,6,211,154,211
1,Cercado,1,Trinidad,2526,Trinidad,11,U.E. San Vicente,8001922,5,240,151,47,4,202,151,202
1,Cercado,1,Trinidad,2526,Trinidad,11,U.E. San Vicente,8001932,6,240,153,49,6,208,153,208
1,Cercado,1,Trinidad,2526,Trinidad,11,U.E. San Vicente,8001942,7,240,157,43,5,205,157,205
1,Cercado,1,Trinidad,2526,Trinidad,11,U.E. San Vicente,8001952,8,240,141,56,5,202,141,202
1,Cercado,1,Trinidad,2526,Trinidad,11,U.E. San Vicente,8001962,9,240,133,51,8,192,133,192
1,Cercado,1,Trinidad,2526,Trinidad,11,U.E. San Vicente,8001972,10,240,124,55,14,193,124,193
1,Cercado,1,Trinidad,2526,Trinidad,11,U.E. San Vicente,8001982,11,240,138,59,8,205,138,205
1,Cercado,1,Trinidad,2526,Trinidad,11,U.E. San Vicente,8001992,12,240,140,43,6,189,140,189
1,Cercado,1,Trinidad,2526,Trinidad,11,U.E. San Vicente,8002002,13,224,132,47,7,186,132,186
1,Cercado,1,Trinidad,2526,Trinidad,13,U.E.  Emilio Campos Pedriel,8003292,1,240,150,45,5,200,150,200
1,Cercado,1,Trinidad,2526,Trinidad,13,U.E.  Emilio Campos Pedriel,8003302,2,240,145,47,9,201,145,201
1,Cercado,1,Trinidad,2526,Trinidad,13,U.E.  Emilio Campos Pedriel,8003312,3,240,142,47,15,204,142,204
1,Cercado,1,Trinidad,2526,Trinidad,13,U.E.  Emilio Campos Pedriel,8003322,4,240,133,53,7,193,133,193
1,Cercado,1,Trinidad,2526,Trinidad,13,U.E.  Emilio Campos Pedriel,8003332,5,240,154,41,4,199,154,199
1,Cercado,1,Trinidad,2526,Trinidad,13,U.E.  Emilio Campos Pedriel,8003342,6,240,149,40,5,194,149,194
1,Cercado,1,Trinidad,2526,Trinidad,13,U.E.  Emilio Campos Pedriel,8003352,7,240,157,50,5,212,157,212
1,Cercado,1,Trinidad,2526,Trinidad,13,U.E.  Emilio Campos Pedriel,8003362,8,240,146,50,3,199,146,199
1,Cercado,1,Trinidad,2526,Trinidad,13,U.E.  Emilio Campos Pedriel,8003372,9,240,146,46,7,199,146,199
1,Cercado,1,Trinidad,2526,Trinidad,13,U.E.  Emilio Campos Pedriel,8003382,10,240,139,42,5,186,139,186
1,Cercado,1,Trinidad,2526,Trinidad,13,U.E.  Emilio Campos Pedriel,8003392,11,240,140,58,4,202,140,202
1,Cercado,1,Trinidad,2526,Trinidad,13,U.E.  Emilio Campos Pedriel,8003402,12,240,140,58,7,205,140,205
1,Cercado,1,Trinidad,2526,Trinidad,13,U.E.  Emilio Campos Pedriel,8003412,13,28,21,3,0,24,21,24
1,Cercado,1,Trinidad,2526,Trinidad,14,U.E. J.Azurduy De Padilla,8002522,1,240,159,36,8,203,159,203
1,Cercado,1,Trinidad,2526,Trinidad,14,U.E. J.Azurduy De Padilla,8002532,2,240,146,53,11,210,146,210
1,Cercado,1,Trinidad,2526,Trinidad,14,U.E. J.Azurduy De Padilla,8002542,3,240,152,40,16,208,152,208
1,Cercado,1,Trinidad,2526,Trinidad,14,U.E. J.Azurduy De Padilla,8002552,4,240,151,40,11,202,151,202
1,Cercado,1,Trinidad,2526,Trinidad,14,U.E. J.Azurduy De Padilla,8002562,5,240,146,37,14,197,146,197
1,Cercado,1,Trinidad,2526,Trinidad,14,U.E. J.Azurduy De Padilla,8002572,6,111,81,12,2,95,81,95
1,Cercado,1,Trinidad,2526,Trinidad,15,U.E. 4 De  Febrero,8000672,1,240,128,56,15,199,128,199
1,Cercado,1,Trinidad,2526,Trinidad,15,U.E. 4 De  Febrero,8000682,2,240,132,55,6,193,132,193
1,Cercado,1,Trinidad,2526,Trinidad,15,U.E. 4 De  Febrero,8000692,3,240,129,57,11,197,129,197
1,Cercado,1,Trinidad,2526,Trinidad,15,U.E. 4 De  Febrero,8000702,4,240,112,72,14,198,112,198
1,Cercado,1,Trinidad,2526,Trinidad,15,U.E. 4 De  Febrero,8000712,5,240,122,50,13,185,122,185
1,Cercado,1,Trinidad,2526,Trinidad,15,U.E. 4 De  Febrero,8000722,6,240,131,61,4,196,131,196
1,Cercado,1,Trinidad,2526,Trinidad,15,U.E. 4 De  Febrero,8000732,7,240,118,65,12,195,118,195
1,Cercado,1,Trinidad,2526,Trinidad,15,U.E. 4 De  Febrero,8000742,8,240,117,76,10,203,117,203
1,Cercado,1,Trinidad,2526,Trinidad,15,U.E. 4 De  Febrero,8000752,9,240,122,68,11,201,122,201
1,Cercado,1,Trinidad,2526,Trinidad,15,U.E. 4 De  Febrero,8000762,10,240,109,70,17,196,109,196
1,Cercado,1,Trinidad,2526,Trinidad,15,U.E. 4 De  Febrero,8000772,11,240,116,72,10,198,116,198
1,Cercado,1,Trinidad,2526,Trinidad,15,U.E. 4 De  Febrero,8000782,12,240,140,54,18,212,140,212
1,Cercado,1,Trinidad,2526,Trinidad,15,U.E. 4 De  Febrero,8000792,13,240,147,56,2,205,147,205
1,Cercado,1,Trinidad,2526,Trinidad,15,U.E. 4 De  Febrero,8000802,14,240,126,78,7,211,126,211
1,Cercado,1,Trinidad,2526,Trinidad,15,U.E. 4 De  Febrero,8000812,15,240,117,66,13,196,117,196
1,Cercado,1,Trinidad,2526,Trinidad,15,U.E. 4 De  Febrero,8000822,16,240,112,70,11,193,112,193
1,Cercado,1,Trinidad,2526,Trinidad,15,U.E. 4 De  Febrero,8000832,17,133,71,39,4,114,71,114
1,Cercado,1,Trinidad,2526,Trinidad,16,(Cárcel) Cárcel Mocobi,8003692,1,240,71,80,7,158,71,158
1,Cercado,1,Trinidad,2526,Trinidad,16,(Cárcel) Cárcel Mocobi,8003702,2,108,38,29,3,70,38,70
1,Cercado,1,Trinidad,2526,Trinidad,18,U.E. La Salle,8002222,1,240,151,33,11,195,151,195
1,Cercado,1,Trinidad,2526,Trinidad,18,U.E. La Salle,8002232,2,240,155,33,6,194,155,194
1,Cercado,1,Trinidad,2526,Trinidad,18,U.E. La Salle,8002242,3,240,148,42,10,200,148,200
1,Cercado,1,Trinidad,2526,Trinidad,18,U.E. La Salle,8002252,4,240,145,43,15,203,145,203
1,Cercado,1,Trinidad,2526,Trinidad,18,U.E. La Salle,8002262,5,240,148,48,7,203,148,203
1,Cercado,1,Trinidad,2526,Trinidad,18,U.E. La Salle,8002272,6,240,141,48,1,190,141,190
1,Cercado,1,Trinidad,2526,Trinidad,18,U.E. La Salle,8002282,7,240,155,40,3,198,155,198
1,Cercado,1,Trinidad,2526,Trinidad,18,U.E. La Salle,8002292,8,190,122,29,6,157,122,157
1,Cercado,1,Trinidad,2526,Trinidad,19,U.E. Mary Ribera G.,8003062,1,240,163,32,8,203,163,203
1,Cercado,1,Trinidad,2526,Trinidad,19,U.E. Mary Ribera G.,8003072,2,240,139,56,10,205,139,205
1,Cercado,1,Trinidad,2526,Trinidad,19,U.E. Mary Ribera G.,8003082,3,240,139,53,4,196,139,196
1,Cercado,1,Trinidad,2526,Trinidad,19,U.E. Mary Ribera G.,8003092,4,240,133,50,9,192,133,192
1,Cercado,1,Trinidad,2526,Trinidad,19,U.E. Mary Ribera G.,8003102,5,240,136,56,15,207,136,207
1,Cercado,1,Trinidad,2526,Trinidad,19,U.E. Mary Ribera G.,8003112,6,240,156,46,5,207,156,207
1,Cercado,1,Trinidad,2526,Trinidad,19,U.E. Mary Ribera G.,8003122,7,240,147,56,8,211,147,211
1,Cercado,1,Trinidad,2526,Trinidad,19,U.E. Mary Ribera G.,8003132,8,240,141,50,10,201,141,201
1,Cercado,1,Trinidad,2526,Trinidad,19,U.E. Mary Ribera G.,8003142,9,240,142,54,11,207,142,207
1,Cercado,1,Trinidad,2526,Trinidad,19,U.E. Mary Ribera G.,8003152,10,240,135,55,12,202,135,202
1,Cercado,1,Trinidad,2526,Trinidad,19,U.E. Mary Ribera G.,8003162,11,240,159,50,7,216,159,216
1,Cercado,1,Trinidad,2526,Trinidad,19,U.E. Mary Ribera G.,8003172,12,240,144,70,4,218,144,218
1,Cercado,1,Trinidad,2526,Trinidad,19,U.E. Mary Ribera G.,8003182,13,240,160,46,2,208,160,208
1,Cercado,1,Trinidad,2526,Trinidad,19,U.E. Mary Ribera G.,8003192,14,240,157,34,8,199,157,199
1,Cercado,1,Trinidad,2526,Trinidad,19,U.E. Mary Ribera G.,8003202,15,91,59,15,1,75,59,75
1,Cercado,1,Trinidad,2526,Trinidad,20,U.E. Corina Hurtado De,8001102,1,240,140,50,7,197,140,197
1,Cercado,1,Trinidad,2526,Trinidad,20,U.E. Corina Hurtado De,8001112,2,240,143,54,6,203,143,203
1,Cercado,1,Trinidad,2526,Trinidad,20,U.E. Corina Hurtado De,8001122,3,240,129,64,12,205,129,205
1,Cercado,1,Trinidad,2526,Trinidad,20,U.E. Corina Hurtado De,8001132,4,240,137,45,13,195,137,195
1,Cercado,1,Trinidad,2526,Trinidad,20,U.E. Corina Hurtado De,8001142,5,240,132,64,8,204,132,204
1,Cercado,1,Trinidad,2526,Trinidad,20,U.E. Corina Hurtado De,8001152,6,240,140,47,7,194,140,194
1,Cercado,1,Trinidad,2526,Trinidad,20,U.E. Corina Hurtado De,8001162,7,240,129,65,6,200,129,200
1,Cercado,1,Trinidad,2526,Trinidad,20,U.E. Corina Hurtado De,8001172,8,240,132,50,8,190,132,190
1,Cercado,1,Trinidad,2526,Trinidad,20,U.E. Corina Hurtado De,8001182,9,240,137,56,12,205,137,205
1,Cercado,1,Trinidad,2526,Trinidad,20,U.E. Corina Hurtado De,8001192,10,240,142,67,1,210,142,210
1,Cercado,1,Trinidad,2526,Trinidad,20,U.E. Corina Hurtado De,8001202,11,240,136,64,6,206,136,206
1,Cercado,1,Trinidad,2526,Trinidad,20,U.E. Corina Hurtado De,8001212,12,197,101,60,5,166,101,166
1,Cercado,1,Trinidad,2526,Trinidad,24,U.E. Nuestra Señora de Fátima,8002302,1,240,143,51,8,202,143,202
1,Cercado,1,Trinidad,2526,Trinidad,24,U.E. Nuestra Señora de Fátima,8002312,2,240,139,51,9,199,139,199
1,Cercado,1,Trinidad,2526,Trinidad,24,U.E. Nuestra Señora de Fátima,8002322,3,240,141,43,13,197,141,197
1,Cercado,1,Trinidad,2526,Trinidad,24,U.E. Nuestra Señora de Fátima,8002332,4,240,133,53,11,197,133,197
1,Cercado,1,Trinidad,2526,Trinidad,24,U.E. Nuestra Señora de Fátima,8002342,5,240,147,47,13,207,147,207
1,Cercado,1,Trinidad,2526,Trinidad,24,U.E. Nuestra Señora de Fátima,8002352,6,240,139,49,8,196,139,196
1,Cercado,1,Trinidad,2526,Trinidad,24,U.E. Nuestra Señora de Fátima,8002362,7,240,148,43,6,197,148,197
1,Cercado,1,Trinidad,2526,Trinidad,24,U.E. Nuestra Señora de Fátima,8002372,8,240,131,48,6,185,131,185
1,Cercado,1,Trinidad,2526,Trinidad,24,U.E. Nuestra Señora de Fátima,8002382,9,240,150,35,3,188,150,188
1,Cercado,1,Trinidad,2526,Trinidad,24,U.E. Nuestra Señora de Fátima,8002392,10,178,125,14,3,142,125,142
1,Cercado,1,Trinidad,2526,Trinidad,26,U.E.  Nueva Trinidad,8002662,1,240,135,50,16,201,135,201
1,Cercado,1,Trinidad,2526,Trinidad,26,U.E.  Nueva Trinidad,8002672,2,240,122,65,3,190,122,190
1,Cercado,1,Trinidad,2526,Trinidad,26,U.E.  Nueva Trinidad,8002682,3,240,117,59,12,188,117,188
1,Cercado,1,Trinidad,2526,Trinidad,26,U.E.  Nueva Trinidad,8002692,4,240,111,77,12,200,111,200
1,Cercado,1,Trinidad,2526,Trinidad,26,U.E.  Nueva Trinidad,8002702,5,240,114,65,12,191,114,191
1,Cercado,1,Trinidad,2526,Trinidad,26,U.E.  Nueva Trinidad,8002712,6,240,119,56,12,187,119,187
1,Cercado,1,Trinidad,2526,Trinidad,26,U.E.  Nueva Trinidad,8002722,7,240,109,74,14,197,109,197
1,Cercado,1,Trinidad,2526,Trinidad,26,U.E.  Nueva Trinidad,8002732,8,240,131,53,9,193,131,193
1,Cercado,1,Trinidad,2526,Trinidad,26,U.E.  Nueva Trinidad,8002742,9,240,114,78,7,199,114,199
1,Cercado,1,Trinidad,2526,Trinidad,26,U.E.  Nueva Trinidad,8002752,10,240,112,55,7,174,112,174
1,Cercado,1,Trinidad,2526,Trinidad,26,U.E.  Nueva Trinidad,8002762,11,240,134,58,5,197,134,197
1,Cercado,1,Trinidad,2526,Trinidad,26,U.E.  Nueva Trinidad,8002772,12,240,129,61,4,194,129,194
1,Cercado,1,Trinidad,2526,Trinidad,26,U.E.  Nueva Trinidad,8002782,13,240,122,53,9,184,122,184
1,Cercado,1,Trinidad,2526,Trinidad,26,U.E.  Nueva Trinidad,8002792,14,240,111,50,17,178,111,178
1,Cercado,1,Trinidad,2526,Trinidad,26,U.E.  Nueva Trinidad,8002802,15,240,114,53,7,174,114,174
1,Cercado,1,Trinidad,2526,Trinidad,26,U.E.  Nueva Trinidad,8002812,16,240,125,57,5,187,125,187
1,Cercado,1,Trinidad,2526,Trinidad,26,U.E.  Nueva Trinidad,8002822,17,66,40,11,2,53,40,53
1,Cercado,1,Trinidad,2526,Trinidad,27,U.E. Villa Vecinal,8003422,1,240,132,58,7,197,132,197
1,Cercado,1,Trinidad,2526,Trinidad,27,U.E. Villa Vecinal,8003432,2,240,124,70,5,199,124,199
1,Cercado,1,Trinidad,2526,Trinidad,27,U.E. Villa Vecinal,8003442,3,240,134,57,10,201,134,201
1,Cercado,1,Trinidad,2526,Trinidad,27,U.E. Villa Vecinal,8003452,4,240,159,46,5,210,159,210
1,Cercado,1,Trinidad,2526,Trinidad,27,U.E. Villa Vecinal,8003462,5,240,141,57,7,205,141,205
1,Cercado,1,Trinidad,2526,Trinidad,27,U.E. Villa Vecinal,8003472,6,240,130,72,11,213,130,213
1,Cercado,1,Trinidad,2526,Trinidad,27,U.E. Villa Vecinal,8003482,7,240,133,57,7,197,133,197
1,Cercado,1,Trinidad,2526,Trinidad,27,U.E. Villa Vecinal,8003492,8,240,129,62,6,197,129,197
1,Cercado,1,Trinidad,2526,Trinidad,27,U.E. Villa Vecinal,8003502,9,240,126,58,10,194,126,194
1,Cercado,1,Trinidad,2526,Trinidad,27,U.E. Villa Vecinal,8003512,10,240,125,63,10,198,125,198
1,Cercado,1,Trinidad,2526,Trinidad,27,U.E. Villa Vecinal,8003522,11,240,124,63,8,195,124,195
1,Cercado,1,Trinidad,2526,Trinidad,27,U.E. Villa Vecinal,8003532,12,240,140,51,3,194,140,194
1,Cercado,1,Trinidad,2526,Trinidad,27,U.E. Villa Vecinal,8003542,13,240,129,48,8,185,129,185
1,Cercado,1,Trinidad,2526,Trinidad,27,U.E. Villa Vecinal,8003552,14,240,143,43,5,191,143,191
1,Cercado,1,Trinidad,2526,Trinidad,27,U.E. Villa Vecinal,8003562,15,136,90,28,2,120,90,120
1,Cercado,1,Trinidad,2526,Trinidad,29,(Cárcel) Cárcel De Mujeres,8000842,1,68,29,25,0,54,29,54
1,Cercado,1,Trinidad,2526,Trinidad,30,U.E. San Francisco De Asís,8002582,1,240,168,35,8,211,168,211
1,Cercado,1,Trinidad,2526,Trinidad,30,U.E. San Francisco De Asís,8002592,2,240,167,36,6,209,167,209
1,Cercado,1,Trinidad,2526,Trinidad,30,U.E. San Francisco De Asís,8002602,3,240,162,37,6,205,162,205
1,Cercado,1,Trinidad,2526,Trinidad,30,U.E. San Francisco De Asís,8002612,4,121,81,19,2,102,81,102
1,Cercado,1,Trinidad,2526,Trinidad,31,U.E. Mangalito,8001312,1,240,114,73,5,192,114,192
1,Cercado,1,Trinidad,2526,Trinidad,31,U.E. Mangalito,8001322,2,240,108,73,15,196,108,196
1,Cercado,1,Trinidad,2526,Trinidad,31,U.E. Mangalito,8001332,3,240,119,66,8,193,119,193
1,Cercado,1,Trinidad,2526,Trinidad,31,U.E. Mangalito,8001342,4,240,125,62,11,198,125,198
1,Cercado,1,Trinidad,2526,Trinidad,31,U.E. Mangalito,8001352,5,240,111,78,10,199,111,199
1,Cercado,1,Trinidad,2526,Trinidad,31,U.E. Mangalito,8001362,6,240,128,63,9,200,128,200
1,Cercado,1,Trinidad,2526,Trinidad,31,U.E. Mangalito,8001372,7,240,120,69,3,192,120,192
1,Cercado,1,Trinidad,2526,Trinidad,31,U.E. Mangalito,8001382,8,240,128,62,8,198,128,198
1,Cercado,1,Trinidad,2526,Trinidad,31,U.E. Mangalito,8001392,9,32,20,5,2,27,20,27
1,Cercado,1,Trinidad,2526,Trinidad,32,U.E.  Gral. Hugo Banzer Suarez,8003712,1,240,130,46,13,189,130,189
1,Cercado,1,Trinidad,2526,Trinidad,32,U.E.  Gral. Hugo Banzer Suarez,8003722,2,240,137,48,7,192,137,192
1,Cercado,1,Trinidad,2526,Trinidad,32,U.E.  Gral. Hugo Banzer Suarez,8003732,3,52,33,10,0,43,33,43
1,Cercado,1,Trinidad,2526,Trinidad,40,U.E.  13 de Abril,8000392,1,240,115,76,6,197,115,197
1,Cercado,1,Trinidad,2526,Trinidad,40,U.E.  13 de Abril,8000402,2,240,120,73,9,202,120,202
1,Cercado,1,Trinidad,2526,Trinidad,40,U.E.  13 de Abril,8000412,3,240,123,59,11,193,123,193
1,Cercado,1,Trinidad,2526,Trinidad,40,U.E.  13 de Abril,8000422,4,240,136,53,10,199,136,199
1,Cercado,1,Trinidad,2526,Trinidad,40,U.E.  13 de Abril,8000432,5,240,141,49,6,196,141,196
1,Cercado,1,Trinidad,2526,Trinidad,40,U.E.  13 de Abril,8000442,6,240,127,54,9,190,127,190
1,Cercado,1,Trinidad,2526,Trinidad,40,U.E.  13 de Abril,8000452,7,240,134,43,14,191,134,191
1,Cercado,1,Trinidad,2526,Trinidad,40,U.E.  13 de Abril,8000462,8,240,146,42,6,194,146,194
1,Cercado,1,Trinidad,2526,Trinidad,40,U.E.  13 de Abril,8000472,9,240,129,65,10,204,129,204
1,Cercado,1,Trinidad,2526,Trinidad,40,U.E.  13 de Abril,8000482,10,240,129,61,9,199,129,199
1,Cercado,1,Trinidad,2526,Trinidad,40,U.E.  13 de Abril,8000492,11,240,116,66,5,187,116,187
1,Cercado,1,Trinidad,2526,Trinidad,40,U.E.  13 de Abril,8000502,12,240,124,63,15,202,124,202
1,Cercado,1,Trinidad,2526,Trinidad,40,U.E.  13 de Abril,8000512,13,240,131,47,9,187,131,187
1,Cercado,1,Trinidad,2526,Trinidad,40,U.E.  13 de Abril,8000522,14,240,130,63,3,196,130,196
1,Cercado,1,Trinidad,2526,Trinidad,40,U.E.  13 de Abril,8000532,15,240,126,60,5,191,126,191
1,Cercado,1,Trinidad,2526,Trinidad,40,U.E.  13 de Abril,8000542,16,240,149,57,4,210,149,210
1,Cercado,1,Trinidad,2526,Trinidad,40,U.E.  13 de Abril,8000552,17,240,123,56,15,194,123,194
1,Cercado,1,Trinidad,2526,Trinidad,40,U.E.  13 de Abril,8000562,18,180,107,43,7,157,107,157
1,Cercado,1,Trinidad,2526,Trinidad,25027,U.E. Joaquín Hurtado Chavez,8003742,1,240,131,58,7,196,131,196
1,Cercado,1,Trinidad,2526,Trinidad,25027,U.E. Joaquín Hurtado Chavez,8003752,2,240,124,62,10,196,124,196
1,Cercado,1,Trinidad,2526,Trinidad,25027,U.E. Joaquín Hurtado Chavez,8003762,3,240,138,56,5,199,138,199
1,Cercado,1,Trinidad,2526,Trinidad,25027,U.E. Joaquín Hurtado Chavez,8003772,4,240,101,71,12,184,101,184
1,Cercado,1,Trinidad,2526,Trinidad,25027,U.E. Joaquín Hurtado Chavez,8003782,5,240,129,59,10,198,129,198
1,Cercado,1,Trinidad,2526,Trinidad,25027,U.E. Joaquín Hurtado Chavez,8003792,6,240,120,71,8,199,120,199
1,Cercado,1,Trinidad,2526,Trinidad,25027,U.E. Joaquín Hurtado Chavez,8003802,7,240,128,65,7,200,128,200
1,Cercado,1,Trinidad,2526,Trinidad,25027,U.E. Joaquín Hurtado Chavez,8003812,8,240,107,72,12,191,107,191
1,Cercado,1,Trinidad,2526,Trinidad,25027,U.E. Joaquín Hurtado Chavez,8003822,9,240,125,69,6,200,125,200
1,Cercado,1,Trinidad,2526,Trinidad,25027,U.E. Joaquín Hurtado Chavez,8003832,10,219,102,75,7,184,102,184
1,Cercado,1,Trinidad,2526,Trinidad,25028,U.E. Orlando Monasterio Claure,8001582,1,240,103,90,12,205,103,205
1,Cercado,1,Trinidad,2526,Trinidad,25028,U.E. Orlando Monasterio Claure,8001592,2,240,119,75,4,198,119,198
1,Cercado,1,Trinidad,2526,Trinidad,25028,U.E. Orlando Monasterio Claure,8001602,3,74,37,28,1,66,37,66
1,Cercado,1,Trinidad,2526,Trinidad,25029,U.A.B. (Carrera de Derecho),8002012,1,240,155,39,6,200,155,200
1,Cercado,1,Trinidad,2526,Trinidad,25029,U.A.B. (Carrera de Derecho),8002022,2,240,156,42,8,206,156,206
1,Cercado,1,Trinidad,2526,Trinidad,25029,U.A.B. (Carrera de Derecho),8002032,3,240,154,40,8,202,154,202
1,Cercado,1,Trinidad,2526,Trinidad,25029,U.A.B. (Carrera de Derecho),8002042,4,240,153,40,8,201,153,201
1,Cercado,1,Trinidad,2526,Trinidad,25029,U.A.B. (Carrera de Derecho),8002052,5,240,133,60,7,200,133,200
1,Cercado,1,Trinidad,2526,Trinidad,25029,U.A.B. (Carrera de Derecho),8002062,6,240,144,54,7,205,144,205
1,Cercado,1,Trinidad,2526,Trinidad,25029,U.A.B. (Carrera de Derecho),8002072,7,240,159,42,7,208,159,208
1,Cercado,1,Trinidad,2526,Trinidad,25029,U.A.B. (Carrera de Derecho),8002082,8,240,154,42,9,205,154,205
1,Cercado,1,Trinidad,2526,Trinidad,25029,U.A.B. (Carrera de Derecho),8002092,9,240,156,45,8,209,156,209
1,Cercado,1,Trinidad,2526,Trinidad,25029,U.A.B. (Carrera de Derecho),8002102,10,240,156,52,5,213,156,213
1,Cercado,1,Trinidad,2526,Trinidad,25029,U.A.B. (Carrera de Derecho),8002112,11,240,142,50,4,196,142,196
1,Cercado,1,Trinidad,2526,Trinidad,25029,U.A.B. (Carrera de Derecho),8002122,12,240,143,59,10,212,143,212
1,Cercado,1,Trinidad,2526,Trinidad,25029,U.A.B. (Carrera de Derecho),8002132,13,240,152,46,4,202,152,202
1,Cercado,1,Trinidad,2526,Trinidad,25029,U.A.B. (Carrera de Derecho),8002142,14,240,148,59,5,212,148,212
1,Cercado,1,Trinidad,2526,Trinidad,25029,U.A.B. (Carrera de Derecho),8002152,15,40,31,3,0,34,31,34
1,Cercado,1,Trinidad,2526,Trinidad,25030,U.E. 15 de Agosto,8001402,1,240,124,63,18,205,124,205
1,Cercado,1,Trinidad,2526,Trinidad,25030,U.E. 15 de Agosto,8001412,2,240,123,65,11,199,123,199
1,Cercado,1,Trinidad,2526,Trinidad,25030,U.E. 15 de Agosto,8001422,3,240,134,42,12,188,134,188
1,Cercado,1,Trinidad,2526,Trinidad,25030,U.E. 15 de Agosto,8001432,4,240,126,55,8,189,126,189
1,Cercado,1,Trinidad,2526,Trinidad,25030,U.E. 15 de Agosto,8001442,5,240,120,72,8,200,120,200
1,Cercado,1,Trinidad,2526,Trinidad,25030,U.E. 15 de Agosto,8001452,6,240,127,61,4,192,127,192
1,Cercado,1,Trinidad,2526,Trinidad,25030,U.E. 15 de Agosto,8001462,7,240,134,58,4,196,134,196
1,Cercado,1,Trinidad,2526,Trinidad,25030,U.E. 15 de Agosto,8001472,8,240,130,65,9,204,130,204
1,Cercado,1,Trinidad,2526,Trinidad,25030,U.E. 15 de Agosto,8001482,9,240,125,68,11,204,125,204
1,Cercado,1,Trinidad,2526,Trinidad,25030,U.E. 15 de Agosto,8001492,10,240,123,63,8,194,123,194
1,Cercado,1,Trinidad,2526,Trinidad,25030,U.E. 15 de Agosto,8001502,11,130,76,26,5,107,76,107
1,Cercado,1,Trinidad,2526,Trinidad,25031,U.E. Luis Espinal Cams,8001222,1,240,127,52,7,186,127,186
1,Cercado,1,Trinidad,2526,Trinidad,25031,U.E. Luis Espinal Cams,8001232,2,240,102,80,10,192,102,192
1,Cercado,1,Trinidad,2526,Trinidad,25031,U.E. Luis Espinal Cams,8001242,3,240,98,86,12,196,98,196
1,Cercado,1,Trinidad,2526,Trinidad,25031,U.E. Luis Espinal Cams,8001252,4,240,96,92,14,202,96,202
1,Cercado,1,Trinidad,2526,Trinidad,25031,U.E. Luis Espinal Cams,8001262,5,240,112,75,5,192,112,192
1,Cercado,1,Trinidad,2526,Trinidad,25031,U.E. Luis Espinal Cams,8001272,6,240,114,78,7,199,114,199
1,Cercado,1,Trinidad,2526,Trinidad,25031,U.E. Luis Espinal Cams,8001282,7,240,101,72,12,185,101,185
1,Cercado,1,Trinidad,2526,Trinidad,25031,U.E. Luis Espinal Cams,8001292,8,240,99,76,13,188,99,188
1,Cercado,1,Trinidad,2526,Trinidad,25031,U.E. Luis Espinal Cams,8001302,9,231,110,69,10,189,110,189
1,Cercado,1,Trinidad,2526,Trinidad,25032,U.E. Gonzalo Suarez D.,8000852,1,240,130,45,6,181,130,181
1,Cercado,1,Trinidad,2526,Trinidad,25032,U.E. Gonzalo Suarez D.,8000862,2,240,128,48,6,182,128,182
1,Cercado,1,Trinidad,2526,Trinidad,25032,U.E. Gonzalo Suarez D.,8000872,3,240,119,58,6,183,119,183
1,Cercado,1,Trinidad,2526,Trinidad,25032,U.E. Gonzalo Suarez D.,8000882,4,240,116,65,7,188,116,188
1,Cercado,1,Trinidad,2526,Trinidad,25032,U.E. Gonzalo Suarez D.,8000892,5,29,17,7,0,24,17,24
1,Cercado,1,Trinidad,2526,Trinidad,25033,U.E. Los Cedros,8003572,1,240,127,48,10,185,127,185
1,Cercado,1,Trinidad,2526,Trinidad,25033,U.E. Los Cedros,8003582,2,240,143,42,5,190,143,190
1,Cercado,1,Trinidad,2526,Trinidad,25033,U.E. Los Cedros,8003592,3,240,153,36,5,194,153,194
1,Cercado,1,Trinidad,2526,Trinidad,25033,U.E. Los Cedros,8003602,4,240,139,41,12,192,139,192
1,Cercado,1,Trinidad,2526,Trinidad,25033,U.E. Los Cedros,8003612,5,240,144,38,6,188,144,188
1,Cercado,1,Trinidad,2526,Trinidad,25033,U.E. Los Cedros,8003622,6,240,154,32,4,190,154,190
1,Cercado,1,Trinidad,2526,Trinidad,25033,U.E. Los Cedros,8003632,7,43,30,6,0,36,30,36
1,Cercado,1,Trinidad,2526,Trinidad,26180,U.E. La Palmera,8003642,1,240,168,43,4,215,168,215
1,Cercado,1,Trinidad,2526,Trinidad,26180,U.E. La Palmera,8003652,2,240,171,36,6,213,171,213
1,Cercado,1,Trinidad,2526,Trinidad,26180,U.E. La Palmera,8003662,3,240,173,34,7,214,173,214
1,Cercado,1,Trinidad,2526,Trinidad,26180,U.E. La Palmera,8003672,4,240,182,19,8,209,182,209
1,Cercado,1,Trinidad,2526,Trinidad,26180,U.E. La Palmera,8003682,5,58,46,3,0,49,46,49
1,Cercado,1,Trinidad,2526,Trinidad,32003,U.A.B. Medicina,8002402,1,240,157,36,11,204,157,204
1,Cercado,1,Trinidad,2526,Trinidad,32003,U.A.B. Medicina,8002412,2,240,137,46,15,198,137,198
1,Cercado,1,Trinidad,2526,Trinidad,32003,U.A.B. Medicina,8002422,3,240,156,39,10,205,156,205
1,Cercado,1,Trinidad,2526,Trinidad,32003,U.A.B. Medicina,8002432,4,240,147,48,8,203,147,203
1,Cercado,1,Trinidad,2526,Trinidad,32003,U.A.B. Medicina,8002442,5,240,164,35,3,202,164,202
1,Cercado,1,Trinidad,2526,Trinidad,32003,U.A.B. Medicina,8002452,6,30,21,3,0,24,21,24
1,Cercado,1,Trinidad,2526,Trinidad,32005,Palacio de los Deportes Trinidad,8000282,1,240,125,52,17,194,125,194
1,Cercado,1,Trinidad,2526,Trinidad,32005,Palacio de los Deportes Trinidad,8000292,2,240,136,60,12,208,136,208
1,Cercado,1,Trinidad,2526,Trinidad,32005,Palacio de los Deportes Trinidad,8000302,3,240,137,61,7,205,137,205
1,Cercado,1,Trinidad,2526,Trinidad,32005,Palacio de los Deportes Trinidad,8000312,4,232,118,64,7,189,118,189
1,Cercado,1,Trinidad,2526,Trinidad,32007,U.E. Kinder República Argentina,8000322,1,240,163,48,15,226,163,226
1,Cercado,1,Trinidad,2526,Trinidad,32007,U.E. Kinder República Argentina,8000332,2,240,140,46,10,196,140,196
1,Cercado,1,Trinidad,2526,Trinidad,32007,U.E. Kinder República Argentina,8000342,3,165,101,39,3,143,101,143
1,Cercado,1,Trinidad,2526,Trinidad,32008,U.E. Metodista Instituto Americano Trinidad,8000352,1,240,135,50,10,195,135,195
1,Cercado,1,Trinidad,2526,Trinidad,32008,U.E. Metodista Instituto Americano Trinidad,8000362,2,240,150,44,10,204,150,204
1,Cercado,1,Trinidad,2526,Trinidad,32008,U.E. Metodista Instituto Americano Trinidad,8000372,3,240,153,42,6,201,153,201
1,Cercado,1,Trinidad,2526,Trinidad,32008,U.E. Metodista Instituto Americano Trinidad,8000382,4,178,126,20,4,150,126,150
1,Cercado,1,Trinidad,2526,Trinidad,32009,U.E. Andrés Bello,8002492,1,240,151,32,5,188,151,188
1,Cercado,1,Trinidad,2526,Trinidad,32009,U.E. Andrés Bello,8002502,2,240,145,57,3,205,145,205
1,Cercado,1,Trinidad,2526,Trinidad,32009,U.E. Andrés Bello,8002512,3,83,44,21,2,67,44,67
1,Cercado,1,Trinidad,2526,Trinidad,32010,U.E. Christa Mc Auliffe,8001832,1,240,130,50,7,187,130,187
1,Cercado,1,Trinidad,2526,Trinidad,32010,U.E. Christa Mc Auliffe,8001842,2,240,151,47,5,203,151,203
1,Cercado,1,Trinidad,2526,Trinidad,32010,U.E. Christa Mc Auliffe,8001852,3,240,135,59,7,201,135,201
1,Cercado,1,Trinidad,2526,Trinidad,32010,U.E. Christa Mc Auliffe,8001862,4,240,143,51,2,196,143,196
1,Cercado,1,Trinidad,2526,Trinidad,32010,U.E. Christa Mc Auliffe,8001872,5,222,132,44,8,184,132,184
1,Cercado,1,Trinidad,2526,Trinidad,32011,U.E. Evangélico Cuatro,8002622,1,240,140,42,10,192,140,192
1,Cercado,1,Trinidad,2526,Trinidad,32011,U.E. Evangélico Cuatro,8002632,2,240,143,49,6,198,143,198
1,Cercado,1,Trinidad,2526,Trinidad,32011,U.E. Evangélico Cuatro,8002642,3,240,141,57,4,202,141,202
1,Cercado,1,Trinidad,2526,Trinidad,32011,U.E. Evangélico Cuatro,8002652,4,77,47,21,2,70,47,70
1,Cercado,1,Trinidad,2526,Trinidad,32012,U.E.Inmaculada,8002832,1,240,142,48,13,203,142,203
1,Cercado,1,Trinidad,2526,Trinidad,32012,U.E.Inmaculada,8002842,2,240,145,53,10,208,145,208
1,Cercado,1,Trinidad,2526,Trinidad,32012,U.E.Inmaculada,8002852,3,240,142,60,5,207,142,207
1,Cercado,1,Trinidad,2526,Trinidad,32012,U.E.Inmaculada,8002862,4,240,140,63,5,208,140,208
1,Cercado,1,Trinidad,2526,Trinidad,32012,U.E.Inmaculada,8002872,5,240,119,74,6,199,119,199
1,Cercado,1,Trinidad,2526,Trinidad,32012,U.E.Inmaculada,8002882,6,240,110,79,12,201,110,201
1,Cercado,1,Trinidad,2526,Trinidad,32012,U.E.Inmaculada,8002892,7,240,126,66,10,202,126,202
1,Cercado,1,Trinidad,2526,Trinidad,32012,U.E.Inmaculada,8002902,8,240,128,63,3,194,128,194
1,Cercado,1,Trinidad,2526,Trinidad,32012,U.E.Inmaculada,8002912,9,240,134,64,8,206,134,206
1,Cercado,1,Trinidad,2526,Trinidad,32012,U.E.Inmaculada,8002922,10,240,150,48,13,211,150,211
1,Cercado,1,Trinidad,2526,Trinidad,32012,U.E.Inmaculada,8002932,11,66,37,19,2,58,37,58
1,Cercado,1,Trinidad,2526,Trinidad,32013,E. S. F. M. Clara Parada de Pinto,8003212,1,240,154,31,14,199,154,199
1,Cercado,1,Trinidad,2526,Trinidad,32013,E. S. F. M. Clara Parada de Pinto,8003222,2,240,146,48,10,204,146,204
1,Cercado,1,Trinidad,2526,Trinidad,32013,E. S. F. M. Clara Parada de Pinto,8003232,3,240,147,41,11,199,147,199
1,Cercado,1,Trinidad,2526,Trinidad,32013,E. S. F. M. Clara Parada de Pinto,8003242,4,240,136,56,7,199,136,199
1,Cercado,1,Trinidad,2526,Trinidad,32013,E. S. F. M. Clara Parada de Pinto,8003252,5,240,134,51,13,198,134,198
1,Cercado,1,Trinidad,2526,Trinidad,32013,E. S. F. M. Clara Parada de Pinto,8003262,6,240,153,44,8,205,153,205
1,Cercado,1,Trinidad,2526,Trinidad,32013,E. S. F. M. Clara Parada de Pinto,8003272,7,240,147,57,4,208,147,208
1,Cercado,1,Trinidad,2526,Trinidad,32013,E. S. F. M. Clara Parada de Pinto,8003282,8,228,140,47,10,197,140,197
1,Cercado,1,Trinidad,2526,Trinidad,32014,U.E. Jesús Rioja Aponte,8002942,1,240,125,80,4,209,125,209
1,Cercado,1,Trinidad,2526,Trinidad,32014,U.E. Jesús Rioja Aponte,8002952,2,240,141,68,5,214,141,214
1,Cercado,1,Trinidad,2526,Trinidad,32014,U.E. Jesús Rioja Aponte,8002962,3,240,139,65,9,213,139,213
1,Cercado,1,Trinidad,2526,Trinidad,32014,U.E. Jesús Rioja Aponte,8002972,4,240,140,67,8,215,140,215
1,Cercado,1,Trinidad,2526,Trinidad,32014,U.E. Jesús Rioja Aponte,8002982,5,240,128,68,7,203,128,203
1,Cercado,1,Trinidad,2526,Trinidad,32014,U.E. Jesús Rioja Aponte,8002992,6,240,139,61,10,210,139,210
1,Cercado,1,Trinidad,2526,Trinidad,32014,U.E. Jesús Rioja Aponte,8003002,7,240,124,56,13,193,124,193
1,Cercado,1,Trinidad,2526,Trinidad,32014,U.E. Jesús Rioja Aponte,8003012,8,240,117,80,10,207,117,207
1,Cercado,1,Trinidad,2526,Trinidad,32014,U.E. Jesús Rioja Aponte,8003022,9,240,124,68,8,200,124,200
1,Cercado,1,Trinidad,2526,Trinidad,32014,U.E. Jesús Rioja Aponte,8003032,10,240,132,71,8,211,132,211
1,Cercado,1,Trinidad,2526,Trinidad,32014,U.E. Jesús Rioja Aponte,8003042,11,240,137,54,7,198,137,198
1,Cercado,1,Trinidad,2526,Trinidad,32014,U.E. Jesús Rioja Aponte,8003052,12,54,33,13,2,48,33,48
1,Cercado,1,Trinidad,2526,Trinidad,32147,U.E.Villa Magdalena,8003842,1,240,151,46,7,204,151,204
1,Cercado,1,Trinidad,2526,Trinidad,32147,U.E.Villa Magdalena,8003852,2,240,142,56,7,205,142,205
1,Cercado,1,Trinidad,2526,Trinidad,32147,U.E.Villa Magdalena,8003862,3,240,137,65,5,207,137,207
1,Cercado,1,Trinidad,2526,Trinidad,32147,U.E.Villa Magdalena,8003872,4,240,153,58,12,223,153,223
1,Cercado,1,Trinidad,2526,Trinidad,32147,U.E.Villa Magdalena,8003882,5,240,156,39,7,202,156,202
1,Cercado,1,Trinidad,2526,Trinidad,32147,U.E.Villa Magdalena,8003892,6,86,47,22,4,73,47,73
1,Cercado,1,Trinidad,2526,Trinidad,32148,U.E.Villa Marin,8001512,1,240,120,59,6,185,120,185
1,Cercado,1,Trinidad,2526,Trinidad,32148,U.E.Villa Marin,8001522,2,240,125,53,9,187,125,187
1,Cercado,1,Trinidad,2526,Trinidad,32148,U.E.Villa Marin,8001532,3,240,141,53,5,199,141,199
1,Cercado,1,Trinidad,2526,Trinidad,32148,U.E.Villa Marin,8001542,4,240,117,68,5,190,117,190
1,Cercado,1,Trinidad,2526,Trinidad,32148,U.E.Villa Marin,8001552,5,240,121,48,13,182,121,182
1,Cercado,1,Trinidad,2526,Trinidad,32148,U.E.Villa Marin,8001562,6,240,118,54,11,183,118,183
1,Cercado,1,Trinidad,2526,Trinidad,32148,U.E.Villa Marin,8001572,7,191,94,48,5,147,94,147
1,Cercado,1,Trinidad,2526,Trinidad,32150,U.E. Nacional 6 de Agosto,8003902,1,240,157,42,10,209,157,209
1,Cercado,1,Trinidad,2526,Trinidad,32150,U.E. Nacional 6 de Agosto,8003912,2,240,171,31,8,210,171,210
1,Cercado,1,Trinidad,2526,Trinidad,32150,U.E. Nacional 6 de Agosto,8003922,3,240,157,45,0,202,157,202
1,Cercado,1,Trinidad,2526,Trinidad,32150,U.E. Nacional 6 de Agosto,8003932,4,240,157,29,8,194,157,194
1,Cercado,1,Trinidad,2526,Trinidad,32150,U.E. Nacional 6 de Agosto,8003942,5,240,151,39,9,199,151,199
1,Cercado,1,Trinidad,2526,Trinidad,32150,U.E. Nacional 6 de Agosto,8003952,6,156,110,23,5,138,110,138
1,Cercado,1,Trinidad,2526,Trinidad,32370,U.E. Hernán Melgar Justiniano,8001092,1,230,150,47,6,203,150,203
1,Cercado,1,Trinidad,2527,Loma Suárez,1,Esc. Loma Suarez,8000012,1,240,97,33,2,132,97,132
1,Cercado,1,Trinidad,2527,Loma Suárez,1,Esc. Loma Suarez,8000022,2,240,104,42,4,150,104,150
1,Cercado,1,Trinidad,2527,Loma Suárez,1,Esc. Loma Suarez,8000032,3,240,97,55,12,164,97,164
1,Cercado,1,Trinidad,2527,Loma Suárez,1,Esc. Loma Suarez,8000042,4,108,53,20,1,74,53,74
1,Cercado,1,Trinidad,2528,Puerto Ballivián,1,Esc. Puerto Ballivian,8000052,1,186,104,43,13,160,104,160
1,Cercado,1,Trinidad,2529,Puerto Almacén,1,Esc. Mayor Pedro Vaca Diez,8000062,1,240,98,83,6,187,98,187
1,Cercado,1,Trinidad,2529,Puerto Almacén,1,Esc. Mayor Pedro Vaca Diez,8000072,2,235,92,70,13,175,92,175
1,Cercado,1,Trinidad,2534,San Juan de Aguas Dulces,1,Esc. San Juan De Aguas Dulces,8000082,1,132,85,25,0,110,85,110
1,Cercado,1,Trinidad,3069,Casarabe,1,Escuela Casarabe,8000092,1,240,109,72,6,187,109,187
1,Cercado,1,Trinidad,3069,Casarabe,1,Escuela Casarabe,8000102,2,240,98,76,7,181,98,181
1,Cercado,1,Trinidad,3069,Casarabe,1,Escuela Casarabe,8000112,3,231,103,86,2,191,103,191
1,Cercado,1,Trinidad,3070,Ibiato,1,Escuela Iviato,8000122,1,240,130,47,2,179,130,179
1,Cercado,1,Trinidad,3070,Ibiato,1,Escuela Iviato,8000132,2,108,59,26,0,85,59,85
1,Cercado,1,Trinidad,3125,Puerto Barador,1,Esc. Puerto Varador,8000142,1,240,113,70,10,193,113,193
1,Cercado,1,Trinidad,3125,Puerto Barador,1,Esc. Puerto Varador,8000152,2,240,111,66,18,195,111,195
1,Cercado,1,Trinidad,3125,Puerto Barador,1,Esc. Puerto Varador,8000162,3,240,92,91,5,188,92,188
1,Cercado,1,Trinidad,3125,Puerto Barador,1,Esc. Puerto Varador,8000172,4,104,49,36,3,88,49,88
1,Cercado,2,San Javier,2530,San Javier,2,Escuela San Javier,8004012,1,240,160,22,11,193,160,193
1,Cercado,2,San Javier,2530,San Javier,2,Escuela San Javier,8004022,2,240,171,25,9,205,171,205
1,Cercado,2,San Javier,2530,San Javier,2,Escuela San Javier,8004032,3,246,188,24,4,216,188,216
1,Cercado,2,San Javier,2532,Espíritu Santo,2,Escuela Espiritu Santo,8004042,1,66,36,12,1,49,36,49
1,Cercado,2,San Javier,2535,San Pedro,2,Escuela San Pedro,8004052,1,240,164,30,11,205,164,205
1,Cercado,2,San Javier,2535,San Pedro,2,Escuela San Pedro,8004062,2,244,157,38,5,200,157,200
1,Cercado,2,San Javier,2539,Nueva Israel,2,Escuela Nueva Israel,8004072,1,240,146,44,8,198,146,198
1,Cercado,2,San Javier,2539,Nueva Israel,2,Escuela Nueva Israel,8004082,2,240,139,40,6,185,139,185
1,Cercado,2,San Javier,2539,Nueva Israel,2,Escuela Nueva Israel,8004092,3,240,152,35,6,193,152,193
1,Cercado,2,San Javier,2539,Nueva Israel,2,Escuela Nueva Israel,8004102,4,186,117,35,6,158,117,158
1,Cercado,2,San Javier,3126,Laguna Colorada,2,Escuela Laguna Colorada,8004112,1,96,70,13,1,84,70,84
1,Cercado,2,San Javier,3340,Pedro Ignacio Muiba,1,Escuela Pedro Ignacio Muiba,8003962,1,240,138,24,9,171,138,171
1,Cercado,2,San Javier,3340,Pedro Ignacio Muiba,1,Escuela Pedro Ignacio Muiba,8003972,2,159,109,13,2,124,109,124
1,Cercado,2,San Javier,3867,La Curva,1,U.E. La Curva,8003982,1,240,76,16,2,94,76,94
1,Cercado,2,San Javier,3867,La Curva,1,U.E. La Curva,8003992,2,240,92,15,0,107,92,107
1,Cercado,2,San Javier,3867,La Curva,1,U.E. La Curva,8004002,3,71,7,0,0,7,7,7
1,Cercado,2,San Javier,4172,Villa Rodeo,25567,U.E. Villa Rodeo,8004122,1,134,40,32,2,74,40,74
2,Vaca Diez,1,Riberalta,2540,Riberalta,1,U.E. San Jose Obrero,8004422,1,240,114,56,12,182,114,182
2,Vaca Diez,1,Riberalta,2540,Riberalta,1,U.E. San Jose Obrero,8004432,2,240,112,48,14,174,112,174
2,Vaca Diez,1,Riberalta,2540,Riberalta,1,U.E. San Jose Obrero,8004442,3,240,104,60,15,179,104,179
2,Vaca Diez,1,Riberalta,2540,Riberalta,1,U.E. San Jose Obrero,8004452,4,240,116,66,13,195,116,195
2,Vaca Diez,1,Riberalta,2540,Riberalta,1,U.E. San Jose Obrero,8004462,5,240,113,54,13,180,113,180
2,Vaca Diez,1,Riberalta,2540,Riberalta,1,U.E. San Jose Obrero,8004472,6,240,112,52,12,176,112,176
2,Vaca Diez,1,Riberalta,2540,Riberalta,1,U.E. San Jose Obrero,8004482,7,240,108,61,11,180,108,180
2,Vaca Diez,1,Riberalta,2540,Riberalta,1,U.E. San Jose Obrero,8004492,8,240,105,61,17,183,105,183
2,Vaca Diez,1,Riberalta,2540,Riberalta,1,U.E. San Jose Obrero,8004502,9,240,105,57,22,184,105,184
2,Vaca Diez,1,Riberalta,2540,Riberalta,1,U.E. San Jose Obrero,8004512,10,240,123,59,13,195,123,195
2,Vaca Diez,1,Riberalta,2540,Riberalta,1,U.E. San Jose Obrero,8004522,11,240,101,66,7,174,101,174
2,Vaca Diez,1,Riberalta,2540,Riberalta,1,U.E. San Jose Obrero,8004532,12,240,103,56,7,166,103,166
2,Vaca Diez,1,Riberalta,2540,Riberalta,1,U.E. San Jose Obrero,8004542,13,20,11,2,1,14,11,14
2,Vaca Diez,1,Riberalta,2540,Riberalta,3,U.E. Felix Sattory Roman,8005182,1,240,130,65,14,209,130,209
2,Vaca Diez,1,Riberalta,2540,Riberalta,3,U.E. Felix Sattory Roman,8005192,2,240,131,58,9,198,131,198
2,Vaca Diez,1,Riberalta,2540,Riberalta,3,U.E. Felix Sattory Roman,8005202,3,240,120,86,10,216,120,216
2,Vaca Diez,1,Riberalta,2540,Riberalta,3,U.E. Felix Sattory Roman,8005212,4,240,136,55,14,205,136,205
2,Vaca Diez,1,Riberalta,2540,Riberalta,3,U.E. Felix Sattory Roman,8005222,5,240,130,65,8,203,130,203
2,Vaca Diez,1,Riberalta,2540,Riberalta,3,U.E. Felix Sattory Roman,8005232,6,240,124,72,10,206,124,206
2,Vaca Diez,1,Riberalta,2540,Riberalta,3,U.E. Felix Sattory Roman,8005242,7,240,132,50,7,189,132,189
2,Vaca Diez,1,Riberalta,2540,Riberalta,3,U.E. Felix Sattory Roman,8005252,8,240,110,62,10,182,110,182
2,Vaca Diez,1,Riberalta,2540,Riberalta,3,U.E. Felix Sattory Roman,8005262,9,240,129,64,11,204,129,204
2,Vaca Diez,1,Riberalta,2540,Riberalta,3,U.E. Felix Sattory Roman,8005272,10,240,138,50,9,197,138,197
2,Vaca Diez,1,Riberalta,2540,Riberalta,3,U.E. Felix Sattory Roman,8005282,11,199,104,41,5,150,104,150
2,Vaca Diez,1,Riberalta,2540,Riberalta,4,Politecnico Benjamin Bowles,8006092,1,240,107,82,9,198,107,198
2,Vaca Diez,1,Riberalta,2540,Riberalta,4,Politecnico Benjamin Bowles,8006102,2,240,103,98,10,211,103,211
2,Vaca Diez,1,Riberalta,2540,Riberalta,4,Politecnico Benjamin Bowles,8006112,3,240,106,67,18,191,106,191
2,Vaca Diez,1,Riberalta,2540,Riberalta,4,Politecnico Benjamin Bowles,8006122,4,240,111,72,16,199,111,199
2,Vaca Diez,1,Riberalta,2540,Riberalta,4,Politecnico Benjamin Bowles,8006132,5,240,112,67,7,186,112,186
2,Vaca Diez,1,Riberalta,2540,Riberalta,4,Politecnico Benjamin Bowles,8006142,6,240,102,85,9,196,102,196
2,Vaca Diez,1,Riberalta,2540,Riberalta,4,Politecnico Benjamin Bowles,8006152,7,240,108,74,11,193,108,193
2,Vaca Diez,1,Riberalta,2540,Riberalta,4,Politecnico Benjamin Bowles,8006162,8,240,111,75,18,204,111,204
2,Vaca Diez,1,Riberalta,2540,Riberalta,4,Politecnico Benjamin Bowles,8006172,9,240,102,72,16,190,102,190
2,Vaca Diez,1,Riberalta,2540,Riberalta,4,Politecnico Benjamin Bowles,8006182,10,240,112,79,11,202,112,202
2,Vaca Diez,1,Riberalta,2540,Riberalta,4,Politecnico Benjamin Bowles,8006192,11,240,118,65,19,202,118,202
2,Vaca Diez,1,Riberalta,2540,Riberalta,4,Politecnico Benjamin Bowles,8006202,12,113,50,42,5,97,50,97
2,Vaca Diez,1,Riberalta,2540,Riberalta,6,U.E. Juana Azurduy De Padilla,8004552,1,240,124,40,19,183,124,183
2,Vaca Diez,1,Riberalta,2540,Riberalta,6,U.E. Juana Azurduy De Padilla,8004562,2,240,106,56,9,171,106,171
2,Vaca Diez,1,Riberalta,2540,Riberalta,6,U.E. Juana Azurduy De Padilla,8004572,3,240,123,48,10,181,123,181
2,Vaca Diez,1,Riberalta,2540,Riberalta,6,U.E. Juana Azurduy De Padilla,8004582,4,240,145,38,10,193,145,193
2,Vaca Diez,1,Riberalta,2540,Riberalta,6,U.E. Juana Azurduy De Padilla,8004592,5,31,15,9,0,24,15,24
2,Vaca Diez,1,Riberalta,2540,Riberalta,8,U.E. 6 de Junio,8004822,1,240,117,59,5,181,117,181
2,Vaca Diez,1,Riberalta,2540,Riberalta,8,U.E. 6 de Junio,8004832,2,240,110,51,12,173,110,173
2,Vaca Diez,1,Riberalta,2540,Riberalta,8,U.E. 6 de Junio,8004842,3,240,129,52,8,189,129,189
2,Vaca Diez,1,Riberalta,2540,Riberalta,8,U.E. 6 de Junio,8004852,4,240,113,53,9,175,113,175
2,Vaca Diez,1,Riberalta,2540,Riberalta,8,U.E. 6 de Junio,8004862,5,240,118,52,3,173,118,173
2,Vaca Diez,1,Riberalta,2540,Riberalta,8,U.E. 6 de Junio,8004872,6,240,129,42,9,180,129,180
2,Vaca Diez,1,Riberalta,2540,Riberalta,8,U.E. 6 de Junio,8004882,7,240,126,44,7,177,126,177
2,Vaca Diez,1,Riberalta,2540,Riberalta,8,U.E. 6 de Junio,8004892,8,25,12,9,0,21,12,21
2,Vaca Diez,1,Riberalta,2540,Riberalta,9,U.E. Nacional Pedro Kramer,8004602,1,240,126,45,11,182,126,182
2,Vaca Diez,1,Riberalta,2540,Riberalta,9,U.E. Nacional Pedro Kramer,8004612,2,240,120,50,16,186,120,186
2,Vaca Diez,1,Riberalta,2540,Riberalta,9,U.E. Nacional Pedro Kramer,8004622,3,240,129,59,5,193,129,193
2,Vaca Diez,1,Riberalta,2540,Riberalta,9,U.E. Nacional Pedro Kramer,8004632,4,240,134,45,8,187,134,187
2,Vaca Diez,1,Riberalta,2540,Riberalta,9,U.E. Nacional Pedro Kramer,8004642,5,240,151,46,5,202,151,202
2,Vaca Diez,1,Riberalta,2540,Riberalta,9,U.E. Nacional Pedro Kramer,8004652,6,140,83,20,6,109,83,109
2,Vaca Diez,1,Riberalta,2540,Riberalta,10,U.E.Jhon Fitzgerald Kennedy,8004662,1,240,139,55,8,202,139,202
2,Vaca Diez,1,Riberalta,2540,Riberalta,10,U.E.Jhon Fitzgerald Kennedy,8004672,2,240,140,61,12,213,140,213
2,Vaca Diez,1,Riberalta,2540,Riberalta,10,U.E.Jhon Fitzgerald Kennedy,8004682,3,240,135,65,6,206,135,206
2,Vaca Diez,1,Riberalta,2540,Riberalta,10,U.E.Jhon Fitzgerald Kennedy,8004692,4,240,130,52,8,190,130,190
2,Vaca Diez,1,Riberalta,2540,Riberalta,10,U.E.Jhon Fitzgerald Kennedy,8004702,5,240,140,66,9,215,140,215
2,Vaca Diez,1,Riberalta,2540,Riberalta,10,U.E.Jhon Fitzgerald Kennedy,8004712,6,240,120,67,20,207,120,207
2,Vaca Diez,1,Riberalta,2540,Riberalta,10,U.E.Jhon Fitzgerald Kennedy,8004722,7,91,50,24,4,78,50,78
2,Vaca Diez,1,Riberalta,2540,Riberalta,11,U.E.  Británica,8006212,1,240,114,68,11,193,114,193
2,Vaca Diez,1,Riberalta,2540,Riberalta,11,U.E.  Británica,8006222,2,240,111,72,12,195,111,195
2,Vaca Diez,1,Riberalta,2540,Riberalta,11,U.E.  Británica,8006232,3,240,102,85,9,196,102,196
2,Vaca Diez,1,Riberalta,2540,Riberalta,11,U.E.  Británica,8006242,4,240,113,79,17,209,113,209
2,Vaca Diez,1,Riberalta,2540,Riberalta,11,U.E.  Británica,8006252,5,240,121,66,8,195,121,195
2,Vaca Diez,1,Riberalta,2540,Riberalta,11,U.E.  Británica,8006262,6,240,100,88,10,198,100,198
2,Vaca Diez,1,Riberalta,2540,Riberalta,11,U.E.  Británica,8006272,7,240,118,75,9,202,118,202
2,Vaca Diez,1,Riberalta,2540,Riberalta,11,U.E.  Británica,8006282,8,240,100,77,16,193,100,193
2,Vaca Diez,1,Riberalta,2540,Riberalta,11,U.E.  Británica,8006292,9,240,117,69,11,197,117,197
2,Vaca Diez,1,Riberalta,2540,Riberalta,11,U.E.  Británica,8006302,10,240,121,60,11,192,121,192
2,Vaca Diez,1,Riberalta,2540,Riberalta,11,U.E.  Británica,8006312,11,240,109,73,11,193,109,193
2,Vaca Diez,1,Riberalta,2540,Riberalta,11,U.E.  Británica,8006322,12,175,85,46,4,135,85,135
2,Vaca Diez,1,Riberalta,2540,Riberalta,12,U.E. Petrolera,8005612,1,240,95,95,16,206,95,206
2,Vaca Diez,1,Riberalta,2540,Riberalta,12,U.E. Petrolera,8005622,2,240,98,83,17,198,98,198
2,Vaca Diez,1,Riberalta,2540,Riberalta,12,U.E. Petrolera,8005632,3,240,105,80,11,196,105,196
2,Vaca Diez,1,Riberalta,2540,Riberalta,12,U.E. Petrolera,8005642,4,240,103,95,8,206,103,206
2,Vaca Diez,1,Riberalta,2540,Riberalta,12,U.E. Petrolera,8005652,5,240,107,85,4,196,107,196
2,Vaca Diez,1,Riberalta,2540,Riberalta,12,U.E. Petrolera,8005662,6,240,104,83,15,202,104,202
2,Vaca Diez,1,Riberalta,2540,Riberalta,12,U.E. Petrolera,8005672,7,240,88,97,12,197,88,197
2,Vaca Diez,1,Riberalta,2540,Riberalta,12,U.E. Petrolera,8005682,8,240,99,97,13,209,99,209
2,Vaca Diez,1,Riberalta,2540,Riberalta,12,U.E. Petrolera,8005692,9,240,96,92,14,202,96,202
2,Vaca Diez,1,Riberalta,2540,Riberalta,12,U.E. Petrolera,8005702,10,240,91,86,16,193,91,193
2,Vaca Diez,1,Riberalta,2540,Riberalta,12,U.E. Petrolera,8005712,11,240,98,105,11,214,98,214
2,Vaca Diez,1,Riberalta,2540,Riberalta,12,U.E. Petrolera,8005722,12,240,109,92,8,209,109,209
2,Vaca Diez,1,Riberalta,2540,Riberalta,12,U.E. Petrolera,8005732,13,240,93,105,11,209,93,209
2,Vaca Diez,1,Riberalta,2540,Riberalta,12,U.E. Petrolera,8005742,14,240,96,16,86,198,96,198
2,Vaca Diez,1,Riberalta,2540,Riberalta,12,U.E. Petrolera,8005752,15,240,94,93,6,193,94,193
2,Vaca Diez,1,Riberalta,2540,Riberalta,12,U.E. Petrolera,8005762,16,207,100,59,14,173,100,173
2,Vaca Diez,1,Riberalta,2540,Riberalta,13,U.E.  Eduardo Abaroa,8005292,1,240,112,78,7,197,112,197
2,Vaca Diez,1,Riberalta,2540,Riberalta,13,U.E.  Eduardo Abaroa,8005302,2,240,126,66,6,198,126,198
2,Vaca Diez,1,Riberalta,2540,Riberalta,13,U.E.  Eduardo Abaroa,8005312,3,240,116,63,18,197,116,197
2,Vaca Diez,1,Riberalta,2540,Riberalta,13,U.E.  Eduardo Abaroa,8005322,4,240,136,51,7,194,136,194
2,Vaca Diez,1,Riberalta,2540,Riberalta,13,U.E.  Eduardo Abaroa,8005332,5,240,114,69,10,193,114,193
2,Vaca Diez,1,Riberalta,2540,Riberalta,13,U.E.  Eduardo Abaroa,8005342,6,240,121,61,8,190,121,190
2,Vaca Diez,1,Riberalta,2540,Riberalta,13,U.E.  Eduardo Abaroa,8005352,7,240,122,76,8,206,122,206
2,Vaca Diez,1,Riberalta,2540,Riberalta,13,U.E.  Eduardo Abaroa,8005362,8,240,103,58,19,180,103,180
2,Vaca Diez,1,Riberalta,2540,Riberalta,13,U.E.  Eduardo Abaroa,8005372,9,240,137,59,3,199,137,199
2,Vaca Diez,1,Riberalta,2540,Riberalta,13,U.E.  Eduardo Abaroa,8005382,10,240,124,71,12,207,124,207
2,Vaca Diez,1,Riberalta,2540,Riberalta,13,U.E.  Eduardo Abaroa,8005392,11,240,136,48,9,193,136,193
2,Vaca Diez,1,Riberalta,2540,Riberalta,13,U.E.  Eduardo Abaroa,8005402,12,240,133,57,5,195,133,195
2,Vaca Diez,1,Riberalta,2540,Riberalta,13,U.E.  Eduardo Abaroa,8005412,13,240,132,63,8,203,132,203
2,Vaca Diez,1,Riberalta,2540,Riberalta,13,U.E.  Eduardo Abaroa,8005422,14,137,66,46,4,116,66,116
2,Vaca Diez,1,Riberalta,2540,Riberalta,14,U.E.  1ro. de Diciembre,8004902,1,240,89,83,11,183,89,183
2,Vaca Diez,1,Riberalta,2540,Riberalta,14,U.E.  1ro. de Diciembre,8004912,2,240,101,94,3,198,101,198
2,Vaca Diez,1,Riberalta,2540,Riberalta,14,U.E.  1ro. de Diciembre,8004922,3,240,93,83,9,185,93,185
2,Vaca Diez,1,Riberalta,2540,Riberalta,14,U.E.  1ro. de Diciembre,8004932,4,240,91,80,12,183,91,183
2,Vaca Diez,1,Riberalta,2540,Riberalta,14,U.E.  1ro. de Diciembre,8004942,5,240,95,75,23,193,95,193
2,Vaca Diez,1,Riberalta,2540,Riberalta,14,U.E.  1ro. de Diciembre,8004952,6,240,90,90,24,204,90,204
2,Vaca Diez,1,Riberalta,2540,Riberalta,14,U.E.  1ro. de Diciembre,8004962,7,240,96,90,7,193,96,193
2,Vaca Diez,1,Riberalta,2540,Riberalta,14,U.E.  1ro. de Diciembre,8004972,8,240,108,66,9,183,108,183
2,Vaca Diez,1,Riberalta,2540,Riberalta,14,U.E.  1ro. de Diciembre,8004982,9,240,87,99,4,190,87,190
2,Vaca Diez,1,Riberalta,2540,Riberalta,14,U.E.  1ro. de Diciembre,8004992,10,240,104,80,9,193,104,193
2,Vaca Diez,1,Riberalta,2540,Riberalta,14,U.E.  1ro. de Diciembre,8005002,11,148,67,45,2,114,67,114
2,Vaca Diez,1,Riberalta,2540,Riberalta,15,U.E. Los Tajibos,8006332,1,240,92,70,16,178,92,178
2,Vaca Diez,1,Riberalta,2540,Riberalta,15,U.E. Los Tajibos,8006342,2,240,93,82,9,184,93,184
2,Vaca Diez,1,Riberalta,2540,Riberalta,15,U.E. Los Tajibos,8006352,3,240,103,70,15,188,103,188
2,Vaca Diez,1,Riberalta,2540,Riberalta,15,U.E. Los Tajibos,8006362,4,240,85,84,15,184,85,184
2,Vaca Diez,1,Riberalta,2540,Riberalta,15,U.E. Los Tajibos,8006372,5,240,96,73,9,178,96,178
2,Vaca Diez,1,Riberalta,2540,Riberalta,15,U.E. Los Tajibos,8006382,6,240,95,78,9,182,95,182
2,Vaca Diez,1,Riberalta,2540,Riberalta,15,U.E. Los Tajibos,8006392,7,240,92,85,5,182,92,182
2,Vaca Diez,1,Riberalta,2540,Riberalta,15,U.E. Los Tajibos,8006402,8,240,101,79,5,185,101,185
2,Vaca Diez,1,Riberalta,2540,Riberalta,15,U.E. Los Tajibos,8006412,9,240,102,79,10,191,102,191
2,Vaca Diez,1,Riberalta,2540,Riberalta,15,U.E. Los Tajibos,8006422,10,240,107,73,15,195,107,195
2,Vaca Diez,1,Riberalta,2540,Riberalta,15,U.E. Los Tajibos,8006432,11,240,96,77,18,191,96,191
2,Vaca Diez,1,Riberalta,2540,Riberalta,15,U.E. Los Tajibos,8006442,12,240,88,98,9,195,88,195
2,Vaca Diez,1,Riberalta,2540,Riberalta,15,U.E. Los Tajibos,8006452,13,240,94,73,14,181,94,181
2,Vaca Diez,1,Riberalta,2540,Riberalta,15,U.E. Los Tajibos,8006462,14,240,89,88,8,185,89,185
2,Vaca Diez,1,Riberalta,2540,Riberalta,15,U.E. Los Tajibos,8006472,15,240,81,87,12,180,81,180
2,Vaca Diez,1,Riberalta,2540,Riberalta,15,U.E. Los Tajibos,8006482,16,240,97,80,12,189,97,189
2,Vaca Diez,1,Riberalta,2540,Riberalta,15,U.E. Los Tajibos,8006492,17,240,103,61,10,174,103,174
2,Vaca Diez,1,Riberalta,2540,Riberalta,15,U.E. Los Tajibos,8006502,18,240,110,78,16,204,110,204
2,Vaca Diez,1,Riberalta,2540,Riberalta,15,U.E. Los Tajibos,8006512,19,175,61,63,3,127,61,127
2,Vaca Diez,1,Riberalta,2540,Riberalta,16,U.E. Nuestra Señora Del Carmen,8004732,1,240,133,48,15,196,133,196
2,Vaca Diez,1,Riberalta,2540,Riberalta,16,U.E. Nuestra Señora Del Carmen,8004742,2,240,142,44,9,195,142,195
2,Vaca Diez,1,Riberalta,2540,Riberalta,16,U.E. Nuestra Señora Del Carmen,8004752,3,240,134,48,5,187,134,187
2,Vaca Diez,1,Riberalta,2540,Riberalta,16,U.E. Nuestra Señora Del Carmen,8004762,4,240,130,56,6,192,130,192
2,Vaca Diez,1,Riberalta,2540,Riberalta,16,U.E. Nuestra Señora Del Carmen,8004772,5,240,138,52,10,200,138,200
2,Vaca Diez,1,Riberalta,2540,Riberalta,16,U.E. Nuestra Señora Del Carmen,8004782,6,240,136,50,12,198,136,198
2,Vaca Diez,1,Riberalta,2540,Riberalta,16,U.E. Nuestra Señora Del Carmen,8004792,7,240,120,62,8,190,120,190
2,Vaca Diez,1,Riberalta,2540,Riberalta,16,U.E. Nuestra Señora Del Carmen,8004802,8,65,35,12,6,53,35,53
2,Vaca Diez,1,Riberalta,2540,Riberalta,17,Unidad Educativa Nataniel García Chavez,8005012,1,240,106,78,10,194,106,194
2,Vaca Diez,1,Riberalta,2540,Riberalta,17,Unidad Educativa Nataniel García Chavez,8005022,2,240,111,84,4,199,111,199
2,Vaca Diez,1,Riberalta,2540,Riberalta,17,Unidad Educativa Nataniel García Chavez,8005032,3,240,95,101,4,200,95,200
2,Vaca Diez,1,Riberalta,2540,Riberalta,17,Unidad Educativa Nataniel García Chavez,8005042,4,240,108,86,6,200,108,200
2,Vaca Diez,1,Riberalta,2540,Riberalta,17,Unidad Educativa Nataniel García Chavez,8005052,5,240,91,96,3,190,91,190
2,Vaca Diez,1,Riberalta,2540,Riberalta,17,Unidad Educativa Nataniel García Chavez,8005062,6,240,121,80,4,205,121,205
2,Vaca Diez,1,Riberalta,2540,Riberalta,17,Unidad Educativa Nataniel García Chavez,8005072,7,240,109,85,10,204,109,204
2,Vaca Diez,1,Riberalta,2540,Riberalta,17,Unidad Educativa Nataniel García Chavez,8005082,8,240,120,83,8,211,120,211
2,Vaca Diez,1,Riberalta,2540,Riberalta,17,Unidad Educativa Nataniel García Chavez,8005092,9,240,96,85,6,187,96,187
2,Vaca Diez,1,Riberalta,2540,Riberalta,17,Unidad Educativa Nataniel García Chavez,8005102,10,240,101,60,26,187,101,187
2,Vaca Diez,1,Riberalta,2540,Riberalta,17,Unidad Educativa Nataniel García Chavez,8005112,11,181,86,43,3,132,86,132
2,Vaca Diez,1,Riberalta,2540,Riberalta,18,(Cárcel) Penal Riberalta,8004812,1,102,18,17,2,37,18,37
2,Vaca Diez,1,Riberalta,2540,Riberalta,19,U.E.  San Francisco,8005432,1,240,122,63,9,194,122,194
2,Vaca Diez,1,Riberalta,2540,Riberalta,19,U.E.  San Francisco,8005442,2,240,107,59,8,174,107,174
2,Vaca Diez,1,Riberalta,2540,Riberalta,19,U.E.  San Francisco,8005452,3,240,120,57,3,180,120,180
2,Vaca Diez,1,Riberalta,2540,Riberalta,19,U.E.  San Francisco,8005462,4,154,70,44,8,122,70,122
2,Vaca Diez,1,Riberalta,2540,Riberalta,20,U.E.  Walter Alpire Duran,8005472,1,240,107,61,13,181,107,181
2,Vaca Diez,1,Riberalta,2540,Riberalta,20,U.E.  Walter Alpire Duran,8005482,2,240,127,59,18,204,127,204
2,Vaca Diez,1,Riberalta,2540,Riberalta,20,U.E.  Walter Alpire Duran,8005492,3,240,104,70,6,180,104,180
2,Vaca Diez,1,Riberalta,2540,Riberalta,20,U.E.  Walter Alpire Duran,8005502,4,240,121,54,9,184,121,184
2,Vaca Diez,1,Riberalta,2540,Riberalta,20,U.E.  Walter Alpire Duran,8005512,5,240,127,60,15,202,127,202
2,Vaca Diez,1,Riberalta,2540,Riberalta,20,U.E.  Walter Alpire Duran,8005522,6,240,110,77,11,198,110,198
2,Vaca Diez,1,Riberalta,2540,Riberalta,20,U.E.  Walter Alpire Duran,8005532,7,240,131,62,13,206,131,206
2,Vaca Diez,1,Riberalta,2540,Riberalta,20,U.E.  Walter Alpire Duran,8005542,8,54,23,13,2,38,23,38
2,Vaca Diez,1,Riberalta,2540,Riberalta,21,U.E.  Ismael Carrasco Telleria,8006522,1,240,118,59,17,194,118,194
2,Vaca Diez,1,Riberalta,2540,Riberalta,21,U.E.  Ismael Carrasco Telleria,8006532,2,240,120,61,16,197,120,197
2,Vaca Diez,1,Riberalta,2540,Riberalta,21,U.E.  Ismael Carrasco Telleria,8006542,3,240,111,66,16,193,111,193
2,Vaca Diez,1,Riberalta,2540,Riberalta,21,U.E.  Ismael Carrasco Telleria,8006552,4,240,105,72,9,186,105,186
2,Vaca Diez,1,Riberalta,2540,Riberalta,21,U.E.  Ismael Carrasco Telleria,8006562,5,240,111,66,18,195,111,195
2,Vaca Diez,1,Riberalta,2540,Riberalta,21,U.E.  Ismael Carrasco Telleria,8006572,6,240,117,70,11,198,117,198
2,Vaca Diez,1,Riberalta,2540,Riberalta,21,U.E.  Ismael Carrasco Telleria,8006582,7,240,110,76,13,199,110,199
2,Vaca Diez,1,Riberalta,2540,Riberalta,21,U.E.  Ismael Carrasco Telleria,8006592,8,240,117,76,12,205,117,205
2,Vaca Diez,1,Riberalta,2540,Riberalta,21,U.E.  Ismael Carrasco Telleria,8006602,9,170,62,63,12,137,62,137
2,Vaca Diez,1,Riberalta,2540,Riberalta,22,U.E. Federico Demmer,8005772,1,240,106,61,11,178,106,178
2,Vaca Diez,1,Riberalta,2540,Riberalta,22,U.E. Federico Demmer,8005782,2,240,115,65,8,188,115,188
2,Vaca Diez,1,Riberalta,2540,Riberalta,22,U.E. Federico Demmer,8005792,3,240,102,80,11,193,102,193
2,Vaca Diez,1,Riberalta,2540,Riberalta,22,U.E. Federico Demmer,8005802,4,240,98,89,7,194,98,194
2,Vaca Diez,1,Riberalta,2540,Riberalta,22,U.E. Federico Demmer,8005812,5,240,105,76,8,189,105,189
2,Vaca Diez,1,Riberalta,2540,Riberalta,22,U.E. Federico Demmer,8005822,6,240,114,74,8,196,114,196
2,Vaca Diez,1,Riberalta,2540,Riberalta,22,U.E. Federico Demmer,8005832,7,240,114,70,8,192,114,192
2,Vaca Diez,1,Riberalta,2540,Riberalta,22,U.E. Federico Demmer,8005842,8,240,109,79,6,194,109,194
2,Vaca Diez,1,Riberalta,2540,Riberalta,22,U.E. Federico Demmer,8005852,9,240,107,64,8,179,107,179
2,Vaca Diez,1,Riberalta,2540,Riberalta,22,U.E. Federico Demmer,8005862,10,240,123,50,7,180,123,180
2,Vaca Diez,1,Riberalta,2540,Riberalta,22,U.E. Federico Demmer,8005872,11,240,122,67,3,192,122,192
2,Vaca Diez,1,Riberalta,2540,Riberalta,22,U.E. Federico Demmer,8005882,12,41,15,11,4,30,15,30
2,Vaca Diez,1,Riberalta,2540,Riberalta,23,U.E.  San Juan,8006612,1,240,94,87,7,188,94,188
2,Vaca Diez,1,Riberalta,2540,Riberalta,23,U.E.  San Juan,8006622,2,240,99,73,8,180,99,180
2,Vaca Diez,1,Riberalta,2540,Riberalta,23,U.E.  San Juan,8006632,3,240,94,64,25,183,94,183
2,Vaca Diez,1,Riberalta,2540,Riberalta,23,U.E.  San Juan,8006642,4,240,87,78,24,189,87,189
2,Vaca Diez,1,Riberalta,2540,Riberalta,23,U.E.  San Juan,8006652,5,240,93,89,12,194,93,194
2,Vaca Diez,1,Riberalta,2540,Riberalta,23,U.E.  San Juan,8006662,6,240,108,76,23,207,108,207
2,Vaca Diez,1,Riberalta,2540,Riberalta,23,U.E.  San Juan,8006672,7,240,85,79,21,185,85,185
2,Vaca Diez,1,Riberalta,2540,Riberalta,23,U.E.  San Juan,8006682,8,240,103,78,9,190,103,190
2,Vaca Diez,1,Riberalta,2540,Riberalta,23,U.E.  San Juan,8006692,9,240,89,79,19,187,89,187
2,Vaca Diez,1,Riberalta,2540,Riberalta,23,U.E.  San Juan,8006702,10,240,103,61,20,184,103,184
2,Vaca Diez,1,Riberalta,2540,Riberalta,23,U.E.  San Juan,8006712,11,240,98,80,2,180,98,180
2,Vaca Diez,1,Riberalta,2540,Riberalta,23,U.E.  San Juan,8006722,12,240,91,88,11,190,91,190
2,Vaca Diez,1,Riberalta,2540,Riberalta,23,U.E.  San Juan,8006732,13,240,94,81,14,189,94,189
2,Vaca Diez,1,Riberalta,2540,Riberalta,23,U.E.  San Juan,8006742,14,240,105,75,12,192,105,192
2,Vaca Diez,1,Riberalta,2540,Riberalta,23,U.E.  San Juan,8006752,15,240,96,71,11,178,96,178
2,Vaca Diez,1,Riberalta,2540,Riberalta,23,U.E.  San Juan,8006762,16,240,106,77,4,187,106,187
2,Vaca Diez,1,Riberalta,2540,Riberalta,23,U.E.  San Juan,8006772,17,240,107,70,11,188,107,188
2,Vaca Diez,1,Riberalta,2540,Riberalta,23,U.E.  San Juan,8006782,18,255,86,88,69,243,86,243
2,Vaca Diez,1,Riberalta,2540,Riberalta,25574,U.E. Litoral,8005892,1,240,99,76,15,190,99,190
2,Vaca Diez,1,Riberalta,2540,Riberalta,25574,U.E. Litoral,8005902,2,240,109,79,5,193,109,193
2,Vaca Diez,1,Riberalta,2540,Riberalta,25574,U.E. Litoral,8005912,3,240,110,71,5,186,110,186
2,Vaca Diez,1,Riberalta,2540,Riberalta,25574,U.E. Litoral,8005922,4,240,107,75,9,191,107,191
2,Vaca Diez,1,Riberalta,2540,Riberalta,25574,U.E. Litoral,8005932,5,240,121,64,5,190,121,190
2,Vaca Diez,1,Riberalta,2540,Riberalta,25574,U.E. Litoral,8005942,6,240,111,57,15,183,111,183
2,Vaca Diez,1,Riberalta,2540,Riberalta,25574,U.E. Litoral,8005952,7,240,115,73,6,194,115,194
2,Vaca Diez,1,Riberalta,2540,Riberalta,25574,U.E. Litoral,8005962,8,240,94,69,24,187,94,187
2,Vaca Diez,1,Riberalta,2540,Riberalta,25574,U.E. Litoral,8005972,9,240,105,85,10,200,105,200
2,Vaca Diez,1,Riberalta,2540,Riberalta,25574,U.E. Litoral,8005982,10,240,125,62,6,193,125,193
2,Vaca Diez,1,Riberalta,2540,Riberalta,25574,U.E. Litoral,8005992,11,240,105,68,9,182,105,182
2,Vaca Diez,1,Riberalta,2540,Riberalta,25574,U.E. Litoral,8006002,12,240,107,73,7,187,107,187
2,Vaca Diez,1,Riberalta,2540,Riberalta,25574,U.E. Litoral,8006012,13,240,93,80,13,186,93,186
2,Vaca Diez,1,Riberalta,2540,Riberalta,25574,U.E. Litoral,8006022,14,240,112,66,6,184,112,184
2,Vaca Diez,1,Riberalta,2540,Riberalta,25574,U.E. Litoral,8006032,15,240,93,81,12,186,93,186
2,Vaca Diez,1,Riberalta,2540,Riberalta,25574,U.E. Litoral,8006042,16,240,101,72,11,184,101,184
2,Vaca Diez,1,Riberalta,2540,Riberalta,25574,U.E. Litoral,8006052,17,240,86,89,8,183,86,183
2,Vaca Diez,1,Riberalta,2540,Riberalta,25574,U.E. Litoral,8006062,18,240,103,65,17,185,103,185
2,Vaca Diez,1,Riberalta,2540,Riberalta,25574,U.E. Litoral,8006072,19,240,102,72,14,188,102,188
2,Vaca Diez,1,Riberalta,2540,Riberalta,25574,U.E. Litoral,8006082,20,23,15,2,2,19,15,19
2,Vaca Diez,1,Riberalta,2540,Riberalta,26355,U.E. 21 de Septiembre,8006912,1,240,106,66,21,193,106,193
2,Vaca Diez,1,Riberalta,2540,Riberalta,26355,U.E. 21 de Septiembre,8006922,2,240,98,79,14,191,98,191
2,Vaca Diez,1,Riberalta,2540,Riberalta,26355,U.E. 21 de Septiembre,8006932,3,240,84,91,11,186,84,186
2,Vaca Diez,1,Riberalta,2540,Riberalta,26355,U.E. 21 de Septiembre,8006942,4,240,92,75,11,178,92,178
2,Vaca Diez,1,Riberalta,2540,Riberalta,26355,U.E. 21 de Septiembre,8006952,5,240,109,64,5,178,109,178
2,Vaca Diez,1,Riberalta,2540,Riberalta,26355,U.E. 21 de Septiembre,8006962,6,240,105,71,11,187,105,187
2,Vaca Diez,1,Riberalta,2540,Riberalta,26355,U.E. 21 de Septiembre,8006972,7,240,100,76,15,191,100,191
2,Vaca Diez,1,Riberalta,2540,Riberalta,26355,U.E. 21 de Septiembre,8006982,8,240,90,81,16,187,90,187
2,Vaca Diez,1,Riberalta,2540,Riberalta,26355,U.E. 21 de Septiembre,8006992,9,240,103,90,10,203,103,203
2,Vaca Diez,1,Riberalta,2540,Riberalta,26355,U.E. 21 de Septiembre,8007002,10,240,95,84,15,194,95,194
2,Vaca Diez,1,Riberalta,2540,Riberalta,26355,U.E. 21 de Septiembre,8007012,11,240,93,79,23,195,93,195
2,Vaca Diez,1,Riberalta,2540,Riberalta,26355,U.E. 21 de Septiembre,8007022,12,240,94,75,14,183,94,183
2,Vaca Diez,1,Riberalta,2540,Riberalta,26355,U.E. 21 de Septiembre,8007032,13,240,99,87,9,195,99,195
2,Vaca Diez,1,Riberalta,2540,Riberalta,26355,U.E. 21 de Septiembre,8007042,14,226,89,79,10,178,89,178
2,Vaca Diez,1,Riberalta,2540,Riberalta,26356,U.E. Barbarita Paz Yamane,8006792,1,240,112,81,8,201,112,201
2,Vaca Diez,1,Riberalta,2540,Riberalta,26356,U.E. Barbarita Paz Yamane,8006802,2,240,89,80,15,184,89,184
2,Vaca Diez,1,Riberalta,2540,Riberalta,26356,U.E. Barbarita Paz Yamane,8006812,3,240,104,81,10,195,104,195
2,Vaca Diez,1,Riberalta,2540,Riberalta,26356,U.E. Barbarita Paz Yamane,8006822,4,240,101,83,5,189,101,189
2,Vaca Diez,1,Riberalta,2540,Riberalta,26356,U.E. Barbarita Paz Yamane,8006832,5,240,97,88,49,234,97,234
2,Vaca Diez,1,Riberalta,2540,Riberalta,26356,U.E. Barbarita Paz Yamane,8006842,6,240,90,86,8,184,90,184
2,Vaca Diez,1,Riberalta,2540,Riberalta,26356,U.E. Barbarita Paz Yamane,8006852,7,193,74,70,14,158,74,158
2,Vaca Diez,1,Riberalta,2540,Riberalta,26357,U.E. Polo Palacios,8005122,1,240,111,67,6,184,111,184
2,Vaca Diez,1,Riberalta,2540,Riberalta,26357,U.E. Polo Palacios,8005132,2,240,100,84,7,191,100,191
2,Vaca Diez,1,Riberalta,2540,Riberalta,26357,U.E. Polo Palacios,8005142,3,240,121,76,3,200,121,200
2,Vaca Diez,1,Riberalta,2540,Riberalta,26357,U.E. Polo Palacios,8005152,4,240,100,84,10,194,100,194
2,Vaca Diez,1,Riberalta,2540,Riberalta,26357,U.E. Polo Palacios,8005162,5,240,101,81,17,199,101,199
2,Vaca Diez,1,Riberalta,2540,Riberalta,26357,U.E. Polo Palacios,8005172,6,113,50,39,1,90,50,90
2,Vaca Diez,1,Riberalta,2540,Riberalta,26358,U.E. Guido Gutierrez Moreno,8006862,1,240,100,67,16,183,100,183
2,Vaca Diez,1,Riberalta,2540,Riberalta,26358,U.E. Guido Gutierrez Moreno,8006872,2,240,98,70,5,173,98,173
2,Vaca Diez,1,Riberalta,2540,Riberalta,26358,U.E. Guido Gutierrez Moreno,8006882,3,240,109,64,6,179,109,179
2,Vaca Diez,1,Riberalta,2540,Riberalta,26358,U.E. Guido Gutierrez Moreno,8006892,4,240,98,64,16,178,98,178
2,Vaca Diez,1,Riberalta,2540,Riberalta,26358,U.E. Guido Gutierrez Moreno,8006902,5,200,103,58,3,164,103,164
2,Vaca Diez,1,Riberalta,2540,Riberalta,32016,U.E. Arca Maranatha,8005552,1,240,126,60,8,194,126,194
2,Vaca Diez,1,Riberalta,2540,Riberalta,32016,U.E. Arca Maranatha,8005562,2,240,140,67,6,213,140,213
2,Vaca Diez,1,Riberalta,2540,Riberalta,32016,U.E. Arca Maranatha,8005572,3,240,144,58,5,207,144,207
2,Vaca Diez,1,Riberalta,2540,Riberalta,32016,U.E. Arca Maranatha,8005582,4,240,133,69,8,210,133,210
2,Vaca Diez,1,Riberalta,2540,Riberalta,32016,U.E. Arca Maranatha,8005592,5,240,135,64,8,207,135,207
2,Vaca Diez,1,Riberalta,2540,Riberalta,32016,U.E. Arca Maranatha,8005602,6,59,32,18,2,52,32,52
2,Vaca Diez,1,Riberalta,2540,Riberalta,32119,(Cárcel) Penal Nuevo Riberalta,8007052,1,121,42,47,6,95,42,95
2,Vaca Diez,1,Riberalta,2546,Tumichucua,1,U.E. Zaida Gosalvez Alarcón,8004142,1,240,100,67,21,188,100,188
2,Vaca Diez,1,Riberalta,4005,Bella Flor,25319,U.E. Bella Flor,8004362,1,240,65,106,18,189,65,189
2,Vaca Diez,2,Guayaramerín,2551,Rosario del Yata,1,Esc. Rosario Del Yata,8007092,1,240,117,60,8,185,117,185
2,Vaca Diez,2,Guayaramerín,2551,Rosario del Yata,1,Esc. Rosario Del Yata,8007102,2,182,96,41,3,140,96,140
2,Vaca Diez,2,Guayaramerín,2784,Guayaramerín,3,U.E.  Evangélico Nacional,8007132,1,240,156,35,10,201,156,201
2,Vaca Diez,2,Guayaramerín,2784,Guayaramerín,3,U.E.  Evangélico Nacional,8007142,2,240,149,44,10,203,149,203
2,Vaca Diez,2,Guayaramerín,2784,Guayaramerín,3,U.E.  Evangélico Nacional,8007152,3,240,155,31,11,197,155,197
2,Vaca Diez,2,Guayaramerín,2784,Guayaramerín,3,U.E.  Evangélico Nacional,8007162,4,240,133,41,17,191,133,191
2,Vaca Diez,2,Guayaramerín,2784,Guayaramerín,3,U.E.  Evangélico Nacional,8007172,5,240,143,33,14,190,143,190
2,Vaca Diez,2,Guayaramerín,2784,Guayaramerín,3,U.E.  Evangélico Nacional,8007182,6,240,160,40,7,207,160,207
2,Vaca Diez,2,Guayaramerín,2784,Guayaramerín,3,U.E.  Evangélico Nacional,8007192,7,240,145,38,10,193,145,193
2,Vaca Diez,2,Guayaramerín,2784,Guayaramerín,3,U.E.  Evangélico Nacional,8007202,8,240,132,54,9,195,132,195
2,Vaca Diez,2,Guayaramerín,2784,Guayaramerín,3,U.E.  Evangélico Nacional,8007212,9,22,11,3,2,16,11,16
2,Vaca Diez,2,Guayaramerín,2784,Guayaramerín,5,U.E.  Manuel Antonio Ojopi,8007222,1,240,140,47,13,200,140,200
2,Vaca Diez,2,Guayaramerín,2784,Guayaramerín,5,U.E.  Manuel Antonio Ojopi,8007232,2,240,151,45,7,203,151,203
2,Vaca Diez,2,Guayaramerín,2784,Guayaramerín,5,U.E.  Manuel Antonio Ojopi,8007242,3,240,144,52,9,205,144,205
2,Vaca Diez,2,Guayaramerín,2784,Guayaramerín,5,U.E.  Manuel Antonio Ojopi,8007252,4,240,140,46,5,191,140,191
2,Vaca Diez,2,Guayaramerín,2784,Guayaramerín,5,U.E.  Manuel Antonio Ojopi,8007262,5,240,142,49,6,197,142,197
2,Vaca Diez,2,Guayaramerín,2784,Guayaramerín,5,U.E.  Manuel Antonio Ojopi,8007272,6,240,129,58,7,194,129,194
2,Vaca Diez,2,Guayaramerín,2784,Guayaramerín,5,U.E.  Manuel Antonio Ojopi,8007282,7,240,152,43,7,202,152,202
2,Vaca Diez,2,Guayaramerín,2784,Guayaramerín,5,U.E.  Manuel Antonio Ojopi,8007292,8,226,139,33,4,176,139,176
2,Vaca Diez,2,Guayaramerín,2784,Guayaramerín,6,U.E.  Elmer Botsford,8007302,1,240,143,46,7,196,143,196
2,Vaca Diez,2,Guayaramerín,2784,Guayaramerín,6,U.E.  Elmer Botsford,8007312,2,240,150,46,11,207,150,207
2,Vaca Diez,2,Guayaramerín,2784,Guayaramerín,6,U.E.  Elmer Botsford,8007322,3,240,144,42,4,190,144,190
2,Vaca Diez,2,Guayaramerín,2784,Guayaramerín,6,U.E.  Elmer Botsford,8007332,4,85,58,16,1,75,58,75
2,Vaca Diez,2,Guayaramerín,2784,Guayaramerín,7,U.E.  San Jose,8007542,1,240,144,48,10,202,144,202
2,Vaca Diez,2,Guayaramerín,2784,Guayaramerín,7,U.E.  San Jose,8007552,2,240,136,67,5,208,136,208
2,Vaca Diez,2,Guayaramerín,2784,Guayaramerín,7,U.E.  San Jose,8007562,3,240,137,64,3,204,137,204
2,Vaca Diez,2,Guayaramerín,2784,Guayaramerín,7,U.E.  San Jose,8007572,4,240,133,64,11,208,133,208
2,Vaca Diez,2,Guayaramerín,2784,Guayaramerín,7,U.E.  San Jose,8007582,5,240,141,50,5,196,141,196
2,Vaca Diez,2,Guayaramerín,2784,Guayaramerín,7,U.E.  San Jose,8007592,6,240,138,2,7,147,138,147
2,Vaca Diez,2,Guayaramerín,2784,Guayaramerín,7,U.E.  San Jose,8007602,7,28,11,9,0,20,11,20
2,Vaca Diez,2,Guayaramerín,2784,Guayaramerín,8,U.E.  Mejillones,8007682,1,240,134,68,10,212,134,212
2,Vaca Diez,2,Guayaramerín,2784,Guayaramerín,8,U.E.  Mejillones,8007692,2,240,130,62,12,204,130,204
2,Vaca Diez,2,Guayaramerín,2784,Guayaramerín,8,U.E.  Mejillones,8007702,3,240,145,59,6,210,145,210
2,Vaca Diez,2,Guayaramerín,2784,Guayaramerín,8,U.E.  Mejillones,8007712,4,240,142,43,7,192,142,192
2,Vaca Diez,2,Guayaramerín,2784,Guayaramerín,8,U.E.  Mejillones,8007722,5,36,21,6,1,28,21,28
2,Vaca Diez,2,Guayaramerín,2784,Guayaramerín,9,U.E.  6 de Junio,8007732,1,240,137,57,6,200,137,200
2,Vaca Diez,2,Guayaramerín,2784,Guayaramerín,9,U.E.  6 de Junio,8007742,2,240,141,50,6,197,141,197
2,Vaca Diez,2,Guayaramerín,2784,Guayaramerín,9,U.E.  6 de Junio,8007752,3,240,128,76,5,209,128,209
2,Vaca Diez,2,Guayaramerín,2784,Guayaramerín,9,U.E.  6 de Junio,8007762,4,240,129,66,5,200,129,200
2,Vaca Diez,2,Guayaramerín,2784,Guayaramerín,9,U.E.  6 de Junio,8007772,5,240,144,56,11,211,144,211
2,Vaca Diez,2,Guayaramerín,2784,Guayaramerín,9,U.E.  6 de Junio,8007782,6,240,133,55,8,196,133,196
2,Vaca Diez,2,Guayaramerín,2784,Guayaramerín,9,U.E.  6 de Junio,8007792,7,240,132,57,10,199,132,199
2,Vaca Diez,2,Guayaramerín,2784,Guayaramerín,9,U.E.  6 de Junio,8007802,8,240,141,61,4,206,141,206
2,Vaca Diez,2,Guayaramerín,2784,Guayaramerín,9,U.E.  6 de Junio,8007812,9,237,133,56,6,195,133,195
2,Vaca Diez,2,Guayaramerín,2784,Guayaramerín,10,U.E.  Alto de la Alianza,8008112,1,240,123,59,11,193,123,193
2,Vaca Diez,2,Guayaramerín,2784,Guayaramerín,10,U.E.  Alto de la Alianza,8008122,2,240,164,40,5,209,164,209
2,Vaca Diez,2,Guayaramerín,2784,Guayaramerín,10,U.E.  Alto de la Alianza,8008132,3,240,147,46,6,199,147,199
2,Vaca Diez,2,Guayaramerín,2784,Guayaramerín,10,U.E.  Alto de la Alianza,8008142,4,240,130,53,4,187,130,187
2,Vaca Diez,2,Guayaramerín,2784,Guayaramerín,10,U.E.  Alto de la Alianza,8008152,5,240,120,63,11,194,120,194
2,Vaca Diez,2,Guayaramerín,2784,Guayaramerín,10,U.E.  Alto de la Alianza,8008162,6,240,137,52,4,193,137,193
2,Vaca Diez,2,Guayaramerín,2784,Guayaramerín,10,U.E.  Alto de la Alianza,8008172,7,240,141,54,4,199,141,199
2,Vaca Diez,2,Guayaramerín,2784,Guayaramerín,10,U.E.  Alto de la Alianza,8008182,8,240,141,54,2,197,141,197
2,Vaca Diez,2,Guayaramerín,2784,Guayaramerín,10,U.E.  Alto de la Alianza,8008192,9,250,145,56,12,213,145,213
2,Vaca Diez,2,Guayaramerín,2784,Guayaramerín,11,U.E.   Los Almendros,8007822,1,240,118,59,8,185,118,185
2,Vaca Diez,2,Guayaramerín,2784,Guayaramerín,11,U.E.   Los Almendros,8007832,2,240,124,57,16,197,124,197
2,Vaca Diez,2,Guayaramerín,2784,Guayaramerín,11,U.E.   Los Almendros,8007842,3,240,134,57,4,195,134,195
2,Vaca Diez,2,Guayaramerín,2784,Guayaramerín,11,U.E.   Los Almendros,8007852,4,240,132,59,7,198,132,198
2,Vaca Diez,2,Guayaramerín,2784,Guayaramerín,11,U.E.   Los Almendros,8007862,5,240,119,62,15,196,119,196
2,Vaca Diez,2,Guayaramerín,2784,Guayaramerín,11,U.E.   Los Almendros,8007872,6,240,147,52,6,205,147,205
2,Vaca Diez,2,Guayaramerín,2784,Guayaramerín,11,U.E.   Los Almendros,8007882,7,240,117,64,15,196,117,196
2,Vaca Diez,2,Guayaramerín,2784,Guayaramerín,11,U.E.   Los Almendros,8007892,8,240,136,51,9,196,136,196
2,Vaca Diez,2,Guayaramerín,2784,Guayaramerín,11,U.E.   Los Almendros,8007902,9,240,103,67,5,175,103,175
2,Vaca Diez,2,Guayaramerín,2784,Guayaramerín,11,U.E.   Los Almendros,8007912,10,240,126,56,8,190,126,190
2,Vaca Diez,2,Guayaramerín,2784,Guayaramerín,11,U.E.   Los Almendros,8007922,11,240,140,52,7,199,140,199
2,Vaca Diez,2,Guayaramerín,2784,Guayaramerín,11,U.E.   Los Almendros,8007932,12,100,55,24,4,83,55,83
2,Vaca Diez,2,Guayaramerín,2784,Guayaramerín,13,U.E.   Antonio Vaca Diez,8007342,1,240,131,41,13,185,131,185
2,Vaca Diez,2,Guayaramerín,2784,Guayaramerín,13,U.E.   Antonio Vaca Diez,8007352,2,240,138,53,10,201,138,201
2,Vaca Diez,2,Guayaramerín,2784,Guayaramerín,13,U.E.   Antonio Vaca Diez,8007362,3,240,152,42,7,201,152,201
2,Vaca Diez,2,Guayaramerín,2784,Guayaramerín,13,U.E.   Antonio Vaca Diez,8007372,4,240,150,50,9,209,150,209
2,Vaca Diez,2,Guayaramerín,2784,Guayaramerín,13,U.E.   Antonio Vaca Diez,8007382,5,240,135,57,7,199,135,199
2,Vaca Diez,2,Guayaramerín,2784,Guayaramerín,13,U.E.   Antonio Vaca Diez,8007392,6,240,153,52,3,208,153,208
2,Vaca Diez,2,Guayaramerín,2784,Guayaramerín,13,U.E.   Antonio Vaca Diez,8007402,7,159,87,31,9,127,87,127
2,Vaca Diez,2,Guayaramerín,2784,Guayaramerín,14,U.E.   Manuel Vicente Ballivian,8007612,1,240,128,31,7,166,128,166
2,Vaca Diez,2,Guayaramerín,2784,Guayaramerín,14,U.E.   Manuel Vicente Ballivian,8007622,2,240,118,34,8,160,118,160
2,Vaca Diez,2,Guayaramerín,2784,Guayaramerín,14,U.E.   Manuel Vicente Ballivian,8007632,3,240,131,30,4,165,131,165
2,Vaca Diez,2,Guayaramerín,2784,Guayaramerín,14,U.E.   Manuel Vicente Ballivian,8007642,4,83,40,13,2,55,40,55
2,Vaca Diez,2,Guayaramerín,2784,Guayaramerín,15,U.E. Miguel Antelo,8007652,1,240,122,59,3,184,122,184
2,Vaca Diez,2,Guayaramerín,2784,Guayaramerín,15,U.E. Miguel Antelo,8007662,2,240,135,57,4,196,135,196
2,Vaca Diez,2,Guayaramerín,2784,Guayaramerín,15,U.E. Miguel Antelo,8007672,3,185,108,38,5,151,108,151
2,Vaca Diez,2,Guayaramerín,2784,Guayaramerín,16,U.E.   Brasil,8007942,1,240,132,52,10,194,132,194
2,Vaca Diez,2,Guayaramerín,2784,Guayaramerín,16,U.E.   Brasil,8007952,2,240,126,69,8,203,126,203
2,Vaca Diez,2,Guayaramerín,2784,Guayaramerín,16,U.E.   Brasil,8007962,3,240,135,77,5,217,135,217
2,Vaca Diez,2,Guayaramerín,2784,Guayaramerín,16,U.E.   Brasil,8007972,4,240,143,62,6,211,143,211
2,Vaca Diez,2,Guayaramerín,2784,Guayaramerín,16,U.E.   Brasil,8007982,5,240,138,62,8,208,138,208
2,Vaca Diez,2,Guayaramerín,2784,Guayaramerín,16,U.E.   Brasil,8007992,6,240,129,73,12,214,129,214
2,Vaca Diez,2,Guayaramerín,2784,Guayaramerín,16,U.E.   Brasil,8008002,7,240,134,72,8,214,134,214
2,Vaca Diez,2,Guayaramerín,2784,Guayaramerín,16,U.E.   Brasil,8008012,8,240,133,64,9,206,133,206
2,Vaca Diez,2,Guayaramerín,2784,Guayaramerín,16,U.E.   Brasil,8008022,9,240,145,54,14,213,145,213
2,Vaca Diez,2,Guayaramerín,2784,Guayaramerín,16,U.E.   Brasil,8008032,10,240,143,61,8,212,143,212
2,Vaca Diez,2,Guayaramerín,2784,Guayaramerín,16,U.E.   Brasil,8008042,11,202,104,49,15,168,104,168
2,Vaca Diez,2,Guayaramerín,2784,Guayaramerín,17,U.E. Belen,8008052,1,240,122,61,10,193,122,193
2,Vaca Diez,2,Guayaramerín,2784,Guayaramerín,17,U.E. Belen,8008062,2,240,129,51,6,186,129,186
2,Vaca Diez,2,Guayaramerín,2784,Guayaramerín,17,U.E. Belen,8008072,3,240,130,59,6,195,130,195
2,Vaca Diez,2,Guayaramerín,2784,Guayaramerín,17,U.E. Belen,8008082,4,240,134,61,6,201,134,201
2,Vaca Diez,2,Guayaramerín,2784,Guayaramerín,17,U.E. Belen,8008092,5,240,131,60,10,201,131,201
2,Vaca Diez,2,Guayaramerín,2784,Guayaramerín,17,U.E. Belen,8008102,6,191,104,53,4,161,104,161
2,Vaca Diez,2,Guayaramerín,2784,Guayaramerín,18,U.E. Simón Bolívar,8008202,1,240,127,65,15,207,127,207
2,Vaca Diez,2,Guayaramerín,2784,Guayaramerín,18,U.E. Simón Bolívar,8008212,2,240,126,54,5,185,126,185
2,Vaca Diez,2,Guayaramerín,2784,Guayaramerín,18,U.E. Simón Bolívar,8008222,3,240,133,49,10,192,133,192
2,Vaca Diez,2,Guayaramerín,2784,Guayaramerín,18,U.E. Simón Bolívar,8008232,4,120,65,31,5,101,65,101
2,Vaca Diez,2,Guayaramerín,2784,Guayaramerín,19,(Cárcel) Penal Guayaramerin,8007412,1,178,85,34,2,121,85,121
2,Vaca Diez,2,Guayaramerín,2784,Guayaramerín,25320,U.E. 9 de Abril,8008242,1,240,132,49,10,191,132,191
2,Vaca Diez,2,Guayaramerín,2784,Guayaramerín,25320,U.E. 9 de Abril,8008252,2,240,110,71,13,194,110,194
2,Vaca Diez,2,Guayaramerín,2784,Guayaramerín,25320,U.E. 9 de Abril,8008262,3,240,149,56,7,212,149,212
2,Vaca Diez,2,Guayaramerín,2784,Guayaramerín,25320,U.E. 9 de Abril,8008272,4,240,111,72,11,194,111,194
2,Vaca Diez,2,Guayaramerín,2784,Guayaramerín,25320,U.E. 9 de Abril,8008282,5,240,148,50,5,203,148,203
2,Vaca Diez,2,Guayaramerín,2784,Guayaramerín,25320,U.E. 9 de Abril,8008292,6,78,42,21,3,66,42,66
2,Vaca Diez,2,Guayaramerín,2784,Guayaramerín,26359,U.E.  Mariscal Andres de Santa Cruz,8007422,1,240,145,31,8,184,145,184
2,Vaca Diez,2,Guayaramerín,2784,Guayaramerín,26359,U.E.  Mariscal Andres de Santa Cruz,8007432,2,240,120,40,8,168,120,168
2,Vaca Diez,2,Guayaramerín,2784,Guayaramerín,26359,U.E.  Mariscal Andres de Santa Cruz,8007442,3,240,125,42,7,174,125,174
2,Vaca Diez,2,Guayaramerín,2784,Guayaramerín,26359,U.E.  Mariscal Andres de Santa Cruz,8007452,4,240,115,37,8,160,115,160
2,Vaca Diez,2,Guayaramerín,2784,Guayaramerín,26359,U.E.  Mariscal Andres de Santa Cruz,8007462,5,240,146,35,7,188,146,188
2,Vaca Diez,2,Guayaramerín,2784,Guayaramerín,26359,U.E.  Mariscal Andres de Santa Cruz,8007472,6,240,125,33,7,165,125,165
2,Vaca Diez,2,Guayaramerín,2784,Guayaramerín,26359,U.E.  Mariscal Andres de Santa Cruz,8007482,7,240,131,39,5,175,131,175
2,Vaca Diez,2,Guayaramerín,2784,Guayaramerín,26359,U.E.  Mariscal Andres de Santa Cruz,8007492,8,74,48,3,3,54,48,54
2,Vaca Diez,2,Guayaramerín,2784,Guayaramerín,32115,U.E.  Guayaraguazu,8007502,1,240,96,47,7,150,96,150
2,Vaca Diez,2,Guayaramerín,2784,Guayaramerín,32115,U.E.  Guayaraguazu,8007512,2,240,101,58,2,161,101,161
2,Vaca Diez,2,Guayaramerín,2784,Guayaramerín,32115,U.E.  Guayaraguazu,8007522,3,240,89,47,7,143,89,143
2,Vaca Diez,2,Guayaramerín,2784,Guayaramerín,32115,U.E.  Guayaraguazu,8007532,4,51,22,7,3,32,22,32
2,Vaca Diez,2,Guayaramerín,2785,San Lorenzo  de Vaca Diez,1,Esc. Central San Lorenzo,8007112,1,143,74,26,7,107,74,107
3,General José Ballivián,1,Reyes,2555,Reyes,1,U.E. Rene Barrientos Ortuño,8008332,3,240,163,11,13,187,163,187
3,General José Ballivián,1,Reyes,2555,Reyes,2,U.E. Nacional de Reyes,8008462,3,240,182,19,5,206,182,206
3,General José Ballivián,1,Reyes,2555,Reyes,2,U.E. Nacional de Reyes,8008472,4,240,175,12,3,190,175,190
3,General José Ballivián,1,Reyes,2555,Reyes,2,U.E. Nacional de Reyes,8008512,8,229,177,11,6,194,177,194
3,General José Ballivián,1,Reyes,2555,Reyes,3,U.E. Jesus Alvarez Rodriguez,8008522,1,240,189,12,10,211,189,211
3,General José Ballivián,1,Reyes,2555,Reyes,3,U.E. Jesus Alvarez Rodriguez,8008532,2,240,163,17,10,190,163,190
3,General José Ballivián,1,Reyes,2555,Reyes,3,U.E. Jesus Alvarez Rodriguez,8008552,4,240,186,9,4,199,186,199
3,General José Ballivián,1,Reyes,2555,Reyes,3,U.E. Jesus Alvarez Rodriguez,8008572,6,240,189,15,4,208,189,208
3,General José Ballivián,1,Reyes,2555,Reyes,3,U.E. Jesus Alvarez Rodriguez,8008592,8,240,185,12,4,201,185,201
3,General José Ballivián,1,Reyes,2885,San Marcos,1,Esc. San Marcos,8008362,1,34,25,2,0,27,25,27
3,General José Ballivián,1,Reyes,3078,Soraida,1,Esc. Soraida,8008392,1,60,40,0,1,41,40,41
3,General José Ballivián,1,Reyes,3516,San Jose Maropa,1,Esc. San Jose,8008412,1,164,131,8,3,142,131,142
3,General José Ballivián,1,Reyes,4234,Ratije,25866,U.E. Ratije,8008622,1,116,83,14,2,99,83,99
3,General José Ballivián,2,San Borja,2559,San Borja,1,U.E. San Francisco De Borja,8009302,2,240,153,45,14,212,153,212
3,General José Ballivián,2,San Borja,2559,San Borja,1,U.E. San Francisco De Borja,8009342,6,240,163,33,5,201,163,201
3,General José Ballivián,2,San Borja,2559,San Borja,1,U.E. San Francisco De Borja,8009362,8,213,146,24,0,170,146,170
3,General José Ballivián,2,San Borja,2559,San Borja,2,U.E. German Busch,8009462,1,240,167,41,3,211,167,211
3,General José Ballivián,2,San Borja,2559,San Borja,2,U.E. German Busch,8009472,2,240,153,46,3,202,153,202
3,General José Ballivián,2,San Borja,2559,San Borja,2,U.E. German Busch,8009492,4,240,150,52,3,205,150,205
3,General José Ballivián,2,San Borja,2559,San Borja,2,U.E. German Busch,8009502,5,240,162,26,12,200,162,200
3,General José Ballivián,2,San Borja,2559,San Borja,2,U.E. German Busch,8009512,6,240,143,43,7,193,143,193
3,General José Ballivián,2,San Borja,2559,San Borja,2,U.E. German Busch,8009522,7,240,158,38,3,199,158,199
3,General José Ballivián,2,San Borja,2559,San Borja,2,U.E. German Busch,8009532,8,240,154,42,4,200,154,200
3,General José Ballivián,2,San Borja,2559,San Borja,2,U.E. German Busch,8009542,9,240,151,40,9,200,151,200
3,General José Ballivián,2,San Borja,2559,San Borja,3,U.E. Arnulfo Martínez,8009572,2,240,148,46,4,198,148,198
3,General José Ballivián,2,San Borja,2559,San Borja,3,U.E. Arnulfo Martínez,8009582,3,240,146,47,11,204,146,204
3,General José Ballivián,2,San Borja,2559,San Borja,3,U.E. Arnulfo Martínez,8009592,4,240,149,38,4,191,149,191
3,General José Ballivián,2,San Borja,2559,San Borja,3,U.E. Arnulfo Martínez,8009622,7,240,146,40,4,190,146,190
3,General José Ballivián,2,San Borja,2559,San Borja,3,U.E. Arnulfo Martínez,8009632,8,76,49,13,1,63,49,63
3,General José Ballivián,2,San Borja,2559,San Borja,4,U.E. Villa San Antonio,8009022,2,240,150,41,7,198,150,198
3,General José Ballivián,2,San Borja,2559,San Borja,4,U.E. Villa San Antonio,8009052,5,240,145,48,0,193,145,193
3,General José Ballivián,2,San Borja,2559,San Borja,5,U.E. San Ignacio Del Maniqui,8009642,1,240,138,49,1,188,138,188
3,General José Ballivián,2,San Borja,2559,San Borja,5,U.E. San Ignacio Del Maniqui,8009652,2,240,118,46,8,172,118,172
3,General José Ballivián,2,San Borja,2559,San Borja,5,U.E. San Ignacio Del Maniqui,8009662,3,240,120,66,5,191,120,191
3,General José Ballivián,2,San Borja,2559,San Borja,5,U.E. San Ignacio Del Maniqui,8009682,5,126,85,23,2,110,85,110
3,General José Ballivián,2,San Borja,2559,San Borja,6,U.E. 18 de Noviembre,8009382,2,240,145,31,7,183,145,183
3,General José Ballivián,2,San Borja,2559,San Borja,6,U.E. 18 de Noviembre,8009402,4,240,151,48,6,205,151,205
3,General José Ballivián,2,San Borja,2559,San Borja,6,U.E. 18 de Noviembre,8009412,5,240,131,52,8,191,131,191
3,General José Ballivián,2,San Borja,2559,San Borja,6,U.E. 18 de Noviembre,8009432,7,240,159,34,3,196,159,196
3,General José Ballivián,2,San Borja,2559,San Borja,6,U.E. 18 de Noviembre,8009442,8,240,152,30,9,191,152,191
3,General José Ballivián,2,San Borja,2559,San Borja,25860,U.E. Cochabamba,8009692,1,240,150,33,5,188,150,188
3,General José Ballivián,2,San Borja,2559,San Borja,25860,U.E. Cochabamba,8009752,7,240,141,47,7,195,141,195
3,General José Ballivián,2,San Borja,2559,San Borja,25860,U.E. Cochabamba,8009772,9,40,29,7,1,37,29,37
3,General José Ballivián,2,San Borja,2562,Junreno,1,Esc. Junrreno,8008652,1,73,48,17,0,65,48,65
3,General José Ballivián,2,San Borja,2563,Yucumo,26361,U.E. Yucumo,8009162,3,240,104,74,20,198,104,198
3,General José Ballivián,2,San Borja,2563,Yucumo,26361,U.E. Yucumo,8009172,4,240,120,71,12,203,120,203
3,General José Ballivián,2,San Borja,2563,Yucumo,26361,U.E. Yucumo,8009182,5,240,95,71,20,186,95,186
3,General José Ballivián,2,San Borja,2563,Yucumo,26361,U.E. Yucumo,8009202,7,240,112,82,15,209,112,209
3,General José Ballivián,2,San Borja,2563,Yucumo,26361,U.E. Yucumo,8009212,8,240,114,65,21,200,114,200
3,General José Ballivián,2,San Borja,2563,Yucumo,26361,U.E. Yucumo,8009232,10,240,120,66,12,198,120,198
3,General José Ballivián,2,San Borja,2563,Yucumo,26361,U.E. Yucumo,8009272,14,240,138,48,19,205,138,205
3,General José Ballivián,2,San Borja,2563,Yucumo,26361,U.E. Yucumo,8009282,15,102,50,28,8,86,50,86
3,General José Ballivián,2,San Borja,2564,La Embocada,1,Esc. La Embocada,8008662,1,240,123,75,12,210,123,210
3,General José Ballivián,2,San Borja,2564,La Embocada,1,Esc. La Embocada,8008672,2,240,105,87,12,204,105,204
3,General José Ballivián,2,San Borja,2565,El Palmar,1,Esc. El Palmar,8008712,3,240,105,76,21,202,105,202
3,General José Ballivián,2,San Borja,2568,Remanso del Maniqui,1,Esc. S. Juan Del Remanzo,8008732,1,146,61,60,0,121,61,121
3,General José Ballivián,2,San Borja,2569,La Cruz,1,Esc. La Cruz,8008742,1,240,113,92,3,208,113,208
3,General José Ballivián,2,San Borja,2569,La Cruz,1,Esc. La Cruz,8008752,2,240,119,75,11,205,119,205
3,General José Ballivián,2,San Borja,2569,La Cruz,1,Esc. La Cruz,8008772,4,209,109,73,4,186,109,186
3,General José Ballivián,2,San Borja,2570,Puerto Yucumo,1,U. E. Puerto Yucumo,8008782,1,240,86,115,11,212,86,212
3,General José Ballivián,2,San Borja,2571,El Chacal,1,Esc. El Chacal,8008802,1,240,143,67,5,215,143,215
3,General José Ballivián,2,San Borja,2571,El Chacal,1,Esc. El Chacal,8008812,2,240,116,92,7,215,116,215
3,General José Ballivián,2,San Borja,2788,Las Habras,1,Esc. Las Abras,8008832,1,125,78,27,1,106,78,106
3,General José Ballivián,2,San Borja,3517,Tacuaral de Mattos,1,Esc. Tacuaral De Mattos,8008862,2,240,112,91,6,209,112,209
3,General José Ballivián,2,San Borja,3518,Indígenas Arenales,1,Esc. Indigena Arenales,8008892,1,240,97,117,5,219,97,219
3,General José Ballivián,2,San Borja,3518,Indígenas Arenales,1,Esc. Indigena Arenales,8008912,3,115,45,61,2,108,45,108
3,General José Ballivián,2,San Borja,3870,Quiquibey,1,U.E. Quiquibey,8008952,2,102,42,29,6,77,42,77
3,General José Ballivián,2,San Borja,3871,Manguito,1,U.E. Manguito,8008962,1,240,122,88,6,216,122,216
3,General José Ballivián,2,San Borja,3871,Manguito,1,U.E. Manguito,8008972,2,240,116,88,9,213,116,213
3,General José Ballivián,2,San Borja,3873,Marca Coroico,1,U.E. Marca Coroico,8008992,1,240,112,68,20,200,112,200
3,General José Ballivián,2,San Borja,3873,Marca Coroico,1,U.E. Marca Coroico,8009002,2,47,14,25,2,41,14,41
3,General José Ballivián,2,San Borja,4230,Galilea,25862,U.E. Galilea,8009082,2,240,152,53,2,207,152,207
3,General José Ballivián,2,San Borja,4231,Puente Yucumo,25863,U.E. Cooperativa Chimane,8009102,1,240,117,101,8,226,117,226
3,General José Ballivián,4,Puerto Menor de Rurrenabaque,2566,Piedras Blancas,1,Esc. Central Piedras Blancas,8010082,1,240,143,49,18,210,143,210
3,General José Ballivián,4,Puerto Menor de Rurrenabaque,2786,Rurrenabaque,1,Esc. Gualberto Villarruel,8010102,1,240,161,31,7,199,161,199
3,General José Ballivián,4,Puerto Menor de Rurrenabaque,2786,Rurrenabaque,1,Esc. Gualberto Villarruel,8010112,2,240,153,44,16,213,153,213
3,General José Ballivián,4,Puerto Menor de Rurrenabaque,2786,Rurrenabaque,3,Unidad Educativa Lucio Lens,8010232,1,240,136,37,14,187,136,187
3,General José Ballivián,4,Puerto Menor de Rurrenabaque,2786,Rurrenabaque,3,Unidad Educativa Lucio Lens,8010242,2,240,148,33,7,188,148,188
3,General José Ballivián,4,Puerto Menor de Rurrenabaque,2786,Rurrenabaque,3,Unidad Educativa Lucio Lens,8010252,3,240,134,43,13,190,134,190
3,General José Ballivián,4,Puerto Menor de Rurrenabaque,2786,Rurrenabaque,3,Unidad Educativa Lucio Lens,8010262,4,240,137,31,15,183,137,183
3,General José Ballivián,4,Puerto Menor de Rurrenabaque,2786,Rurrenabaque,3,Unidad Educativa Lucio Lens,8010272,5,240,129,38,9,176,129,176
3,General José Ballivián,4,Puerto Menor de Rurrenabaque,2786,Rurrenabaque,3,Unidad Educativa Lucio Lens,8010302,8,240,134,41,16,191,134,191
3,General José Ballivián,4,Puerto Menor de Rurrenabaque,2786,Rurrenabaque,4,Escuela Villa Lourdes,8010362,1,240,142,49,12,203,142,203
3,General José Ballivián,4,Puerto Menor de Rurrenabaque,2786,Rurrenabaque,4,Escuela Villa Lourdes,8010392,4,240,136,50,8,194,136,194
3,General José Ballivián,4,Puerto Menor de Rurrenabaque,2786,Rurrenabaque,4,Escuela Villa Lourdes,8010412,6,240,154,45,12,211,154,211
3,General José Ballivián,4,Puerto Menor de Rurrenabaque,2786,Rurrenabaque,4,Escuela Villa Lourdes,8010422,7,240,138,46,14,198,138,198
3,General José Ballivián,4,Puerto Menor de Rurrenabaque,2786,Rurrenabaque,32019,U.E. Filadelfia,8010582,2,240,152,42,9,203,152,203
3,General José Ballivián,4,Puerto Menor de Rurrenabaque,2786,Rurrenabaque,32019,U.E. Filadelfia,8010612,5,240,166,33,7,206,166,206
3,General José Ballivián,4,Puerto Menor de Rurrenabaque,2787,Nuevos Horizontes,1,Esc. Central Nuevos Horizontes,8010192,2,240,110,66,25,201,110,201
3,General José Ballivián,4,Puerto Menor de Rurrenabaque,4171,Ticala Linares,25566,U.E. Collana Linares,8010452,2,240,113,65,23,201,113,201
3,General José Ballivián,4,Puerto Menor de Rurrenabaque,4171,Ticala Linares,25566,U.E. Collana Linares,8010462,3,240,126,58,15,199,126,199
3,General José Ballivián,4,Puerto Menor de Rurrenabaque,4421,El Cebu,26178,U.E. El Cebu,8010512,1,240,98,82,18,198,98,198
3,General José Ballivián,4,Puerto Menor de Rurrenabaque,4421,El Cebu,26178,U.E. El Cebu,8010522,2,49,28,17,3,48,28,48
4,Yacuma,1,Santa Ana,2561,Totaisal,1,Esc. Cec. El Totaisal,8010702,2,183,120,18,3,141,120,141
4,Yacuma,1,Santa Ana,2587,Los Montes de Oro,1,Esc. Los Montes De Oro,8010712,1,18,6,0,1,7,6,7
4,Yacuma,1,Santa Ana,2681,El Peru Rio Apere,1,Esc. Wenceslao Añez,8010722,1,240,171,14,4,189,171,189
4,Yacuma,1,Santa Ana,2681,El Peru Rio Apere,1,Esc. Wenceslao Añez,8010732,2,142,103,10,1,114,103,114
4,Yacuma,1,Santa Ana,4579,Carmen del Matto,32291,U.E. Carmen del Matto,8010742,1,66,47,5,6,58,47,58
4,Yacuma,2,Exaltación,2583,Coquinal,1,Esc. Coquinal,8011182,1,244,151,33,1,185,151,185
4,Yacuma,2,Exaltación,2584,San Carlos,1,Esc. San Carlos,8011192,1,74,46,9,1,56,46,56
4,Yacuma,2,Exaltación,2585,El Trompillo Mamoré,1,Esc. El Trompillo,8011202,1,21,9,1,0,10,9,10
4,Yacuma,2,Exaltación,2586,Rancho Ginebra,1,Esc. El Motacusal,8011212,1,137,86,20,0,106,86,106
4,Yacuma,2,Exaltación,3102,Cooperativa,1,Esc. Cooperativa,8011222,1,61,41,4,0,45,41,45
4,Yacuma,2,Exaltación,3103,San Juan del Jordán,1,Escuela San Juan del Jordan,8011232,1,101,57,2,2,61,57,61
4,Yacuma,2,Exaltación,3521,Nueva Esperanza,1,Esc. Nueva Esperanza,8011242,1,45,33,0,0,33,33,33
4,Yacuma,2,Exaltación,3522,Campo Ana Maria,1,Esc. Campo Ana Maria,8011252,1,39,29,2,0,31,29,31
5,Moxos,1,San Ignacio,2596,San Ignacio,2,L. Gilfredo Cortez Candia,8011512,1,240,175,29,6,210,175,210
5,Moxos,1,San Ignacio,2596,San Ignacio,2,L. Gilfredo Cortez Candia,8011522,2,240,143,41,4,188,143,188
5,Moxos,1,San Ignacio,2596,San Ignacio,2,L. Gilfredo Cortez Candia,8011532,3,240,150,45,6,201,150,201
5,Moxos,1,San Ignacio,2596,San Ignacio,2,L. Gilfredo Cortez Candia,8011542,4,240,148,46,3,197,148,197
5,Moxos,1,San Ignacio,2596,San Ignacio,2,L. Gilfredo Cortez Candia,8011552,5,240,147,50,4,201,147,201
5,Moxos,1,San Ignacio,2596,San Ignacio,2,L. Gilfredo Cortez Candia,8011562,6,240,147,44,8,199,147,199
5,Moxos,1,San Ignacio,2596,San Ignacio,2,L. Gilfredo Cortez Candia,8011572,7,240,143,46,8,197,143,197
5,Moxos,1,San Ignacio,2596,San Ignacio,2,L. Gilfredo Cortez Candia,8011582,8,240,158,32,10,200,158,200
5,Moxos,1,San Ignacio,2596,San Ignacio,2,L. Gilfredo Cortez Candia,8011592,9,240,132,42,11,185,132,185
5,Moxos,1,San Ignacio,2596,San Ignacio,2,L. Gilfredo Cortez Candia,8011602,10,125,86,9,0,95,86,95
5,Moxos,1,San Ignacio,2596,San Ignacio,26360,U.E. Estanislau de Marchena,8011762,1,240,142,39,7,188,142,188
5,Moxos,1,San Ignacio,2596,San Ignacio,26360,U.E. Estanislau de Marchena,8011772,2,240,114,54,6,174,114,174
5,Moxos,1,San Ignacio,2596,San Ignacio,26360,U.E. Estanislau de Marchena,8011782,3,240,138,53,11,202,138,202
5,Moxos,1,San Ignacio,2596,San Ignacio,26360,U.E. Estanislau de Marchena,8011792,4,240,143,50,4,197,143,197
5,Moxos,1,San Ignacio,2596,San Ignacio,26360,U.E. Estanislau de Marchena,8011802,5,240,141,44,11,196,141,196
5,Moxos,1,San Ignacio,2596,San Ignacio,26360,U.E. Estanislau de Marchena,8011812,6,240,152,51,3,206,152,206
5,Moxos,1,San Ignacio,2596,San Ignacio,26360,U.E. Estanislau de Marchena,8011822,7,240,146,53,2,201,146,201
5,Moxos,1,San Ignacio,2596,San Ignacio,26360,U.E. Estanislau de Marchena,8011832,8,240,156,43,6,205,156,205
5,Moxos,1,San Ignacio,2596,San Ignacio,26360,U.E. Estanislau de Marchena,8011842,9,240,144,50,5,199,144,199
5,Moxos,1,San Ignacio,2596,San Ignacio,26360,U.E. Estanislau de Marchena,8011852,10,39,29,5,2,36,29,36
5,Moxos,1,San Ignacio,2596,San Ignacio,32433,U.E. Sócrates Parada Eguez,8011632,1,240,171,29,9,209,171,209
5,Moxos,1,San Ignacio,2596,San Ignacio,32433,U.E. Sócrates Parada Eguez,8011642,2,240,147,50,9,206,147,206
5,Moxos,1,San Ignacio,2596,San Ignacio,32433,U.E. Sócrates Parada Eguez,8011652,3,240,157,43,2,202,157,202
5,Moxos,1,San Ignacio,2596,San Ignacio,32433,U.E. Sócrates Parada Eguez,8011662,4,240,144,43,7,194,144,194
5,Moxos,1,San Ignacio,2596,San Ignacio,32433,U.E. Sócrates Parada Eguez,8011672,5,240,151,46,9,206,151,206
5,Moxos,1,San Ignacio,2596,San Ignacio,32433,U.E. Sócrates Parada Eguez,8011682,6,240,155,40,6,201,155,201
5,Moxos,1,San Ignacio,2596,San Ignacio,32433,U.E. Sócrates Parada Eguez,8011692,7,240,137,53,7,197,137,197
5,Moxos,1,San Ignacio,2596,San Ignacio,32433,U.E. Sócrates Parada Eguez,8011702,8,240,143,57,7,207,143,207
5,Moxos,1,San Ignacio,2596,San Ignacio,32433,U.E. Sócrates Parada Eguez,8011712,9,240,150,50,8,208,150,208
5,Moxos,1,San Ignacio,2596,San Ignacio,32433,U.E. Sócrates Parada Eguez,8011722,10,240,155,38,3,196,155,196
5,Moxos,1,San Ignacio,2596,San Ignacio,32433,U.E. Sócrates Parada Eguez,8011732,11,240,150,40,11,201,150,201
5,Moxos,1,San Ignacio,2596,San Ignacio,32433,U.E. Sócrates Parada Eguez,8011742,12,240,141,45,16,202,141,202
5,Moxos,1,San Ignacio,2596,San Ignacio,32433,U.E. Sócrates Parada Eguez,8011752,13,114,70,16,4,90,70,90
5,Moxos,1,San Ignacio,2598,Fatima,1,Esc. Fatima,8011292,1,159,90,38,4,132,90,132
5,Moxos,1,San Ignacio,2600,Argentina,1,Esc. La Argentina,8011302,1,121,86,20,2,108,86,108
5,Moxos,1,San Ignacio,2601,Desengaño,1,Esc. El Desengaño,8011312,1,154,101,12,4,117,101,117
5,Moxos,1,San Ignacio,2611,San Miguelito del Isiboro,1,Esc. San Miguelito Isiboro,8011412,1,123,61,37,3,101,61,101
5,Moxos,1,San Ignacio,2824,Litoral,1,Esc. Litoral,8011422,1,180,92,60,6,158,92,158
5,Moxos,1,San Ignacio,2827,Monte Mae,1,Esc. Monte Mae,8011432,1,110,71,16,4,91,71,91
5,Moxos,1,San Ignacio,3110,Mercedes de Lojojota,1,Esc. Mercedes De Lojojota,8011452,1,224,98,46,12,156,98,156
5,Moxos,1,San Ignacio,3406,Bermeo,1,Escuela De Bermeo,8011472,1,119,62,31,2,95,62,95
6,Marbán,1,Loreto,2624,Loreto,1,Esc. Perfecta Vda. De Bejarano,8011942,1,240,197,12,3,212,197,212
6,Marbán,1,Loreto,2624,Loreto,1,Esc. Perfecta Vda. De Bejarano,8011952,2,240,192,18,2,212,192,212
6,Marbán,1,Loreto,2624,Loreto,1,Esc. Perfecta Vda. De Bejarano,8011962,3,67,54,3,1,58,54,58
6,Marbán,1,Loreto,2631,Sachojere,1,Esc. Sachojere,8012012,1,240,166,32,6,204,166,204
6,Marbán,1,Loreto,2631,Sachojere,1,Esc. Sachojere,8012022,2,142,110,17,2,129,110,129
6,Marbán,2,San Andrés,2633,San Andrés,1,Esc. Humberto Velarde,8012082,1,240,125,63,6,194,125,194
6,Marbán,2,San Andrés,2633,San Andrés,1,Esc. Humberto Velarde,8012092,2,27,12,7,1,20,12,20
6,Marbán,2,San Andrés,2634,Perotó,1,Esc. Peroto,8012102,1,234,118,59,2,179,118,179
6,Marbán,2,San Andrés,2635,Villa Banzer,1,Esc.Villa Banzer,8012112,1,124,52,52,3,107,52,107
6,Marbán,2,San Andrés,2636,Santa Rosa Km.100,1,Esc. Santa Rosa,8012122,1,240,129,67,6,202,129,202
6,Marbán,2,San Andrés,2636,Santa Rosa Km.100,1,Esc. Santa Rosa,8012132,2,240,112,71,4,187,112,187
6,Marbán,2,San Andrés,2636,Santa Rosa Km.100,1,Esc. Santa Rosa,8012142,3,28,13,5,0,18,13,18
6,Marbán,2,San Andrés,2637,San Pablo,2,Esc. Central 2 De Agosto,8012322,1,240,123,53,14,190,123,190
6,Marbán,2,San Andrés,2637,San Pablo,2,Esc. Central 2 De Agosto,8012332,2,240,129,46,13,188,129,188
6,Marbán,2,San Andrés,2637,San Pablo,2,Esc. Central 2 De Agosto,8012342,3,240,134,37,20,191,134,191
6,Marbán,2,San Andrés,2637,San Pablo,2,Esc. Central 2 De Agosto,8012352,4,240,136,51,6,193,136,193
6,Marbán,2,San Andrés,2637,San Pablo,2,Esc. Central 2 De Agosto,8012362,5,240,129,55,10,194,129,194
6,Marbán,2,San Andrés,2637,San Pablo,2,Esc. Central 2 De Agosto,8012372,6,240,130,38,20,188,130,188
6,Marbán,2,San Andrés,2637,San Pablo,2,Esc. Central 2 De Agosto,8012382,7,240,142,42,10,194,142,194
6,Marbán,2,San Andrés,2637,San Pablo,2,Esc. Central 2 De Agosto,8012392,8,240,165,41,4,210,165,210
6,Marbán,2,San Andrés,2637,San Pablo,2,Esc. Central 2 De Agosto,8012402,9,240,127,54,9,190,127,190
6,Marbán,2,San Andrés,2637,San Pablo,2,Esc. Central 2 De Agosto,8012412,10,240,134,51,12,197,134,197
6,Marbán,2,San Andrés,2637,San Pablo,2,Esc. Central 2 De Agosto,8012422,11,240,133,50,9,192,133,192
6,Marbán,2,San Andrés,2637,San Pablo,2,Esc. Central 2 De Agosto,8012432,12,240,128,44,14,186,128,186
6,Marbán,2,San Andrés,2637,San Pablo,2,Esc. Central 2 De Agosto,8012442,13,255,152,45,10,207,152,207
6,Marbán,2,San Andrés,2638,Caimanes,1,Esc. Caimanes,8012152,1,239,116,69,3,188,116,188
6,Marbán,2,San Andrés,2642,San Lorenzo de Marban,1,Esc. San Lorenzo,8012162,1,148,61,43,4,108,61,108
6,Marbán,2,San Andrés,2643,Villa Alba,1,Esc. Villa Alba,8012172,1,195,86,63,5,154,86,154
6,Marbán,2,San Andrés,2683,Somopae,1,Esc. Somopae,8012182,1,240,102,93,5,200,102,200
6,Marbán,2,San Andrés,2683,Somopae,1,Esc. Somopae,8012192,2,59,31,21,1,53,31,53
6,Marbán,2,San Andrés,2748,Buen Jesús,1,Esc. Buen Jesus,8012202,1,240,123,62,4,189,123,189
6,Marbán,2,San Andrés,2748,Buen Jesús,1,Esc. Buen Jesus,8012212,2,183,103,46,5,154,103,154
6,Marbán,2,San Andrés,3113,4 de Julio,1,Escuela 4 de Julio,8012242,1,240,141,47,4,192,141,192
6,Marbán,2,San Andrés,3113,4 de Julio,1,Escuela 4 de Julio,8012252,2,42,23,8,2,33,23,33
6,Marbán,2,San Andrés,3276,Elvira,1,Escuela Elvira,8012262,1,240,123,64,13,200,123,200
6,Marbán,2,San Andrés,3276,Elvira,1,Escuela Elvira,8012272,2,102,65,17,3,85,65,85
6,Marbán,2,San Andrés,3341,Nueva Magdalena,1,Escuela Nueva Magdalena,8012282,1,240,134,59,12,205,134,205
6,Marbán,2,San Andrés,3341,Nueva Magdalena,1,Escuela Nueva Magdalena,8012292,2,116,67,26,3,96,67,96
6,Marbán,2,San Andrés,3385,Nueva Betania,1,Escuela de Nueva Betania,8012302,1,240,132,60,5,197,132,197
6,Marbán,2,San Andrés,3385,Nueva Betania,1,Escuela de Nueva Betania,8012312,2,181,92,49,4,145,92,145
6,Marbán,2,San Andrés,4115,Villa San Pedro,25525,U.E. Canaan,8012452,1,240,144,30,13,187,144,187
6,Marbán,2,San Andrés,4115,Villa San Pedro,25525,U.E. Canaan,8012462,2,217,134,37,7,178,134,178
6,Marbán,2,San Andrés,4422,Unión y Fe,26179,U.E. Unión y Fe,8012472,1,240,140,59,5,204,140,204
6,Marbán,2,San Andrés,4422,Unión y Fe,26179,U.E. Unión y Fe,8012482,2,28,13,9,0,22,13,22
7,Mamoré,1,San Joaquín,2612,San Joaquín,3,Unidad Educativa 21 de Agosto,8012602,1,240,152,41,1,194,152,194
8,Iténez,1,Magdalena,2644,Magdalena,1,U.E. Mcal. Jose Ballivian,8012852,1,240,172,20,8,200,172,200
8,Iténez,1,Magdalena,2644,Magdalena,1,U.E. Mcal. Jose Ballivian,8012862,2,240,148,39,11,198,148,198
8,Iténez,1,Magdalena,2644,Magdalena,1,U.E. Mcal. Jose Ballivian,8012872,3,240,157,35,7,199,157,199
8,Iténez,1,Magdalena,2644,Magdalena,1,U.E. Mcal. Jose Ballivian,8012892,5,240,156,25,6,187,156,187
8,Iténez,1,Magdalena,2644,Magdalena,1,U.E. Mcal. Jose Ballivian,8012912,7,240,161,33,6,200,161,200
8,Iténez,1,Magdalena,2644,Magdalena,1,U.E. Mcal. Jose Ballivian,8012922,8,35,21,4,1,26,21,26
8,Iténez,1,Magdalena,2644,Magdalena,32118,U.E. Carmen Urdininea Rivero,8013092,2,240,152,40,6,198,152,198
8,Iténez,1,Magdalena,2644,Magdalena,32118,U.E. Carmen Urdininea Rivero,8013102,3,240,185,23,3,211,185,211
8,Iténez,1,Magdalena,2644,Magdalena,32118,U.E. Carmen Urdininea Rivero,8013112,4,240,163,36,10,209,163,209
8,Iténez,1,Magdalena,2644,Magdalena,32118,U.E. Carmen Urdininea Rivero,8013132,6,240,167,29,4,200,167,200
8,Iténez,1,Magdalena,2644,Magdalena,32118,U.E. Carmen Urdininea Rivero,8013152,8,240,182,19,12,213,182,213
8,Iténez,1,Magdalena,2644,Magdalena,32118,U.E. Carmen Urdininea Rivero,8013172,10,104,72,10,6,88,72,88
8,Iténez,1,Magdalena,2648,Versalles,1,Esc. Central 1o. De Mayo,8012962,1,78,35,24,4,63,35,63
8,Iténez,1,Magdalena,2650,Bella Vista,1,U.E. Macedonio Paz Pino,8013012,3,240,159,13,8,180,159,180
8,Iténez,1,Magdalena,2650,Bella Vista,1,U.E. Macedonio Paz Pino,8013032,5,240,176,13,7,196,176,196
8,Iténez,1,Magdalena,2682,Buena Vista,1,Esc. Buena Vista,8013052,1,240,120,50,9,179,120,179
8,Iténez,1,Magdalena,2682,Buena Vista,1,Esc. Buena Vista,8013062,2,39,17,9,0,26,17,26
8,Iténez,1,Magdalena,4578,Nueva Brema,32289,U.E. Nueva Brema,8013182,1,111,53,40,3,96,53,96
8,Iténez,2,Baures,2651,Baures,1,U.E. Carmelo López,8013192,1,240,173,23,2,198,173,198
8,Iténez,2,Baures,2651,Baures,1,U.E. Carmelo López,8013202,2,240,183,19,2,204,183,204
8,Iténez,2,Baures,2651,Baures,1,U.E. Carmelo López,8013212,3,240,178,14,7,199,178,199
8,Iténez,2,Baures,2654,El Remanzo del Itenez,1,Esc. El Remanzo,8013272,1,240,156,17,5,178,156,178
8,Iténez,2,Baures,2654,El Remanzo del Itenez,1,Esc. El Remanzo,8013282,2,186,122,26,3,151,122,151
8,Iténez,2,Baures,2656,Cafetal,1,Esc. Seccional Cafetal,8013292,1,240,106,23,2,131,106,131
8,Iténez,2,Baures,2656,Cafetal,1,Esc. Seccional Cafetal,8013302,2,64,27,7,1,35,27,35
8,Iténez,2,Baures,2819,San Simon,1,Esc. San Simon,8013312,1,240,109,49,17,175,109,175
8,Iténez,2,Baures,2819,San Simon,1,Esc. San Simon,8013322,2,31,15,4,2,21,15,21
8,Iténez,2,Baures,3174,Jasiaquiri,1,U.E. Jasiaquiri,8013332,1,178,139,13,9,161,139,161
8,Iténez,2,Baures,3524,Monte Cristo del Tiquin,1,Esc. Monte Cristo Del Tiquin,8013352,1,230,99,43,10,152,99,152
8,Iténez,2,Baures,4417,Mategua,26174,U.E. Mategua,8013372,1,82,46,18,1,65,46,65
8,Iténez,3,Huacaraje,2657,Huacaraje,1,U.E. Juan Alberto Orellana,8013382,1,240,200,5,5,210,200,210
8,Iténez,3,Huacaraje,2657,Huacaraje,1,U.E. Juan Alberto Orellana,8013392,2,240,203,6,0,209,203,209
8,Iténez,3,Huacaraje,2657,Huacaraje,1,U.E. Juan Alberto Orellana,8013422,5,240,209,2,2,213,209,213
8,Iténez,3,Huacaraje,2658,El Carmen del Itenez,1,Esc. El Carmen,8013442,1,240,189,13,3,205,189,205
8,Iténez,3,Huacaraje,2658,El Carmen del Itenez,1,Esc. El Carmen,8013452,2,240,175,8,1,184,175,184
8,Iténez,3,Huacaraje,2658,El Carmen del Itenez,1,Esc. El Carmen,8013462,3,185,155,4,1,160,155,160
