CodigoProvincia,NombreProvincia,CodigoSeccion,NombreMunicipio,CodigoLocalidad,NombreLocalidad,CodigoRecinto,NombreRecinto,CodigoMesa,NumeroMesa,InscritosHabilitados,VotoValido,VotoBlanco,VotoNulo,VotoEmitido,VotoValidoReal,VotoEmitidoReal
1,Tomás Frías,1,Potosí,1494,Potosí,1,U. E. Simón Rodríguez,5003501,1,240,158,40,7,205,158,205
1,Tomás Frías,1,Potosí,1494,Potosí,1,U. E. Simón Rodríguez,5003511,2,240,148,52,11,211,148,211
1,Tomás Frías,1,Potosí,1494,Potosí,1,U. E. Simón Rodríguez,5003521,3,240,148,42,23,213,148,213
1,Tomás Frías,1,Potosí,1494,Potosí,1,U. E. Simón Rodríguez,5003531,4,240,163,40,12,215,163,215
1,Tomás Frías,1,Potosí,1494,Potosí,1,U. E. Simón Rodríguez,5003541,5,240,157,52,12,221,157,221
1,Tomás Frías,1,Potosí,1494,Potosí,1,U. E. Simón Rodríguez,5003551,6,99,70,12,5,87,70,87
1,Tomás Frías,1,Potosí,1494,Potosí,2,Col. Carlos Medinaceli,5003561,1,240,152,41,17,210,152,210
1,Tomás Frías,1,Potosí,1494,Potosí,2,Col. Carlos Medinaceli,5003571,2,240,179,28,9,216,179,216
1,Tomás Frías,1,Potosí,1494,Potosí,2,Col. Carlos Medinaceli,5003581,3,240,158,41,13,212,158,212
1,Tomás Frías,1,Potosí,1494,Potosí,2,Col. Carlos Medinaceli,5003591,4,160,100,33,10,143,100,143
1,Tomás Frías,1,Potosí,1494,Potosí,4,Esc. Modesto Omiste,5003101,1,240,162,49,16,227,162,227
1,Tomás Frías,1,Potosí,1494,Potosí,4,Esc. Modesto Omiste,5003111,2,192,123,37,10,170,123,170
1,Tomás Frías,1,Potosí,1494,Potosí,5,Esc. 1ro de Abril,5003391,1,240,166,41,11,218,166,218
1,Tomás Frías,1,Potosí,1494,Potosí,5,Esc. 1ro de Abril,5003401,2,240,149,48,23,220,149,220
1,Tomás Frías,1,Potosí,1494,Potosí,5,Esc. 1ro de Abril,5003411,3,90,57,15,9,81,57,81
1,Tomás Frías,1,Potosí,1494,Potosí,7,U. E. Antonio Quijarro  A,5003121,1,240,146,49,25,220,146,220
1,Tomás Frías,1,Potosí,1494,Potosí,7,U. E. Antonio Quijarro  A,5003131,2,240,162,48,16,226,162,226
1,Tomás Frías,1,Potosí,1494,Potosí,7,U. E. Antonio Quijarro  A,5003141,3,29,22,3,2,27,22,27
1,Tomás Frías,1,Potosí,1494,Potosí,10,Coleg. Bancario,5002761,1,240,148,54,14,216,148,216
1,Tomás Frías,1,Potosí,1494,Potosí,10,Coleg. Bancario,5002771,2,240,163,43,10,216,163,216
1,Tomás Frías,1,Potosí,1494,Potosí,10,Coleg. Bancario,5002781,3,240,155,43,13,211,155,211
1,Tomás Frías,1,Potosí,1494,Potosí,10,Coleg. Bancario,5002791,4,231,158,39,13,210,158,210
1,Tomás Frías,1,Potosí,1494,Potosí,11,U. E. San José  A,5003601,1,240,180,36,12,228,180,228
1,Tomás Frías,1,Potosí,1494,Potosí,11,U. E. San José  A,5003611,2,240,170,37,13,220,170,220
1,Tomás Frías,1,Potosí,1494,Potosí,11,U. E. San José  A,5003621,3,240,154,54,11,219,154,219
1,Tomás Frías,1,Potosí,1494,Potosí,11,U. E. San José  A,5003631,4,240,157,49,18,224,157,224
1,Tomás Frías,1,Potosí,1494,Potosí,11,U. E. San José  A,5003641,5,150,105,26,6,137,105,137
1,Tomás Frías,1,Potosí,1494,Potosí,12,Esc. Litoral,5002201,1,240,159,31,17,207,159,207
1,Tomás Frías,1,Potosí,1494,Potosí,12,Esc. Litoral,5002211,2,240,154,35,17,206,154,206
1,Tomás Frías,1,Potosí,1494,Potosí,12,Esc. Litoral,5002221,3,240,162,47,9,218,162,218
1,Tomás Frías,1,Potosí,1494,Potosí,12,Esc. Litoral,5002231,4,240,142,45,17,204,142,204
1,Tomás Frías,1,Potosí,1494,Potosí,12,Esc. Litoral,5002241,5,240,157,39,16,212,157,212
1,Tomás Frías,1,Potosí,1494,Potosí,12,Esc. Litoral,5002251,6,240,143,51,18,212,143,212
1,Tomás Frías,1,Potosí,1494,Potosí,12,Esc. Litoral,5002261,7,240,153,41,18,212,153,212
1,Tomás Frías,1,Potosí,1494,Potosí,12,Esc. Litoral,5002271,8,240,171,34,13,218,171,218
1,Tomás Frías,1,Potosí,1494,Potosí,12,Esc. Litoral,5002281,9,240,162,41,5,208,162,208
1,Tomás Frías,1,Potosí,1494,Potosí,12,Esc. Litoral,5002291,10,240,143,42,24,209,143,209
1,Tomás Frías,1,Potosí,1494,Potosí,12,Esc. Litoral,5002301,11,257,167,41,13,221,167,221
1,Tomás Frías,1,Potosí,1494,Potosí,13,Esc. Copacabana,5004241,1,240,170,35,19,224,170,224
1,Tomás Frías,1,Potosí,1494,Potosí,13,Esc. Copacabana,5004251,2,240,159,42,21,222,159,222
1,Tomás Frías,1,Potosí,1494,Potosí,13,Esc. Copacabana,5004261,3,240,148,46,22,216,148,216
1,Tomás Frías,1,Potosí,1494,Potosí,13,Esc. Copacabana,5004271,4,240,161,48,11,220,161,220
1,Tomás Frías,1,Potosí,1494,Potosí,13,Esc. Copacabana,5004281,5,240,151,49,18,218,151,218
1,Tomás Frías,1,Potosí,1494,Potosí,13,Esc. Copacabana,5004291,6,240,166,42,12,220,166,220
1,Tomás Frías,1,Potosí,1494,Potosí,13,Esc. Copacabana,5004301,7,24,16,5,0,21,16,21
1,Tomás Frías,1,Potosí,1494,Potosí,15,Esc. Benicio Montero Mallo,5001161,1,240,147,54,31,232,147,232
1,Tomás Frías,1,Potosí,1494,Potosí,15,Esc. Benicio Montero Mallo,5001171,2,240,140,58,23,221,140,221
1,Tomás Frías,1,Potosí,1494,Potosí,15,Esc. Benicio Montero Mallo,5001181,3,240,147,51,24,222,147,222
1,Tomás Frías,1,Potosí,1494,Potosí,15,Esc. Benicio Montero Mallo,5001191,4,240,149,54,14,217,149,217
1,Tomás Frías,1,Potosí,1494,Potosí,15,Esc. Benicio Montero Mallo,5001201,5,240,149,57,17,223,149,223
1,Tomás Frías,1,Potosí,1494,Potosí,15,Esc. Benicio Montero Mallo,5001211,6,240,145,49,22,216,145,216
1,Tomás Frías,1,Potosí,1494,Potosí,15,Esc. Benicio Montero Mallo,5001221,7,240,152,49,21,222,152,222
1,Tomás Frías,1,Potosí,1494,Potosí,15,Esc. Benicio Montero Mallo,5001231,8,214,152,27,16,195,152,195
1,Tomás Frías,1,Potosí,1494,Potosí,16,Kinder Concepcion,5001301,1,240,155,51,12,218,155,218
1,Tomás Frías,1,Potosí,1494,Potosí,16,Kinder Concepcion,5001311,2,240,143,60,10,213,143,213
1,Tomás Frías,1,Potosí,1494,Potosí,16,Kinder Concepcion,5001321,3,240,138,67,12,217,138,217
1,Tomás Frías,1,Potosí,1494,Potosí,16,Kinder Concepcion,5001331,4,240,137,60,13,210,137,210
1,Tomás Frías,1,Potosí,1494,Potosí,16,Kinder Concepcion,5001341,5,240,146,57,13,216,146,216
1,Tomás Frías,1,Potosí,1494,Potosí,16,Kinder Concepcion,5001351,6,240,137,52,20,209,137,209
1,Tomás Frías,1,Potosí,1494,Potosí,16,Kinder Concepcion,5001361,7,169,114,24,11,149,114,149
1,Tomás Frías,1,Potosí,1494,Potosí,17,Coleg. Luis Espinal,5001451,1,240,143,55,17,215,143,215
1,Tomás Frías,1,Potosí,1494,Potosí,17,Coleg. Luis Espinal,5001461,2,240,138,58,18,214,138,214
1,Tomás Frías,1,Potosí,1494,Potosí,17,Coleg. Luis Espinal,5001471,3,240,146,58,12,216,146,216
1,Tomás Frías,1,Potosí,1494,Potosí,17,Coleg. Luis Espinal,5001481,4,240,137,53,22,212,137,212
1,Tomás Frías,1,Potosí,1494,Potosí,17,Coleg. Luis Espinal,5001491,5,240,151,51,13,215,151,215
1,Tomás Frías,1,Potosí,1494,Potosí,17,Coleg. Luis Espinal,5001501,6,240,142,52,17,211,142,211
1,Tomás Frías,1,Potosí,1494,Potosí,17,Coleg. Luis Espinal,5001511,7,240,147,58,7,212,147,212
1,Tomás Frías,1,Potosí,1494,Potosí,17,Coleg. Luis Espinal,5001521,8,240,147,50,10,207,147,207
1,Tomás Frías,1,Potosí,1494,Potosí,17,Coleg. Luis Espinal,5001531,9,240,136,66,7,209,136,209
1,Tomás Frías,1,Potosí,1494,Potosí,17,Coleg. Luis Espinal,5001541,10,240,135,65,5,205,135,205
1,Tomás Frías,1,Potosí,1494,Potosí,17,Coleg. Luis Espinal,5001551,11,240,140,59,8,207,140,207
1,Tomás Frías,1,Potosí,1494,Potosí,17,Coleg. Luis Espinal,5001561,12,240,134,49,23,206,134,206
1,Tomás Frías,1,Potosí,1494,Potosí,17,Coleg. Luis Espinal,5001571,13,240,139,45,13,197,139,197
1,Tomás Frías,1,Potosí,1494,Potosí,17,Coleg. Luis Espinal,5001581,14,253,148,45,11,204,148,204
1,Tomás Frías,1,Potosí,1494,Potosí,18,Esc. Jose A.Zampa,5002311,1,240,133,28,8,169,133,169
1,Tomás Frías,1,Potosí,1494,Potosí,18,Esc. Jose A.Zampa,5002321,2,240,124,46,17,187,124,187
1,Tomás Frías,1,Potosí,1494,Potosí,18,Esc. Jose A.Zampa,5002331,3,240,142,50,16,208,142,208
1,Tomás Frías,1,Potosí,1494,Potosí,18,Esc. Jose A.Zampa,5002341,4,240,121,66,16,203,121,203
1,Tomás Frías,1,Potosí,1494,Potosí,18,Esc. Jose A.Zampa,5002351,5,240,135,76,12,223,135,223
1,Tomás Frías,1,Potosí,1494,Potosí,18,Esc. Jose A.Zampa,5002361,6,240,136,55,18,209,136,209
1,Tomás Frías,1,Potosí,1494,Potosí,18,Esc. Jose A.Zampa,5002371,7,240,138,57,21,216,138,216
1,Tomás Frías,1,Potosí,1494,Potosí,18,Esc. Jose A.Zampa,5002381,8,68,37,24,3,64,37,64
1,Tomás Frías,1,Potosí,1494,Potosí,19,Coleg. Cristo Maestro,5002391,1,240,151,35,20,206,151,206
1,Tomás Frías,1,Potosí,1494,Potosí,19,Coleg. Cristo Maestro,5002401,2,240,162,37,14,213,162,213
1,Tomás Frías,1,Potosí,1494,Potosí,19,Coleg. Cristo Maestro,5002411,3,240,165,38,12,215,165,215
1,Tomás Frías,1,Potosí,1494,Potosí,19,Coleg. Cristo Maestro,5002421,4,240,170,32,12,214,170,214
1,Tomás Frías,1,Potosí,1494,Potosí,19,Coleg. Cristo Maestro,5002431,5,240,165,47,9,221,165,221
1,Tomás Frías,1,Potosí,1494,Potosí,19,Coleg. Cristo Maestro,5002441,6,141,94,23,11,128,94,128
1,Tomás Frías,1,Potosí,1494,Potosí,20,Esc. Jaime Mendoza,5001371,1,240,116,63,11,190,116,190
1,Tomás Frías,1,Potosí,1494,Potosí,20,Esc. Jaime Mendoza,5001381,2,240,138,45,15,198,138,198
1,Tomás Frías,1,Potosí,1494,Potosí,20,Esc. Jaime Mendoza,5001391,3,240,146,43,6,195,146,195
1,Tomás Frías,1,Potosí,1494,Potosí,20,Esc. Jaime Mendoza,5001401,4,240,139,50,16,205,139,205
1,Tomás Frías,1,Potosí,1494,Potosí,20,Esc. Jaime Mendoza,5001411,5,240,125,65,10,200,125,200
1,Tomás Frías,1,Potosí,1494,Potosí,20,Esc. Jaime Mendoza,5001421,6,240,138,55,14,207,138,207
1,Tomás Frías,1,Potosí,1494,Potosí,20,Esc. Jaime Mendoza,5001431,7,240,123,56,18,197,123,197
1,Tomás Frías,1,Potosí,1494,Potosí,20,Esc. Jaime Mendoza,5001441,8,225,119,59,13,191,119,191
1,Tomás Frías,1,Potosí,1494,Potosí,21,Esc. Daniel Campos,5002491,1,240,139,55,11,205,139,205
1,Tomás Frías,1,Potosí,1494,Potosí,21,Esc. Daniel Campos,5002501,2,240,156,44,12,212,156,212
1,Tomás Frías,1,Potosí,1494,Potosí,21,Esc. Daniel Campos,5002511,3,240,143,52,17,212,143,212
1,Tomás Frías,1,Potosí,1494,Potosí,21,Esc. Daniel Campos,5002521,4,240,149,43,23,215,149,215
1,Tomás Frías,1,Potosí,1494,Potosí,21,Esc. Daniel Campos,5002531,5,240,147,54,9,210,147,210
1,Tomás Frías,1,Potosí,1494,Potosí,21,Esc. Daniel Campos,5002541,6,240,148,51,9,208,148,208
1,Tomás Frías,1,Potosí,1494,Potosí,21,Esc. Daniel Campos,5002551,7,240,158,42,11,211,158,211
1,Tomás Frías,1,Potosí,1494,Potosí,21,Esc. Daniel Campos,5002561,8,240,155,40,15,210,155,210
1,Tomás Frías,1,Potosí,1494,Potosí,21,Esc. Daniel Campos,5002571,9,240,132,49,22,203,132,203
1,Tomás Frías,1,Potosí,1494,Potosí,21,Esc. Daniel Campos,5002581,10,240,147,52,17,216,147,216
1,Tomás Frías,1,Potosí,1494,Potosí,21,Esc. Daniel Campos,5002591,11,240,161,37,13,211,161,211
1,Tomás Frías,1,Potosí,1494,Potosí,21,Esc. Daniel Campos,5002601,12,240,151,38,14,203,151,203
1,Tomás Frías,1,Potosí,1494,Potosí,21,Esc. Daniel Campos,5002611,13,240,139,60,5,204,139,204
1,Tomás Frías,1,Potosí,1494,Potosí,21,Esc. Daniel Campos,5002621,14,240,156,48,15,219,156,219
1,Tomás Frías,1,Potosí,1494,Potosí,21,Esc. Daniel Campos,5002631,15,240,140,50,14,204,140,204
1,Tomás Frías,1,Potosí,1494,Potosí,21,Esc. Daniel Campos,5002641,16,240,155,35,5,195,155,195
1,Tomás Frías,1,Potosí,1494,Potosí,21,Esc. Daniel Campos,5002651,17,240,137,38,25,200,137,200
1,Tomás Frías,1,Potosí,1494,Potosí,21,Esc. Daniel Campos,5002661,18,60,41,6,4,51,41,51
1,Tomás Frías,1,Potosí,1494,Potosí,24,U. E. Vicente Bernedo  A,5001911,1,240,139,69,12,220,139,220
1,Tomás Frías,1,Potosí,1494,Potosí,24,U. E. Vicente Bernedo  A,5001921,2,240,143,60,18,221,143,221
1,Tomás Frías,1,Potosí,1494,Potosí,24,U. E. Vicente Bernedo  A,5001931,3,240,145,56,15,216,145,216
1,Tomás Frías,1,Potosí,1494,Potosí,24,U. E. Vicente Bernedo  A,5001941,4,240,136,66,13,215,136,215
1,Tomás Frías,1,Potosí,1494,Potosí,24,U. E. Vicente Bernedo  A,5001951,5,240,155,47,16,218,155,218
1,Tomás Frías,1,Potosí,1494,Potosí,24,U. E. Vicente Bernedo  A,5001961,6,240,156,53,13,222,156,222
1,Tomás Frías,1,Potosí,1494,Potosí,24,U. E. Vicente Bernedo  A,5001971,7,240,152,64,7,223,152,223
1,Tomás Frías,1,Potosí,1494,Potosí,24,U. E. Vicente Bernedo  A,5001981,8,240,134,57,23,214,134,214
1,Tomás Frías,1,Potosí,1494,Potosí,24,U. E. Vicente Bernedo  A,5001991,9,240,124,57,23,204,124,204
1,Tomás Frías,1,Potosí,1494,Potosí,24,U. E. Vicente Bernedo  A,5002001,10,240,148,60,10,218,148,218
1,Tomás Frías,1,Potosí,1494,Potosí,24,U. E. Vicente Bernedo  A,5002011,11,240,142,59,15,216,142,216
1,Tomás Frías,1,Potosí,1494,Potosí,24,U. E. Vicente Bernedo  A,5002021,12,240,160,48,17,225,160,225
1,Tomás Frías,1,Potosí,1494,Potosí,24,U. E. Vicente Bernedo  A,5002031,13,240,144,52,17,213,144,213
1,Tomás Frías,1,Potosí,1494,Potosí,24,U. E. Vicente Bernedo  A,5002041,14,240,150,41,13,204,150,204
1,Tomás Frías,1,Potosí,1494,Potosí,24,U. E. Vicente Bernedo  A,5002051,15,140,91,18,6,115,91,115
1,Tomás Frías,1,Potosí,1494,Potosí,25,Esc. L. Subieta Sagarnaga,5001591,1,240,153,50,10,213,153,213
1,Tomás Frías,1,Potosí,1494,Potosí,25,Esc. L. Subieta Sagarnaga,5001601,2,240,125,75,15,215,125,215
1,Tomás Frías,1,Potosí,1494,Potosí,25,Esc. L. Subieta Sagarnaga,5001611,3,240,143,64,13,220,143,220
1,Tomás Frías,1,Potosí,1494,Potosí,25,Esc. L. Subieta Sagarnaga,5001621,4,240,126,73,13,212,126,212
1,Tomás Frías,1,Potosí,1494,Potosí,25,Esc. L. Subieta Sagarnaga,5001631,5,240,130,68,15,213,130,213
1,Tomás Frías,1,Potosí,1494,Potosí,25,Esc. L. Subieta Sagarnaga,5001641,6,240,132,61,17,210,132,210
1,Tomás Frías,1,Potosí,1494,Potosí,25,Esc. L. Subieta Sagarnaga,5001651,7,240,136,55,21,212,136,212
1,Tomás Frías,1,Potosí,1494,Potosí,25,Esc. L. Subieta Sagarnaga,5001661,8,240,116,82,13,211,116,211
1,Tomás Frías,1,Potosí,1494,Potosí,25,Esc. L. Subieta Sagarnaga,5001671,9,240,124,59,35,218,124,218
1,Tomás Frías,1,Potosí,1494,Potosí,25,Esc. L. Subieta Sagarnaga,5001681,10,233,122,76,11,209,122,209
1,Tomás Frías,1,Potosí,1494,Potosí,27,Coleg. Don Bosco,5002801,1,240,152,48,14,214,152,214
1,Tomás Frías,1,Potosí,1494,Potosí,27,Coleg. Don Bosco,5002811,2,240,169,30,13,212,169,212
1,Tomás Frías,1,Potosí,1494,Potosí,27,Coleg. Don Bosco,5002821,3,240,167,35,15,217,167,217
1,Tomás Frías,1,Potosí,1494,Potosí,27,Coleg. Don Bosco,5002831,4,240,161,47,15,223,161,223
1,Tomás Frías,1,Potosí,1494,Potosí,27,Coleg. Don Bosco,5002841,5,125,91,22,5,118,91,118
1,Tomás Frías,1,Potosí,1494,Potosí,28,Esc. Gregorio Barriga,5002851,1,240,159,44,15,218,159,218
1,Tomás Frías,1,Potosí,1494,Potosí,28,Esc. Gregorio Barriga,5002861,2,34,21,6,2,29,21,29
1,Tomás Frías,1,Potosí,1494,Potosí,29,Fe y Alegría y San Clemente,5005281,1,240,153,50,15,218,153,218
1,Tomás Frías,1,Potosí,1494,Potosí,29,Fe y Alegría y San Clemente,5005291,2,240,158,38,16,212,158,212
1,Tomás Frías,1,Potosí,1494,Potosí,29,Fe y Alegría y San Clemente,5005301,3,240,149,48,13,210,149,210
1,Tomás Frías,1,Potosí,1494,Potosí,29,Fe y Alegría y San Clemente,5005311,4,240,165,39,12,216,165,216
1,Tomás Frías,1,Potosí,1494,Potosí,29,Fe y Alegría y San Clemente,5005321,5,240,153,49,17,219,153,219
1,Tomás Frías,1,Potosí,1494,Potosí,29,Fe y Alegría y San Clemente,5005331,6,240,161,43,17,221,161,221
1,Tomás Frías,1,Potosí,1494,Potosí,29,Fe y Alegría y San Clemente,5005341,7,240,162,39,16,217,162,217
1,Tomás Frías,1,Potosí,1494,Potosí,29,Fe y Alegría y San Clemente,5005351,8,240,164,49,14,227,164,227
1,Tomás Frías,1,Potosí,1494,Potosí,29,Fe y Alegría y San Clemente,5005361,9,240,162,52,9,223,162,223
1,Tomás Frías,1,Potosí,1494,Potosí,29,Fe y Alegría y San Clemente,5005371,10,240,170,40,12,222,170,222
1,Tomás Frías,1,Potosí,1494,Potosí,29,Fe y Alegría y San Clemente,5005381,11,240,161,45,13,219,161,219
1,Tomás Frías,1,Potosí,1494,Potosí,29,Fe y Alegría y San Clemente,5005391,12,240,190,22,9,221,190,221
1,Tomás Frías,1,Potosí,1494,Potosí,29,Fe y Alegría y San Clemente,5005401,13,240,170,33,18,221,170,221
1,Tomás Frías,1,Potosí,1494,Potosí,29,Fe y Alegría y San Clemente,5005411,14,240,161,44,21,226,161,226
1,Tomás Frías,1,Potosí,1494,Potosí,29,Fe y Alegría y San Clemente,5005421,15,240,167,38,12,217,167,217
1,Tomás Frías,1,Potosí,1494,Potosí,29,Fe y Alegría y San Clemente,5005431,16,240,166,42,11,219,166,219
1,Tomás Frías,1,Potosí,1494,Potosí,29,Fe y Alegría y San Clemente,5005441,17,240,169,33,12,214,169,214
1,Tomás Frías,1,Potosí,1494,Potosí,29,Fe y Alegría y San Clemente,5005451,18,240,156,35,20,211,156,211
1,Tomás Frías,1,Potosí,1494,Potosí,29,Fe y Alegría y San Clemente,5005461,19,240,160,46,11,217,160,217
1,Tomás Frías,1,Potosí,1494,Potosí,29,Fe y Alegría y San Clemente,5005471,20,240,174,27,17,218,174,218
1,Tomás Frías,1,Potosí,1494,Potosí,29,Fe y Alegría y San Clemente,5005481,21,222,157,33,11,201,157,201
1,Tomás Frías,1,Potosí,1494,Potosí,30,Unid. Educ. Oscar Alfaro,5001101,1,240,154,32,24,210,154,210
1,Tomás Frías,1,Potosí,1494,Potosí,30,Unid. Educ. Oscar Alfaro,5001111,2,240,159,41,17,217,159,217
1,Tomás Frías,1,Potosí,1494,Potosí,30,Unid. Educ. Oscar Alfaro,5001121,3,240,169,36,12,217,169,217
1,Tomás Frías,1,Potosí,1494,Potosí,30,Unid. Educ. Oscar Alfaro,5001131,4,240,155,40,24,219,155,219
1,Tomás Frías,1,Potosí,1494,Potosí,30,Unid. Educ. Oscar Alfaro,5001141,5,240,160,48,15,223,160,223
1,Tomás Frías,1,Potosí,1494,Potosí,30,Unid. Educ. Oscar Alfaro,5001151,6,41,30,9,0,39,30,39
1,Tomás Frías,1,Potosí,1494,Potosí,31,Esc. Gualberto Villarroel,5003921,1,240,143,56,18,217,143,217
1,Tomás Frías,1,Potosí,1494,Potosí,31,Esc. Gualberto Villarroel,5003931,2,240,140,64,19,223,140,223
1,Tomás Frías,1,Potosí,1494,Potosí,31,Esc. Gualberto Villarroel,5003941,3,240,146,52,17,215,146,215
1,Tomás Frías,1,Potosí,1494,Potosí,31,Esc. Gualberto Villarroel,5003951,4,240,141,55,15,211,141,211
1,Tomás Frías,1,Potosí,1494,Potosí,31,Esc. Gualberto Villarroel,5003961,5,240,148,52,16,216,148,216
1,Tomás Frías,1,Potosí,1494,Potosí,31,Esc. Gualberto Villarroel,5003971,6,240,132,58,13,203,132,203
1,Tomás Frías,1,Potosí,1494,Potosí,31,Esc. Gualberto Villarroel,5003981,7,233,144,42,9,195,144,195
1,Tomás Frías,1,Potosí,1494,Potosí,32,Colegio Franciscano,5003151,1,240,157,38,21,216,157,216
1,Tomás Frías,1,Potosí,1494,Potosí,32,Colegio Franciscano,5003161,2,240,172,35,11,218,172,218
1,Tomás Frías,1,Potosí,1494,Potosí,32,Colegio Franciscano,5003171,3,240,172,31,17,220,172,220
1,Tomás Frías,1,Potosí,1494,Potosí,32,Colegio Franciscano,5003181,4,240,169,40,12,221,169,221
1,Tomás Frías,1,Potosí,1494,Potosí,32,Colegio Franciscano,5003191,5,240,166,33,16,215,166,215
1,Tomás Frías,1,Potosí,1494,Potosí,32,Colegio Franciscano,5003201,6,41,27,4,3,34,27,34
1,Tomás Frías,1,Potosí,1494,Potosí,33,Coleg. Antofagasta,5004041,1,240,159,46,15,220,159,220
1,Tomás Frías,1,Potosí,1494,Potosí,33,Coleg. Antofagasta,5004051,2,240,158,46,16,220,158,220
1,Tomás Frías,1,Potosí,1494,Potosí,33,Coleg. Antofagasta,5004061,3,240,158,37,13,208,158,208
1,Tomás Frías,1,Potosí,1494,Potosí,33,Coleg. Antofagasta,5004071,4,240,154,47,14,215,154,215
1,Tomás Frías,1,Potosí,1494,Potosí,33,Coleg. Antofagasta,5004081,5,240,157,50,10,217,157,217
1,Tomás Frías,1,Potosí,1494,Potosí,33,Coleg. Antofagasta,5004091,6,240,155,52,16,223,155,223
1,Tomás Frías,1,Potosí,1494,Potosí,33,Coleg. Antofagasta,5004101,7,240,154,56,14,224,154,224
1,Tomás Frías,1,Potosí,1494,Potosí,33,Coleg. Antofagasta,5004111,8,240,148,36,9,193,148,193
1,Tomás Frías,1,Potosí,1494,Potosí,33,Coleg. Antofagasta,5004121,9,240,155,30,15,200,155,200
1,Tomás Frías,1,Potosí,1494,Potosí,33,Coleg. Antofagasta,5004131,10,34,25,6,0,31,25,31
1,Tomás Frías,1,Potosí,1494,Potosí,35,Esc. Cleto Loayza,5004411,1,240,153,53,14,220,153,220
1,Tomás Frías,1,Potosí,1494,Potosí,35,Esc. Cleto Loayza,5004421,2,240,149,50,14,213,149,213
1,Tomás Frías,1,Potosí,1494,Potosí,35,Esc. Cleto Loayza,5004431,3,240,145,61,10,216,145,216
1,Tomás Frías,1,Potosí,1494,Potosí,35,Esc. Cleto Loayza,5004441,4,240,145,65,12,222,145,222
1,Tomás Frías,1,Potosí,1494,Potosí,35,Esc. Cleto Loayza,5004451,5,240,156,53,18,227,156,227
1,Tomás Frías,1,Potosí,1494,Potosí,35,Esc. Cleto Loayza,5004461,6,240,163,41,16,220,163,220
1,Tomás Frías,1,Potosí,1494,Potosí,35,Esc. Cleto Loayza,5004471,7,240,155,43,13,211,155,211
1,Tomás Frías,1,Potosí,1494,Potosí,35,Esc. Cleto Loayza,5004481,8,240,140,51,25,216,140,216
1,Tomás Frías,1,Potosí,1494,Potosí,35,Esc. Cleto Loayza,5004491,9,240,158,46,11,215,158,215
1,Tomás Frías,1,Potosí,1494,Potosí,35,Esc. Cleto Loayza,5004501,10,240,126,64,23,213,126,213
1,Tomás Frías,1,Potosí,1494,Potosí,35,Esc. Cleto Loayza,5004511,11,240,167,40,11,218,167,218
1,Tomás Frías,1,Potosí,1494,Potosí,35,Esc. Cleto Loayza,5004521,12,190,121,24,8,153,121,153
1,Tomás Frías,1,Potosí,1494,Potosí,36,Kinder Ismael Montes,5000171,1,240,156,53,15,224,156,224
1,Tomás Frías,1,Potosí,1494,Potosí,36,Kinder Ismael Montes,5000181,2,240,140,57,22,219,140,219
1,Tomás Frías,1,Potosí,1494,Potosí,36,Kinder Ismael Montes,5000191,3,240,152,46,19,217,152,217
1,Tomás Frías,1,Potosí,1494,Potosí,36,Kinder Ismael Montes,5000201,4,240,138,54,20,212,138,212
1,Tomás Frías,1,Potosí,1494,Potosí,36,Kinder Ismael Montes,5000211,5,240,149,58,13,220,149,220
1,Tomás Frías,1,Potosí,1494,Potosí,36,Kinder Ismael Montes,5000221,6,240,157,52,13,222,157,222
1,Tomás Frías,1,Potosí,1494,Potosí,36,Kinder Ismael Montes,5000231,7,240,155,52,13,220,155,220
1,Tomás Frías,1,Potosí,1494,Potosí,36,Kinder Ismael Montes,5000241,8,240,145,54,8,207,145,207
1,Tomás Frías,1,Potosí,1494,Potosí,36,Kinder Ismael Montes,5000251,9,240,124,78,14,216,124,216
1,Tomás Frías,1,Potosí,1494,Potosí,36,Kinder Ismael Montes,5000261,10,247,178,43,13,234,178,234
1,Tomás Frías,1,Potosí,1494,Potosí,38,Col. 31 de Octubre,5003651,1,240,163,42,13,218,163,218
1,Tomás Frías,1,Potosí,1494,Potosí,38,Col. 31 de Octubre,5003661,2,240,158,40,19,217,158,217
1,Tomás Frías,1,Potosí,1494,Potosí,38,Col. 31 de Octubre,5003671,3,240,170,30,19,219,170,219
1,Tomás Frías,1,Potosí,1494,Potosí,38,Col. 31 de Octubre,5003681,4,240,167,40,11,218,167,218
1,Tomás Frías,1,Potosí,1494,Potosí,38,Col. 31 de Octubre,5003691,5,240,162,45,13,220,162,220
1,Tomás Frías,1,Potosí,1494,Potosí,38,Col. 31 de Octubre,5003701,6,240,163,38,16,217,163,217
1,Tomás Frías,1,Potosí,1494,Potosí,38,Col. 31 de Octubre,5003711,7,240,149,39,20,208,149,208
1,Tomás Frías,1,Potosí,1494,Potosí,38,Col. 31 de Octubre,5003721,8,240,164,25,20,209,164,209
1,Tomás Frías,1,Potosí,1494,Potosí,38,Col. 31 de Octubre,5003731,9,21,13,2,0,15,13,15
1,Tomás Frías,1,Potosí,1494,Potosí,39,U. E. José David Berrios,5006071,1,240,148,39,13,200,148,200
1,Tomás Frías,1,Potosí,1494,Potosí,39,U. E. José David Berrios,5006081,2,240,158,32,13,203,158,203
1,Tomás Frías,1,Potosí,1494,Potosí,39,U. E. José David Berrios,5006091,3,240,167,27,17,211,167,211
1,Tomás Frías,1,Potosí,1494,Potosí,39,U. E. José David Berrios,5006101,4,240,164,38,12,214,164,214
1,Tomás Frías,1,Potosí,1494,Potosí,39,U. E. José David Berrios,5006111,5,240,166,42,7,215,166,215
1,Tomás Frías,1,Potosí,1494,Potosí,39,U. E. José David Berrios,5006121,6,240,172,32,13,217,172,217
1,Tomás Frías,1,Potosí,1494,Potosí,39,U. E. José David Berrios,5006131,7,240,163,51,7,221,163,221
1,Tomás Frías,1,Potosí,1494,Potosí,39,U. E. José David Berrios,5006141,8,240,193,24,10,227,193,227
1,Tomás Frías,1,Potosí,1494,Potosí,39,U. E. José David Berrios,5006151,9,240,149,45,16,210,149,210
1,Tomás Frías,1,Potosí,1494,Potosí,39,U. E. José David Berrios,5006161,10,240,161,41,13,215,161,215
1,Tomás Frías,1,Potosí,1494,Potosí,39,U. E. José David Berrios,5006171,11,156,94,32,14,140,94,140
1,Tomás Frías,1,Potosí,1494,Potosí,40,U.E. 31 de Octubre,5003741,1,240,157,52,10,219,157,219
1,Tomás Frías,1,Potosí,1494,Potosí,40,U.E. 31 de Octubre,5003751,2,240,162,42,19,223,162,223
1,Tomás Frías,1,Potosí,1494,Potosí,40,U.E. 31 de Octubre,5003761,3,240,141,53,20,214,141,214
1,Tomás Frías,1,Potosí,1494,Potosí,40,U.E. 31 de Octubre,5003771,4,240,156,41,20,217,156,217
1,Tomás Frías,1,Potosí,1494,Potosí,40,U.E. 31 de Octubre,5003781,5,240,145,53,25,223,145,223
1,Tomás Frías,1,Potosí,1494,Potosí,40,U.E. 31 de Octubre,5003791,6,240,146,53,18,217,146,217
1,Tomás Frías,1,Potosí,1494,Potosí,40,U.E. 31 de Octubre,5003801,7,240,165,48,10,223,165,223
1,Tomás Frías,1,Potosí,1494,Potosí,40,U.E. 31 de Octubre,5003811,8,240,154,57,7,218,154,218
1,Tomás Frías,1,Potosí,1494,Potosí,40,U.E. 31 de Octubre,5003821,9,240,164,52,7,223,164,223
1,Tomás Frías,1,Potosí,1494,Potosí,40,U.E. 31 de Octubre,5003831,10,240,169,44,7,220,169,220
1,Tomás Frías,1,Potosí,1494,Potosí,40,U.E. 31 de Octubre,5003841,11,58,41,12,2,55,41,55
1,Tomás Frías,1,Potosí,1494,Potosí,42,Esc. Topater,5005771,1,240,170,32,15,217,170,217
1,Tomás Frías,1,Potosí,1494,Potosí,42,Esc. Topater,5005781,2,240,150,44,29,223,150,223
1,Tomás Frías,1,Potosí,1494,Potosí,42,Esc. Topater,5005791,3,240,156,44,16,216,156,216
1,Tomás Frías,1,Potosí,1494,Potosí,42,Esc. Topater,5005801,4,240,142,47,17,206,142,206
1,Tomás Frías,1,Potosí,1494,Potosí,42,Esc. Topater,5005811,5,240,170,26,26,222,170,222
1,Tomás Frías,1,Potosí,1494,Potosí,42,Esc. Topater,5005821,6,240,162,39,15,216,162,216
1,Tomás Frías,1,Potosí,1494,Potosí,42,Esc. Topater,5005831,7,240,169,41,14,224,169,224
1,Tomás Frías,1,Potosí,1494,Potosí,42,Esc. Topater,5005841,8,240,173,32,18,223,173,223
1,Tomás Frías,1,Potosí,1494,Potosí,42,Esc. Topater,5005851,9,240,185,25,8,218,185,218
1,Tomás Frías,1,Potosí,1494,Potosí,42,Esc. Topater,5005861,10,240,169,31,15,215,169,215
1,Tomás Frías,1,Potosí,1494,Potosí,42,Esc. Topater,5005871,11,240,180,24,15,219,180,219
1,Tomás Frías,1,Potosí,1494,Potosí,42,Esc. Topater,5005881,12,240,149,45,13,207,149,207
1,Tomás Frías,1,Potosí,1494,Potosí,42,Esc. Topater,5005891,13,240,153,39,23,215,153,215
1,Tomás Frías,1,Potosí,1494,Potosí,42,Esc. Topater,5005901,14,240,168,31,13,212,168,212
1,Tomás Frías,1,Potosí,1494,Potosí,42,Esc. Topater,5005911,15,240,148,42,18,208,148,208
1,Tomás Frías,1,Potosí,1494,Potosí,42,Esc. Topater,5005921,16,240,151,44,16,211,151,211
1,Tomás Frías,1,Potosí,1494,Potosí,42,Esc. Topater,5005931,17,240,176,20,11,207,176,207
1,Tomás Frías,1,Potosí,1494,Potosí,42,Esc. Topater,5005941,18,240,171,24,15,210,171,210
1,Tomás Frías,1,Potosí,1494,Potosí,42,Esc. Topater,5005951,19,240,158,39,18,215,158,215
1,Tomás Frías,1,Potosí,1494,Potosí,42,Esc. Topater,5005961,20,240,149,52,13,214,149,214
1,Tomás Frías,1,Potosí,1494,Potosí,42,Esc. Topater,5005971,21,240,156,40,16,212,156,212
1,Tomás Frías,1,Potosí,1494,Potosí,42,Esc. Topater,5005981,22,97,71,15,4,90,71,90
1,Tomás Frías,1,Potosí,1494,Potosí,43,Esc. Enrique Viana,5004711,1,240,144,53,28,225,144,225
1,Tomás Frías,1,Potosí,1494,Potosí,43,Esc. Enrique Viana,5004721,2,240,158,43,17,218,158,218
1,Tomás Frías,1,Potosí,1494,Potosí,43,Esc. Enrique Viana,5004731,3,240,147,47,12,206,147,206
1,Tomás Frías,1,Potosí,1494,Potosí,43,Esc. Enrique Viana,5004741,4,240,156,44,10,210,156,210
1,Tomás Frías,1,Potosí,1494,Potosí,43,Esc. Enrique Viana,5004751,5,240,153,43,19,215,153,215
1,Tomás Frías,1,Potosí,1494,Potosí,43,Esc. Enrique Viana,5004761,6,240,175,44,9,228,175,228
1,Tomás Frías,1,Potosí,1494,Potosí,43,Esc. Enrique Viana,5004771,7,240,153,47,14,214,153,214
1,Tomás Frías,1,Potosí,1494,Potosí,43,Esc. Enrique Viana,5004781,8,240,151,44,17,212,151,212
1,Tomás Frías,1,Potosí,1494,Potosí,43,Esc. Enrique Viana,5004791,9,240,157,35,14,206,157,206
1,Tomás Frías,1,Potosí,1494,Potosí,43,Esc. Enrique Viana,5004801,10,56,36,7,4,47,36,47
1,Tomás Frías,1,Potosí,1494,Potosí,44,U. E. Germán Busch  A,5004571,1,240,145,62,12,219,145,219
1,Tomás Frías,1,Potosí,1494,Potosí,44,U. E. Germán Busch  A,5004581,2,240,149,52,16,217,149,217
1,Tomás Frías,1,Potosí,1494,Potosí,44,U. E. Germán Busch  A,5004591,3,240,123,68,22,213,123,213
1,Tomás Frías,1,Potosí,1494,Potosí,44,U. E. Germán Busch  A,5004601,4,240,160,38,22,220,160,220
1,Tomás Frías,1,Potosí,1494,Potosí,44,U. E. Germán Busch  A,5004611,5,240,137,69,15,221,137,221
1,Tomás Frías,1,Potosí,1494,Potosí,44,U. E. Germán Busch  A,5004621,6,240,143,50,14,207,143,207
1,Tomás Frías,1,Potosí,1494,Potosí,44,U. E. Germán Busch  A,5004631,7,240,135,66,19,220,135,220
1,Tomás Frías,1,Potosí,1494,Potosí,44,U. E. Germán Busch  A,5004641,8,240,157,50,12,219,157,219
1,Tomás Frías,1,Potosí,1494,Potosí,44,U. E. Germán Busch  A,5004651,9,240,157,60,9,226,157,226
1,Tomás Frías,1,Potosí,1494,Potosí,44,U. E. Germán Busch  A,5004661,10,240,130,72,18,220,130,220
1,Tomás Frías,1,Potosí,1494,Potosí,44,U. E. Germán Busch  A,5004671,11,240,132,52,22,206,132,206
1,Tomás Frías,1,Potosí,1494,Potosí,44,U. E. Germán Busch  A,5004681,12,240,154,48,16,218,154,218
1,Tomás Frías,1,Potosí,1494,Potosí,44,U. E. Germán Busch  A,5004691,13,240,148,53,11,212,148,212
1,Tomás Frías,1,Potosí,1494,Potosí,44,U. E. Germán Busch  A,5004701,14,103,71,7,11,89,71,89
1,Tomás Frías,1,Potosí,1494,Potosí,45,Esc. 6 de Junio,5007201,1,240,131,62,15,208,131,208
1,Tomás Frías,1,Potosí,1494,Potosí,45,Esc. 6 de Junio,5007211,2,240,124,62,24,210,124,210
1,Tomás Frías,1,Potosí,1494,Potosí,45,Esc. 6 de Junio,5007221,3,240,115,89,16,220,115,220
1,Tomás Frías,1,Potosí,1494,Potosí,45,Esc. 6 de Junio,5007231,4,240,125,66,20,211,125,211
1,Tomás Frías,1,Potosí,1494,Potosí,45,Esc. 6 de Junio,5007241,5,240,139,71,15,225,139,225
1,Tomás Frías,1,Potosí,1494,Potosí,45,Esc. 6 de Junio,5007251,6,240,118,66,19,203,118,203
1,Tomás Frías,1,Potosí,1494,Potosí,45,Esc. 6 de Junio,5007261,7,240,125,76,17,218,125,218
1,Tomás Frías,1,Potosí,1494,Potosí,45,Esc. 6 de Junio,5007271,8,240,120,76,27,223,120,223
1,Tomás Frías,1,Potosí,1494,Potosí,45,Esc. 6 de Junio,5007281,9,240,115,85,19,219,115,219
1,Tomás Frías,1,Potosí,1494,Potosí,45,Esc. 6 de Junio,5007291,10,240,117,84,16,217,117,217
1,Tomás Frías,1,Potosí,1494,Potosí,45,Esc. 6 de Junio,5007301,11,240,110,65,34,209,110,209
1,Tomás Frías,1,Potosí,1494,Potosí,45,Esc. 6 de Junio,5007311,12,240,124,64,20,208,124,208
1,Tomás Frías,1,Potosí,1494,Potosí,45,Esc. 6 de Junio,5007321,13,240,109,66,36,211,109,211
1,Tomás Frías,1,Potosí,1494,Potosí,45,Esc. 6 de Junio,5007331,14,240,124,65,26,215,124,215
1,Tomás Frías,1,Potosí,1494,Potosí,45,Esc. 6 de Junio,5007341,15,198,100,56,20,176,100,176
1,Tomás Frías,1,Potosí,1494,Potosí,46,Esc. Karachipampa,5006661,1,240,114,86,20,220,114,220
1,Tomás Frías,1,Potosí,1494,Potosí,46,Esc. Karachipampa,5006671,2,240,121,68,21,210,121,210
1,Tomás Frías,1,Potosí,1494,Potosí,46,Esc. Karachipampa,5006681,3,240,102,94,14,210,102,210
1,Tomás Frías,1,Potosí,1494,Potosí,46,Esc. Karachipampa,5006691,4,231,118,69,22,209,118,209
1,Tomás Frías,1,Potosí,1494,Potosí,48,Lic. Sucre,5003211,1,240,155,29,21,205,155,205
1,Tomás Frías,1,Potosí,1494,Potosí,48,Lic. Sucre,5003221,2,240,161,53,11,225,161,225
1,Tomás Frías,1,Potosí,1494,Potosí,48,Lic. Sucre,5003231,3,240,144,61,16,221,144,221
1,Tomás Frías,1,Potosí,1494,Potosí,48,Lic. Sucre,5003241,4,240,145,52,19,216,145,216
1,Tomás Frías,1,Potosí,1494,Potosí,48,Lic. Sucre,5003251,5,126,79,21,5,105,79,105
1,Tomás Frías,1,Potosí,1494,Potosí,50,Esc. Kenny Prieto Melgarejo,5006891,1,240,153,53,18,224,153,224
1,Tomás Frías,1,Potosí,1494,Potosí,50,Esc. Kenny Prieto Melgarejo,5006901,2,240,131,53,29,213,131,213
1,Tomás Frías,1,Potosí,1494,Potosí,50,Esc. Kenny Prieto Melgarejo,5006911,3,240,146,46,19,211,146,211
1,Tomás Frías,1,Potosí,1494,Potosí,50,Esc. Kenny Prieto Melgarejo,5006921,4,240,135,48,27,210,135,210
1,Tomás Frías,1,Potosí,1494,Potosí,50,Esc. Kenny Prieto Melgarejo,5006931,5,240,156,48,13,217,156,217
1,Tomás Frías,1,Potosí,1494,Potosí,50,Esc. Kenny Prieto Melgarejo,5006941,6,240,130,51,23,204,130,204
1,Tomás Frías,1,Potosí,1494,Potosí,50,Esc. Kenny Prieto Melgarejo,5006951,7,240,125,61,25,211,125,211
1,Tomás Frías,1,Potosí,1494,Potosí,50,Esc. Kenny Prieto Melgarejo,5006961,8,240,165,39,13,217,165,217
1,Tomás Frías,1,Potosí,1494,Potosí,50,Esc. Kenny Prieto Melgarejo,5006971,9,240,144,46,19,209,144,209
1,Tomás Frías,1,Potosí,1494,Potosí,50,Esc. Kenny Prieto Melgarejo,5006981,10,240,147,53,20,220,147,220
1,Tomás Frías,1,Potosí,1494,Potosí,50,Esc. Kenny Prieto Melgarejo,5006991,11,240,139,59,12,210,139,210
1,Tomás Frías,1,Potosí,1494,Potosí,50,Esc. Kenny Prieto Melgarejo,5007001,12,240,139,64,7,210,139,210
1,Tomás Frías,1,Potosí,1494,Potosí,50,Esc. Kenny Prieto Melgarejo,5007011,13,240,144,47,15,206,144,206
1,Tomás Frías,1,Potosí,1494,Potosí,50,Esc. Kenny Prieto Melgarejo,5007021,14,240,139,62,16,217,139,217
1,Tomás Frías,1,Potosí,1494,Potosí,50,Esc. Kenny Prieto Melgarejo,5007031,15,240,150,59,11,220,150,220
1,Tomás Frías,1,Potosí,1494,Potosí,50,Esc. Kenny Prieto Melgarejo,5007041,16,240,140,51,17,208,140,208
1,Tomás Frías,1,Potosí,1494,Potosí,50,Esc. Kenny Prieto Melgarejo,5007051,17,240,151,38,31,220,151,220
1,Tomás Frías,1,Potosí,1494,Potosí,50,Esc. Kenny Prieto Melgarejo,5007061,18,240,160,40,17,217,160,217
1,Tomás Frías,1,Potosí,1494,Potosí,50,Esc. Kenny Prieto Melgarejo,5007071,19,240,153,42,17,212,153,212
1,Tomás Frías,1,Potosí,1494,Potosí,50,Esc. Kenny Prieto Melgarejo,5007081,20,240,150,43,20,213,150,213
1,Tomás Frías,1,Potosí,1494,Potosí,50,Esc. Kenny Prieto Melgarejo,5007091,21,240,167,29,15,211,167,211
1,Tomás Frías,1,Potosí,1494,Potosí,50,Esc. Kenny Prieto Melgarejo,5007101,22,240,143,53,16,212,143,212
1,Tomás Frías,1,Potosí,1494,Potosí,50,Esc. Kenny Prieto Melgarejo,5007111,23,115,80,16,8,104,80,104
1,Tomás Frías,1,Potosí,1494,Potosí,483,Mariscal Santa Cruz,5005001,1,240,138,60,8,206,138,206
1,Tomás Frías,1,Potosí,1494,Potosí,483,Mariscal Santa Cruz,5005011,2,240,142,51,21,214,142,214
1,Tomás Frías,1,Potosí,1494,Potosí,483,Mariscal Santa Cruz,5005021,3,240,163,41,15,219,163,219
1,Tomás Frías,1,Potosí,1494,Potosí,483,Mariscal Santa Cruz,5005031,4,240,144,60,15,219,144,219
1,Tomás Frías,1,Potosí,1494,Potosí,483,Mariscal Santa Cruz,5005041,5,240,162,42,12,216,162,216
1,Tomás Frías,1,Potosí,1494,Potosí,483,Mariscal Santa Cruz,5005051,6,240,143,54,14,211,143,211
1,Tomás Frías,1,Potosí,1494,Potosí,483,Mariscal Santa Cruz,5005061,7,240,150,48,23,221,150,221
1,Tomás Frías,1,Potosí,1494,Potosí,483,Mariscal Santa Cruz,5005071,8,240,153,41,8,202,153,202
1,Tomás Frías,1,Potosí,1494,Potosí,483,Mariscal Santa Cruz,5005081,9,240,144,36,19,199,144,199
1,Tomás Frías,1,Potosí,1494,Potosí,483,Mariscal Santa Cruz,5005091,10,240,143,41,16,200,143,200
1,Tomás Frías,1,Potosí,1494,Potosí,483,Mariscal Santa Cruz,5005101,11,240,149,40,22,211,149,211
1,Tomás Frías,1,Potosí,1494,Potosí,484,U. E. Juan Pablo II,5006221,1,240,133,70,19,222,133,222
1,Tomás Frías,1,Potosí,1494,Potosí,484,U. E. Juan Pablo II,5006231,2,240,142,49,16,207,142,207
1,Tomás Frías,1,Potosí,1494,Potosí,484,U. E. Juan Pablo II,5006241,3,240,164,41,17,222,164,222
1,Tomás Frías,1,Potosí,1494,Potosí,484,U. E. Juan Pablo II,5006251,4,240,147,67,9,223,147,223
1,Tomás Frías,1,Potosí,1494,Potosí,484,U. E. Juan Pablo II,5006261,5,240,138,54,18,210,138,210
1,Tomás Frías,1,Potosí,1494,Potosí,484,U. E. Juan Pablo II,5006271,6,240,151,54,7,212,151,212
1,Tomás Frías,1,Potosí,1494,Potosí,484,U. E. Juan Pablo II,5006281,7,240,149,39,29,217,149,217
1,Tomás Frías,1,Potosí,1494,Potosí,484,U. E. Juan Pablo II,5006291,8,240,149,47,16,212,149,212
1,Tomás Frías,1,Potosí,1494,Potosí,484,U. E. Juan Pablo II,5006301,9,240,123,67,11,201,123,201
1,Tomás Frías,1,Potosí,1494,Potosí,484,U. E. Juan Pablo II,5006311,10,240,153,64,7,224,153,224
1,Tomás Frías,1,Potosí,1494,Potosí,484,U. E. Juan Pablo II,5006321,11,240,149,60,10,219,149,219
1,Tomás Frías,1,Potosí,1494,Potosí,484,U. E. Juan Pablo II,5006331,12,240,151,59,16,226,151,226
1,Tomás Frías,1,Potosí,1494,Potosí,484,U. E. Juan Pablo II,5006341,13,240,146,49,20,215,146,215
1,Tomás Frías,1,Potosí,1494,Potosí,484,U. E. Juan Pablo II,5006351,14,240,142,55,11,208,142,208
1,Tomás Frías,1,Potosí,1494,Potosí,484,U. E. Juan Pablo II,5006361,15,240,147,45,14,206,147,206
1,Tomás Frías,1,Potosí,1494,Potosí,484,U. E. Juan Pablo II,5006371,16,240,134,46,30,210,134,210
1,Tomás Frías,1,Potosí,1494,Potosí,484,U. E. Juan Pablo II,5006381,17,240,140,54,12,206,140,206
1,Tomás Frías,1,Potosí,1494,Potosí,484,U. E. Juan Pablo II,5006391,18,240,155,43,15,213,155,213
1,Tomás Frías,1,Potosí,1494,Potosí,484,U. E. Juan Pablo II,5006401,19,240,137,60,23,220,137,220
1,Tomás Frías,1,Potosí,1494,Potosí,484,U. E. Juan Pablo II,5006411,20,240,144,56,20,220,144,220
1,Tomás Frías,1,Potosí,1494,Potosí,484,U. E. Juan Pablo II,5006421,21,240,139,44,18,201,139,201
1,Tomás Frías,1,Potosí,1494,Potosí,484,U. E. Juan Pablo II,5006431,22,243,127,59,21,207,127,207
1,Tomás Frías,1,Potosí,1494,Potosí,571,Col. Divino Maestro,5005611,1,240,154,38,24,216,154,216
1,Tomás Frías,1,Potosí,1494,Potosí,571,Col. Divino Maestro,5005621,2,240,153,40,25,218,153,218
1,Tomás Frías,1,Potosí,1494,Potosí,571,Col. Divino Maestro,5005631,3,240,167,42,11,220,167,220
1,Tomás Frías,1,Potosí,1494,Potosí,571,Col. Divino Maestro,5005641,4,240,140,69,14,223,140,223
1,Tomás Frías,1,Potosí,1494,Potosí,571,Col. Divino Maestro,5005651,5,240,163,46,8,217,163,217
1,Tomás Frías,1,Potosí,1494,Potosí,571,Col. Divino Maestro,5005661,6,240,165,41,18,224,165,224
1,Tomás Frías,1,Potosí,1494,Potosí,571,Col. Divino Maestro,5005671,7,240,155,48,12,215,155,215
1,Tomás Frías,1,Potosí,1494,Potosí,571,Col. Divino Maestro,5005681,8,240,170,36,15,221,170,221
1,Tomás Frías,1,Potosí,1494,Potosí,571,Col. Divino Maestro,5005691,9,254,180,38,10,228,180,228
1,Tomás Frías,1,Potosí,1494,Potosí,572,Esc. Salvador Revilla,5002871,1,240,167,36,18,221,167,221
1,Tomás Frías,1,Potosí,1494,Potosí,572,Esc. Salvador Revilla,5002881,2,240,179,31,13,223,179,223
1,Tomás Frías,1,Potosí,1494,Potosí,572,Esc. Salvador Revilla,5002891,3,240,141,54,20,215,141,215
1,Tomás Frías,1,Potosí,1494,Potosí,572,Esc. Salvador Revilla,5002901,4,240,161,45,19,225,161,225
1,Tomás Frías,1,Potosí,1494,Potosí,572,Esc. Salvador Revilla,5002911,5,111,76,10,10,96,76,96
1,Tomás Frías,1,Potosí,1494,Potosí,573,U.E. Antonio José De Sucre,5001691,1,240,125,69,22,216,125,216
1,Tomás Frías,1,Potosí,1494,Potosí,573,U.E. Antonio José De Sucre,5001701,2,240,140,60,18,218,140,218
1,Tomás Frías,1,Potosí,1494,Potosí,573,U.E. Antonio José De Sucre,5001711,3,240,126,75,15,216,126,216
1,Tomás Frías,1,Potosí,1494,Potosí,573,U.E. Antonio José De Sucre,5001721,4,240,133,64,26,223,133,223
1,Tomás Frías,1,Potosí,1494,Potosí,573,U.E. Antonio José De Sucre,5001731,5,240,142,59,20,221,142,221
1,Tomás Frías,1,Potosí,1494,Potosí,573,U.E. Antonio José De Sucre,5001741,6,240,137,74,11,222,137,222
1,Tomás Frías,1,Potosí,1494,Potosí,573,U.E. Antonio José De Sucre,5001751,7,240,129,78,11,218,129,218
1,Tomás Frías,1,Potosí,1494,Potosí,573,U.E. Antonio José De Sucre,5001761,8,240,81,126,16,223,81,223
1,Tomás Frías,1,Potosí,1494,Potosí,573,U.E. Antonio José De Sucre,5001771,9,240,121,72,25,218,121,218
1,Tomás Frías,1,Potosí,1494,Potosí,573,U.E. Antonio José De Sucre,5001781,10,240,133,75,11,219,133,219
1,Tomás Frías,1,Potosí,1494,Potosí,573,U.E. Antonio José De Sucre,5001791,11,84,43,28,6,77,43,77
1,Tomás Frías,1,Potosí,1494,Potosí,588,U. E. Villa Colón,5000941,1,240,135,53,29,217,135,217
1,Tomás Frías,1,Potosí,1494,Potosí,588,U. E. Villa Colón,5000951,2,240,134,59,18,211,134,211
1,Tomás Frías,1,Potosí,1494,Potosí,588,U. E. Villa Colón,5000961,3,240,136,64,17,217,136,217
1,Tomás Frías,1,Potosí,1494,Potosí,588,U. E. Villa Colón,5000971,4,240,118,76,20,214,118,214
1,Tomás Frías,1,Potosí,1494,Potosí,588,U. E. Villa Colón,5000981,5,240,137,66,18,221,137,221
1,Tomás Frías,1,Potosí,1494,Potosí,588,U. E. Villa Colón,5000991,6,240,126,84,15,225,126,225
1,Tomás Frías,1,Potosí,1494,Potosí,588,U. E. Villa Colón,5001001,7,240,135,54,19,208,135,208
1,Tomás Frías,1,Potosí,1494,Potosí,588,U. E. Villa Colón,5001011,8,240,144,51,17,212,144,212
1,Tomás Frías,1,Potosí,1494,Potosí,588,U. E. Villa Colón,5001021,9,240,128,67,17,212,128,212
1,Tomás Frías,1,Potosí,1494,Potosí,588,U. E. Villa Colón,5001031,10,240,129,53,36,218,129,218
1,Tomás Frías,1,Potosí,1494,Potosí,588,U. E. Villa Colón,5001041,11,240,159,39,15,213,159,213
1,Tomás Frías,1,Potosí,1494,Potosí,588,U. E. Villa Colón,5001051,12,240,135,54,11,200,135,200
1,Tomás Frías,1,Potosí,1494,Potosí,588,U. E. Villa Colón,5001061,13,240,135,64,15,214,135,214
1,Tomás Frías,1,Potosí,1494,Potosí,588,U. E. Villa Colón,5001071,14,240,130,54,27,211,130,211
1,Tomás Frías,1,Potosí,1494,Potosí,588,U. E. Villa Colón,5001081,15,240,130,61,16,207,130,207
1,Tomás Frías,1,Potosí,1494,Potosí,588,U. E. Villa Colón,5001091,16,76,35,16,15,66,35,66
1,Tomás Frías,1,Potosí,1494,Potosí,589,Instituto San Juan,5004531,1,240,146,58,18,222,146,222
1,Tomás Frías,1,Potosí,1494,Potosí,589,Instituto San Juan,5004541,2,240,164,42,14,220,164,220
1,Tomás Frías,1,Potosí,1494,Potosí,589,Instituto San Juan,5004551,3,240,164,42,16,222,164,222
1,Tomás Frías,1,Potosí,1494,Potosí,589,Instituto San Juan,5004561,4,224,144,46,16,206,144,206
1,Tomás Frías,1,Potosí,1494,Potosí,25027,Escuela José Alonso De Ibáñez,5002921,1,240,166,42,16,224,166,224
1,Tomás Frías,1,Potosí,1494,Potosí,25027,Escuela José Alonso De Ibáñez,5002931,2,240,160,54,14,228,160,228
1,Tomás Frías,1,Potosí,1494,Potosí,25027,Escuela José Alonso De Ibáñez,5002941,3,240,148,46,27,221,148,221
1,Tomás Frías,1,Potosí,1494,Potosí,25027,Escuela José Alonso De Ibáñez,5002951,4,240,158,42,19,219,158,219
1,Tomás Frías,1,Potosí,1494,Potosí,25027,Escuela José Alonso De Ibáñez,5002961,5,227,163,35,13,211,163,211
1,Tomás Frías,1,Potosí,1494,Potosí,25028,Instituto I.T.E.C. Fe y Alegría,5005491,1,240,165,33,14,212,165,212
1,Tomás Frías,1,Potosí,1494,Potosí,25028,Instituto I.T.E.C. Fe y Alegría,5005501,2,240,163,47,7,217,163,217
1,Tomás Frías,1,Potosí,1494,Potosí,25028,Instituto I.T.E.C. Fe y Alegría,5005511,3,240,141,44,22,207,141,207
1,Tomás Frías,1,Potosí,1494,Potosí,25028,Instituto I.T.E.C. Fe y Alegría,5005521,4,27,20,4,3,27,20,27
1,Tomás Frías,1,Potosí,1494,Potosí,25031,Esc. Cobija,5004811,1,240,138,56,19,213,138,213
1,Tomás Frías,1,Potosí,1494,Potosí,25031,Esc. Cobija,5004821,2,240,155,52,17,224,155,224
1,Tomás Frías,1,Potosí,1494,Potosí,25031,Esc. Cobija,5004831,3,240,168,41,13,222,168,222
1,Tomás Frías,1,Potosí,1494,Potosí,25031,Esc. Cobija,5004841,4,240,147,46,25,218,147,218
1,Tomás Frías,1,Potosí,1494,Potosí,25031,Esc. Cobija,5004851,5,240,152,51,16,219,152,219
1,Tomás Frías,1,Potosí,1494,Potosí,25031,Esc. Cobija,5004861,6,240,155,39,24,218,155,218
1,Tomás Frías,1,Potosí,1494,Potosí,25031,Esc. Cobija,5004871,7,240,147,53,18,218,147,218
1,Tomás Frías,1,Potosí,1494,Potosí,25031,Esc. Cobija,5004881,8,240,154,48,19,221,154,221
1,Tomás Frías,1,Potosí,1494,Potosí,25031,Esc. Cobija,5004891,9,240,164,44,15,223,164,223
1,Tomás Frías,1,Potosí,1494,Potosí,25031,Esc. Cobija,5004901,10,240,154,58,14,226,154,226
1,Tomás Frías,1,Potosí,1494,Potosí,25031,Esc. Cobija,5004911,11,240,157,46,9,212,157,212
1,Tomás Frías,1,Potosí,1494,Potosí,25031,Esc. Cobija,5004921,12,240,165,46,9,220,165,220
1,Tomás Frías,1,Potosí,1494,Potosí,25031,Esc. Cobija,5004931,13,240,137,64,17,218,137,218
1,Tomás Frías,1,Potosí,1494,Potosí,25031,Esc. Cobija,5004941,14,240,152,48,17,217,152,217
1,Tomás Frías,1,Potosí,1494,Potosí,25031,Esc. Cobija,5004951,15,90,72,12,3,87,72,87
1,Tomás Frías,1,Potosí,1494,Potosí,25033,Esc. Boliviano Alemán,5005991,1,240,165,38,13,216,165,216
1,Tomás Frías,1,Potosí,1494,Potosí,25033,Esc. Boliviano Alemán,5006001,2,240,158,46,12,216,158,216
1,Tomás Frías,1,Potosí,1494,Potosí,25033,Esc. Boliviano Alemán,5006011,3,240,151,47,17,215,151,215
1,Tomás Frías,1,Potosí,1494,Potosí,25033,Esc. Boliviano Alemán,5006021,4,240,139,61,15,215,139,215
1,Tomás Frías,1,Potosí,1494,Potosí,25033,Esc. Boliviano Alemán,5006031,5,240,151,53,10,214,151,214
1,Tomás Frías,1,Potosí,1494,Potosí,25033,Esc. Boliviano Alemán,5006041,6,240,155,50,15,220,155,220
1,Tomás Frías,1,Potosí,1494,Potosí,25033,Esc. Boliviano Alemán,5006051,7,240,143,61,10,214,143,214
1,Tomás Frías,1,Potosí,1494,Potosí,25033,Esc. Boliviano Alemán,5006061,8,30,17,9,0,26,17,26
1,Tomás Frías,1,Potosí,1494,Potosí,25036,(Cárcel) Penal de Cantumarca,5007351,1,240,100,70,20,190,100,190
1,Tomás Frías,1,Potosí,1494,Potosí,25036,(Cárcel) Penal de Cantumarca,5007361,2,222,86,67,25,178,86,178
1,Tomás Frías,1,Potosí,1494,Potosí,25037,Esc. Jose Maria Linares,5000821,1,240,160,35,12,207,160,207
1,Tomás Frías,1,Potosí,1494,Potosí,25037,Esc. Jose Maria Linares,5000831,2,240,142,43,22,207,142,207
1,Tomás Frías,1,Potosí,1494,Potosí,25037,Esc. Jose Maria Linares,5000841,3,240,148,41,23,212,148,212
1,Tomás Frías,1,Potosí,1494,Potosí,25037,Esc. Jose Maria Linares,5000851,4,240,163,32,22,217,163,217
1,Tomás Frías,1,Potosí,1494,Potosí,25037,Esc. Jose Maria Linares,5000861,5,240,151,51,15,217,151,217
1,Tomás Frías,1,Potosí,1494,Potosí,25037,Esc. Jose Maria Linares,5000871,6,240,165,40,14,219,165,219
1,Tomás Frías,1,Potosí,1494,Potosí,25037,Esc. Jose Maria Linares,5000881,7,240,151,55,20,226,151,226
1,Tomás Frías,1,Potosí,1494,Potosí,25037,Esc. Jose Maria Linares,5000891,8,240,127,81,19,227,127,227
1,Tomás Frías,1,Potosí,1494,Potosí,25037,Esc. Jose Maria Linares,5000901,9,240,159,50,8,217,159,217
1,Tomás Frías,1,Potosí,1494,Potosí,25037,Esc. Jose Maria Linares,5000911,10,240,158,50,13,221,158,221
1,Tomás Frías,1,Potosí,1494,Potosí,25037,Esc. Jose Maria Linares,5000921,11,240,152,48,23,223,152,223
1,Tomás Frías,1,Potosí,1494,Potosí,25037,Esc. Jose Maria Linares,5000931,12,108,73,17,7,97,73,97
1,Tomás Frías,1,Potosí,1494,Potosí,25039,Col. Aniceto Arce,5003851,1,240,159,42,15,216,159,216
1,Tomás Frías,1,Potosí,1494,Potosí,25039,Col. Aniceto Arce,5003861,2,240,150,47,20,217,150,217
1,Tomás Frías,1,Potosí,1494,Potosí,25039,Col. Aniceto Arce,5003871,3,240,150,43,16,209,150,209
1,Tomás Frías,1,Potosí,1494,Potosí,25039,Col. Aniceto Arce,5003881,4,120,78,21,8,107,78,107
1,Tomás Frías,1,Potosí,1494,Potosí,25040,Unidad Educativa Mejillones,5000271,1,240,127,73,20,220,127,220
1,Tomás Frías,1,Potosí,1494,Potosí,25040,Unidad Educativa Mejillones,5000281,2,240,145,58,12,215,145,215
1,Tomás Frías,1,Potosí,1494,Potosí,25040,Unidad Educativa Mejillones,5000291,3,240,142,54,19,215,142,215
1,Tomás Frías,1,Potosí,1494,Potosí,25040,Unidad Educativa Mejillones,5000301,4,240,131,62,17,210,131,210
1,Tomás Frías,1,Potosí,1494,Potosí,25040,Unidad Educativa Mejillones,5000311,5,240,118,77,21,216,118,216
1,Tomás Frías,1,Potosí,1494,Potosí,25040,Unidad Educativa Mejillones,5000321,6,240,134,54,15,203,134,203
1,Tomás Frías,1,Potosí,1494,Potosí,25040,Unidad Educativa Mejillones,5000331,7,240,139,59,21,219,139,219
1,Tomás Frías,1,Potosí,1494,Potosí,25040,Unidad Educativa Mejillones,5000341,8,240,149,57,8,214,149,214
1,Tomás Frías,1,Potosí,1494,Potosí,25040,Unidad Educativa Mejillones,5000351,9,240,138,61,18,217,138,217
1,Tomás Frías,1,Potosí,1494,Potosí,25040,Unidad Educativa Mejillones,5000361,10,240,144,55,14,213,144,213
1,Tomás Frías,1,Potosí,1494,Potosí,25040,Unidad Educativa Mejillones,5000371,11,240,148,52,22,222,148,222
1,Tomás Frías,1,Potosí,1494,Potosí,25040,Unidad Educativa Mejillones,5000381,12,240,140,61,10,211,140,211
1,Tomás Frías,1,Potosí,1494,Potosí,25040,Unidad Educativa Mejillones,5000391,13,240,143,64,12,219,143,219
1,Tomás Frías,1,Potosí,1494,Potosí,25040,Unidad Educativa Mejillones,5000401,14,240,133,70,21,224,133,224
1,Tomás Frías,1,Potosí,1494,Potosí,25040,Unidad Educativa Mejillones,5000411,15,240,127,69,14,210,127,210
1,Tomás Frías,1,Potosí,1494,Potosí,25040,Unidad Educativa Mejillones,5000421,16,240,144,64,12,220,144,220
1,Tomás Frías,1,Potosí,1494,Potosí,25040,Unidad Educativa Mejillones,5000431,17,240,142,50,10,202,142,202
1,Tomás Frías,1,Potosí,1494,Potosí,25040,Unidad Educativa Mejillones,5000441,18,240,142,54,9,205,142,205
1,Tomás Frías,1,Potosí,1494,Potosí,25040,Unidad Educativa Mejillones,5000451,19,62,24,14,3,41,24,41
1,Tomás Frías,1,Potosí,1494,Potosí,25041,Esc. 12 de Abril,5004141,1,240,164,41,13,218,164,218
1,Tomás Frías,1,Potosí,1494,Potosí,25041,Esc. 12 de Abril,5004151,2,240,153,60,7,220,153,220
1,Tomás Frías,1,Potosí,1494,Potosí,25041,Esc. 12 de Abril,5004161,3,240,144,54,25,223,144,223
1,Tomás Frías,1,Potosí,1494,Potosí,25041,Esc. 12 de Abril,5004171,4,240,133,65,17,215,133,215
1,Tomás Frías,1,Potosí,1494,Potosí,25041,Esc. 12 de Abril,5004181,5,240,146,60,20,226,146,226
1,Tomás Frías,1,Potosí,1494,Potosí,25041,Esc. 12 de Abril,5004191,6,240,134,57,23,214,134,214
1,Tomás Frías,1,Potosí,1494,Potosí,25041,Esc. 12 de Abril,5004201,7,224,136,55,13,204,136,204
1,Tomás Frías,1,Potosí,1494,Potosí,25042,Esc. Jesus de Nazaret,5006481,1,240,170,29,18,217,170,217
1,Tomás Frías,1,Potosí,1494,Potosí,25042,Esc. Jesus de Nazaret,5006491,2,240,147,44,12,203,147,203
1,Tomás Frías,1,Potosí,1494,Potosí,25042,Esc. Jesus de Nazaret,5006501,3,240,140,57,15,212,140,212
1,Tomás Frías,1,Potosí,1494,Potosí,25042,Esc. Jesus de Nazaret,5006511,4,240,154,49,7,210,154,210
1,Tomás Frías,1,Potosí,1494,Potosí,25042,Esc. Jesus de Nazaret,5006521,5,240,136,61,17,214,136,214
1,Tomás Frías,1,Potosí,1494,Potosí,25042,Esc. Jesus de Nazaret,5006531,6,240,149,55,10,214,149,214
1,Tomás Frías,1,Potosí,1494,Potosí,25042,Esc. Jesus de Nazaret,5006541,7,240,142,57,16,215,142,215
1,Tomás Frías,1,Potosí,1494,Potosí,25042,Esc. Jesus de Nazaret,5006551,8,240,141,60,10,211,141,211
1,Tomás Frías,1,Potosí,1494,Potosí,25042,Esc. Jesus de Nazaret,5006561,9,240,132,69,15,216,132,216
1,Tomás Frías,1,Potosí,1494,Potosí,25042,Esc. Jesus de Nazaret,5006571,10,240,152,52,17,221,152,221
1,Tomás Frías,1,Potosí,1494,Potosí,25042,Esc. Jesus de Nazaret,5006581,11,240,134,72,12,218,134,218
1,Tomás Frías,1,Potosí,1494,Potosí,25042,Esc. Jesus de Nazaret,5006591,12,240,161,51,10,222,161,222
1,Tomás Frías,1,Potosí,1494,Potosí,25042,Esc. Jesus de Nazaret,5006601,13,240,141,46,19,206,141,206
1,Tomás Frías,1,Potosí,1494,Potosí,25042,Esc. Jesus de Nazaret,5006611,14,240,130,70,8,208,130,208
1,Tomás Frías,1,Potosí,1494,Potosí,25042,Esc. Jesus de Nazaret,5006621,15,240,152,54,13,219,152,219
1,Tomás Frías,1,Potosí,1494,Potosí,25042,Esc. Jesus de Nazaret,5006631,16,240,152,50,13,215,152,215
1,Tomás Frías,1,Potosí,1494,Potosí,25042,Esc. Jesus de Nazaret,5006641,17,240,129,58,17,204,129,204
1,Tomás Frías,1,Potosí,1494,Potosí,25042,Esc. Jesus de Nazaret,5006651,18,75,48,17,5,70,48,70
1,Tomás Frías,1,Potosí,1494,Potosí,25044,U.E. Humberto Iporre Salinas,5006701,1,240,110,73,26,209,110,209
1,Tomás Frías,1,Potosí,1494,Potosí,25044,U.E. Humberto Iporre Salinas,5006711,2,240,117,82,20,219,117,219
1,Tomás Frías,1,Potosí,1494,Potosí,25044,U.E. Humberto Iporre Salinas,5006721,3,240,137,61,26,224,137,224
1,Tomás Frías,1,Potosí,1494,Potosí,25044,U.E. Humberto Iporre Salinas,5006731,4,240,121,80,13,214,121,214
1,Tomás Frías,1,Potosí,1494,Potosí,25044,U.E. Humberto Iporre Salinas,5006741,5,240,123,79,13,215,123,215
1,Tomás Frías,1,Potosí,1494,Potosí,25044,U.E. Humberto Iporre Salinas,5006751,6,240,136,67,15,218,136,218
1,Tomás Frías,1,Potosí,1494,Potosí,25044,U.E. Humberto Iporre Salinas,5006761,7,240,140,56,22,218,140,218
1,Tomás Frías,1,Potosí,1494,Potosí,25044,U.E. Humberto Iporre Salinas,5006771,8,240,123,80,18,221,123,221
1,Tomás Frías,1,Potosí,1494,Potosí,25044,U.E. Humberto Iporre Salinas,5006781,9,240,120,66,27,213,120,213
1,Tomás Frías,1,Potosí,1494,Potosí,25044,U.E. Humberto Iporre Salinas,5006791,10,240,132,65,17,214,132,214
1,Tomás Frías,1,Potosí,1494,Potosí,25044,U.E. Humberto Iporre Salinas,5006801,11,240,140,60,18,218,140,218
1,Tomás Frías,1,Potosí,1494,Potosí,25044,U.E. Humberto Iporre Salinas,5006811,12,240,123,63,29,215,123,215
1,Tomás Frías,1,Potosí,1494,Potosí,25044,U.E. Humberto Iporre Salinas,5006821,13,240,131,65,16,212,131,212
1,Tomás Frías,1,Potosí,1494,Potosí,25044,U.E. Humberto Iporre Salinas,5006831,14,240,147,56,16,219,147,219
1,Tomás Frías,1,Potosí,1494,Potosí,25044,U.E. Humberto Iporre Salinas,5006841,15,240,135,65,12,212,135,212
1,Tomás Frías,1,Potosí,1494,Potosí,25044,U.E. Humberto Iporre Salinas,5006851,16,240,138,62,20,220,138,220
1,Tomás Frías,1,Potosí,1494,Potosí,25044,U.E. Humberto Iporre Salinas,5006861,17,139,70,48,9,127,70,127
1,Tomás Frías,1,Potosí,1494,Potosí,25046,Unidad Educativa Santa Rosa,5003421,1,240,166,38,16,220,166,220
1,Tomás Frías,1,Potosí,1494,Potosí,25046,Unidad Educativa Santa Rosa,5003431,2,240,155,42,14,211,155,211
1,Tomás Frías,1,Potosí,1494,Potosí,25046,Unidad Educativa Santa Rosa,5003441,3,240,151,43,25,219,151,219
1,Tomás Frías,1,Potosí,1494,Potosí,25046,Unidad Educativa Santa Rosa,5003451,4,240,157,37,26,220,157,220
1,Tomás Frías,1,Potosí,1494,Potosí,25046,Unidad Educativa Santa Rosa,5003461,5,240,160,43,15,218,160,218
1,Tomás Frías,1,Potosí,1494,Potosí,25046,Unidad Educativa Santa Rosa,5003471,6,240,153,45,20,218,153,218
1,Tomás Frías,1,Potosí,1494,Potosí,25046,Unidad Educativa Santa Rosa,5003481,7,240,142,39,32,213,142,213
1,Tomás Frías,1,Potosí,1494,Potosí,25046,Unidad Educativa Santa Rosa,5003491,8,24,9,7,3,19,9,19
1,Tomás Frías,1,Potosí,1494,Potosí,25047,U.E. Dr. Gonzalo Calderon Rios,5000531,1,240,134,56,22,212,134,212
1,Tomás Frías,1,Potosí,1494,Potosí,25047,U.E. Dr. Gonzalo Calderon Rios,5000541,2,240,123,74,13,210,123,210
1,Tomás Frías,1,Potosí,1494,Potosí,25047,U.E. Dr. Gonzalo Calderon Rios,5000551,3,240,131,65,10,206,131,206
1,Tomás Frías,1,Potosí,1494,Potosí,25047,U.E. Dr. Gonzalo Calderon Rios,5000561,4,240,141,58,24,223,141,223
1,Tomás Frías,1,Potosí,1494,Potosí,25047,U.E. Dr. Gonzalo Calderon Rios,5000571,5,240,120,81,15,216,120,216
1,Tomás Frías,1,Potosí,1494,Potosí,25047,U.E. Dr. Gonzalo Calderon Rios,5000581,6,240,133,61,18,212,133,212
1,Tomás Frías,1,Potosí,1494,Potosí,25047,U.E. Dr. Gonzalo Calderon Rios,5000591,7,240,125,71,20,216,125,216
1,Tomás Frías,1,Potosí,1494,Potosí,25047,U.E. Dr. Gonzalo Calderon Rios,5000601,8,240,131,70,17,218,131,218
1,Tomás Frías,1,Potosí,1494,Potosí,25047,U.E. Dr. Gonzalo Calderon Rios,5000611,9,240,131,66,17,214,131,214
1,Tomás Frías,1,Potosí,1494,Potosí,25047,U.E. Dr. Gonzalo Calderon Rios,5000621,10,240,123,67,20,210,123,210
1,Tomás Frías,1,Potosí,1494,Potosí,25047,U.E. Dr. Gonzalo Calderon Rios,5000631,11,235,122,67,19,208,122,208
1,Tomás Frías,1,Potosí,1494,Potosí,25048,U.E. Don Bosco B,5004311,1,240,164,40,11,215,164,215
1,Tomás Frías,1,Potosí,1494,Potosí,25048,U.E. Don Bosco B,5004321,2,240,160,46,9,215,160,215
1,Tomás Frías,1,Potosí,1494,Potosí,25048,U.E. Don Bosco B,5004331,3,240,146,48,11,205,146,205
1,Tomás Frías,1,Potosí,1494,Potosí,25048,U.E. Don Bosco B,5004341,4,240,161,49,7,217,161,217
1,Tomás Frías,1,Potosí,1494,Potosí,25048,U.E. Don Bosco B,5004351,5,240,163,44,8,215,163,215
1,Tomás Frías,1,Potosí,1494,Potosí,25048,U.E. Don Bosco B,5004361,6,240,151,49,9,209,151,209
1,Tomás Frías,1,Potosí,1494,Potosí,25048,U.E. Don Bosco B,5004371,7,240,161,36,12,209,161,209
1,Tomás Frías,1,Potosí,1494,Potosí,25048,U.E. Don Bosco B,5004381,8,240,143,61,16,220,143,220
1,Tomás Frías,1,Potosí,1494,Potosí,25048,U.E. Don Bosco B,5004391,9,240,137,55,22,214,137,214
1,Tomás Frías,1,Potosí,1494,Potosí,25048,U.E. Don Bosco B,5004401,10,245,163,38,23,224,163,224
1,Tomás Frías,1,Potosí,1494,Potosí,25050,U.E. Cecilio Guzman Rojas,5005111,1,240,160,39,16,215,160,215
1,Tomás Frías,1,Potosí,1494,Potosí,25050,U.E. Cecilio Guzman Rojas,5005121,2,240,153,40,13,206,153,206
1,Tomás Frías,1,Potosí,1494,Potosí,25050,U.E. Cecilio Guzman Rojas,5005131,3,240,154,47,13,214,154,214
1,Tomás Frías,1,Potosí,1494,Potosí,25050,U.E. Cecilio Guzman Rojas,5005141,4,240,157,35,14,206,157,206
1,Tomás Frías,1,Potosí,1494,Potosí,25050,U.E. Cecilio Guzman Rojas,5005151,5,240,150,44,10,204,150,204
1,Tomás Frías,1,Potosí,1494,Potosí,25050,U.E. Cecilio Guzman Rojas,5005161,6,240,146,48,17,211,146,211
1,Tomás Frías,1,Potosí,1494,Potosí,25050,U.E. Cecilio Guzman Rojas,5005171,7,144,87,31,11,129,87,129
1,Tomás Frías,1,Potosí,1494,Potosí,25052,U.E. 1ro. de Mayo San Idelfonso,5000811,1,144,80,37,9,126,80,126
1,Tomás Frías,1,Potosí,1494,Potosí,25504,U.E. Elizardo Perez,5005531,1,240,148,41,25,214,148,214
1,Tomás Frías,1,Potosí,1494,Potosí,25504,U.E. Elizardo Perez,5005541,2,240,156,47,9,212,156,212
1,Tomás Frías,1,Potosí,1494,Potosí,25504,U.E. Elizardo Perez,5005551,3,240,142,48,17,207,142,207
1,Tomás Frías,1,Potosí,1494,Potosí,25504,U.E. Elizardo Perez,5005561,4,240,151,48,17,216,151,216
1,Tomás Frías,1,Potosí,1494,Potosí,25504,U.E. Elizardo Perez,5005571,5,240,151,42,13,206,151,206
1,Tomás Frías,1,Potosí,1494,Potosí,25504,U.E. Elizardo Perez,5005581,6,240,155,49,13,217,155,217
1,Tomás Frías,1,Potosí,1494,Potosí,25504,U.E. Elizardo Perez,5005591,7,240,170,35,19,224,170,224
1,Tomás Frías,1,Potosí,1494,Potosí,25504,U.E. Elizardo Perez,5005601,8,20,14,3,3,20,14,20
1,Tomás Frías,1,Potosí,1494,Potosí,25505,U.E. Jesus Valle,5006871,1,240,140,49,15,204,140,204
1,Tomás Frías,1,Potosí,1494,Potosí,25505,U.E. Jesus Valle,5006881,2,105,51,29,6,86,51,86
1,Tomás Frías,1,Potosí,1494,Potosí,25638,U.E. María Gutiérrez,5002061,1,240,142,46,15,203,142,203
1,Tomás Frías,1,Potosí,1494,Potosí,25638,U.E. María Gutiérrez,5002071,2,240,132,51,15,198,132,198
1,Tomás Frías,1,Potosí,1494,Potosí,25638,U.E. María Gutiérrez,5002081,3,240,119,64,22,205,119,205
1,Tomás Frías,1,Potosí,1494,Potosí,25638,U.E. María Gutiérrez,5002091,4,240,119,51,22,192,119,192
1,Tomás Frías,1,Potosí,1494,Potosí,25638,U.E. María Gutiérrez,5002101,5,240,137,53,18,208,137,208
1,Tomás Frías,1,Potosí,1494,Potosí,25638,U.E. María Gutiérrez,5002111,6,240,140,53,22,215,140,215
1,Tomás Frías,1,Potosí,1494,Potosí,25638,U.E. María Gutiérrez,5002121,7,240,131,49,14,194,131,194
1,Tomás Frías,1,Potosí,1494,Potosí,25638,U.E. María Gutiérrez,5002131,8,240,137,57,11,205,137,205
1,Tomás Frías,1,Potosí,1494,Potosí,25638,U.E. María Gutiérrez,5002141,9,240,142,49,11,202,142,202
1,Tomás Frías,1,Potosí,1494,Potosí,25638,U.E. María Gutiérrez,5002151,10,240,144,54,10,208,144,208
1,Tomás Frías,1,Potosí,1494,Potosí,25638,U.E. María Gutiérrez,5002161,11,240,144,46,20,210,144,210
1,Tomás Frías,1,Potosí,1494,Potosí,25638,U.E. María Gutiérrez,5002171,12,240,167,36,10,213,167,213
1,Tomás Frías,1,Potosí,1494,Potosí,25638,U.E. María Gutiérrez,5002181,13,240,144,51,20,215,144,215
1,Tomás Frías,1,Potosí,1494,Potosí,25638,U.E. María Gutiérrez,5002191,14,157,86,33,12,131,86,131
1,Tomás Frías,1,Potosí,1494,Potosí,31101,U.E. San Roque (Inicial),5002671,1,240,140,61,14,215,140,215
1,Tomás Frías,1,Potosí,1494,Potosí,31101,U.E. San Roque (Inicial),5002681,2,240,136,57,17,210,136,210
1,Tomás Frías,1,Potosí,1494,Potosí,31101,U.E. San Roque (Inicial),5002691,3,240,137,52,24,213,137,213
1,Tomás Frías,1,Potosí,1494,Potosí,31101,U.E. San Roque (Inicial),5002701,4,21,17,1,0,18,17,18
1,Tomás Frías,1,Potosí,1494,Potosí,31102,U. E. Tomás Frías,5002971,1,240,157,38,14,209,157,209
1,Tomás Frías,1,Potosí,1494,Potosí,31102,U. E. Tomás Frías,5002981,2,240,156,55,9,220,156,220
1,Tomás Frías,1,Potosí,1494,Potosí,31102,U. E. Tomás Frías,5002991,3,240,157,42,18,217,157,217
1,Tomás Frías,1,Potosí,1494,Potosí,31102,U. E. Tomás Frías,5003001,4,240,140,54,20,214,140,214
1,Tomás Frías,1,Potosí,1494,Potosí,31102,U. E. Tomás Frías,5003011,5,240,146,53,15,214,146,214
1,Tomás Frías,1,Potosí,1494,Potosí,31102,U. E. Tomás Frías,5003021,6,159,96,36,12,144,96,144
1,Tomás Frías,1,Potosí,1494,Potosí,31103,U. E. Elizardo Pérez de Villa Victoria,5000641,1,240,118,78,18,214,118,214
1,Tomás Frías,1,Potosí,1494,Potosí,31103,U. E. Elizardo Pérez de Villa Victoria,5000651,2,240,119,76,16,211,119,211
1,Tomás Frías,1,Potosí,1494,Potosí,31103,U. E. Elizardo Pérez de Villa Victoria,5000661,3,240,132,59,22,213,132,213
1,Tomás Frías,1,Potosí,1494,Potosí,31103,U. E. Elizardo Pérez de Villa Victoria,5000671,4,240,109,87,13,209,109,209
1,Tomás Frías,1,Potosí,1494,Potosí,31103,U. E. Elizardo Pérez de Villa Victoria,5000681,5,240,130,69,13,212,130,212
1,Tomás Frías,1,Potosí,1494,Potosí,31103,U. E. Elizardo Pérez de Villa Victoria,5000691,6,240,144,70,10,224,144,224
1,Tomás Frías,1,Potosí,1494,Potosí,31103,U. E. Elizardo Pérez de Villa Victoria,5000701,7,240,119,79,24,222,119,222
1,Tomás Frías,1,Potosí,1494,Potosí,31103,U. E. Elizardo Pérez de Villa Victoria,5000711,8,240,119,75,25,219,119,219
1,Tomás Frías,1,Potosí,1494,Potosí,31103,U. E. Elizardo Pérez de Villa Victoria,5000721,9,240,136,70,12,218,136,218
1,Tomás Frías,1,Potosí,1494,Potosí,31103,U. E. Elizardo Pérez de Villa Victoria,5000731,10,240,113,94,12,219,113,219
1,Tomás Frías,1,Potosí,1494,Potosí,31103,U. E. Elizardo Pérez de Villa Victoria,5000741,11,240,134,65,10,209,134,209
1,Tomás Frías,1,Potosí,1494,Potosí,31103,U. E. Elizardo Pérez de Villa Victoria,5000751,12,240,140,64,16,220,140,220
1,Tomás Frías,1,Potosí,1494,Potosí,31103,U. E. Elizardo Pérez de Villa Victoria,5000761,13,240,126,83,15,224,126,224
1,Tomás Frías,1,Potosí,1494,Potosí,31103,U. E. Elizardo Pérez de Villa Victoria,5000771,14,240,124,71,14,209,124,209
1,Tomás Frías,1,Potosí,1494,Potosí,31103,U. E. Elizardo Pérez de Villa Victoria,5000781,15,240,129,70,14,213,129,213
1,Tomás Frías,1,Potosí,1494,Potosí,31103,U. E. Elizardo Pérez de Villa Victoria,5000791,16,240,120,69,29,218,120,218
1,Tomás Frías,1,Potosí,1494,Potosí,31103,U. E. Elizardo Pérez de Villa Victoria,5000801,17,171,86,56,12,154,86,154
1,Tomás Frías,1,Potosí,1494,Potosí,31104,U. E. Ismael Montes  B,5000461,1,240,139,62,12,213,139,213
1,Tomás Frías,1,Potosí,1494,Potosí,31104,U. E. Ismael Montes  B,5000471,2,240,147,55,16,218,147,218
1,Tomás Frías,1,Potosí,1494,Potosí,31104,U. E. Ismael Montes  B,5000481,3,240,137,70,14,221,137,221
1,Tomás Frías,1,Potosí,1494,Potosí,31104,U. E. Ismael Montes  B,5000491,4,240,136,71,19,226,136,226
1,Tomás Frías,1,Potosí,1494,Potosí,31104,U. E. Ismael Montes  B,5000501,5,240,114,59,41,214,114,214
1,Tomás Frías,1,Potosí,1494,Potosí,31104,U. E. Ismael Montes  B,5000511,6,240,143,52,18,213,143,213
1,Tomás Frías,1,Potosí,1494,Potosí,31104,U. E. Ismael Montes  B,5000521,7,250,141,58,24,223,141,223
1,Tomás Frías,1,Potosí,1494,Potosí,31106,U.E. Juan Manuel Calero,5003031,1,240,169,38,16,223,169,223
1,Tomás Frías,1,Potosí,1494,Potosí,31106,U.E. Juan Manuel Calero,5003041,2,240,144,56,17,217,144,217
1,Tomás Frías,1,Potosí,1494,Potosí,31106,U.E. Juan Manuel Calero,5003051,3,240,160,44,14,218,160,218
1,Tomás Frías,1,Potosí,1494,Potosí,31106,U.E. Juan Manuel Calero,5003061,4,240,148,45,17,210,148,210
1,Tomás Frías,1,Potosí,1494,Potosí,31106,U.E. Juan Manuel Calero,5003071,5,240,161,45,18,224,161,224
1,Tomás Frías,1,Potosí,1494,Potosí,31106,U.E. Juan Manuel Calero,5003081,6,240,143,54,13,210,143,210
1,Tomás Frías,1,Potosí,1494,Potosí,31106,U.E. Juan Manuel Calero,5003091,7,91,56,16,11,83,56,83
1,Tomás Frías,1,Potosí,1494,Potosí,31107,U. E. Manuel Belgrano,5001241,1,240,145,52,16,213,145,213
1,Tomás Frías,1,Potosí,1494,Potosí,31107,U. E. Manuel Belgrano,5001251,2,240,125,75,20,220,125,220
1,Tomás Frías,1,Potosí,1494,Potosí,31107,U. E. Manuel Belgrano,5001261,3,240,146,62,20,228,146,228
1,Tomás Frías,1,Potosí,1494,Potosí,31107,U. E. Manuel Belgrano,5001271,4,240,161,49,8,218,161,218
1,Tomás Frías,1,Potosí,1494,Potosí,31107,U. E. Manuel Belgrano,5001281,5,240,104,109,10,223,104,223
1,Tomás Frías,1,Potosí,1494,Potosí,31107,U. E. Manuel Belgrano,5001291,6,165,108,32,8,148,108,148
1,Tomás Frías,1,Potosí,1494,Potosí,31108,U. E. 31 de Octubre  A  (Inicial),5003891,1,240,157,40,27,224,157,224
1,Tomás Frías,1,Potosí,1494,Potosí,31108,U. E. 31 de Octubre  A  (Inicial),5003901,2,240,170,38,11,219,170,219
1,Tomás Frías,1,Potosí,1494,Potosí,31108,U. E. 31 de Octubre  A  (Inicial),5003911,3,229,137,54,21,212,137,212
1,Tomás Frías,1,Potosí,1494,Potosí,31109,U. E. El Minero (Inicial),5004211,1,240,152,43,18,213,152,213
1,Tomás Frías,1,Potosí,1494,Potosí,31109,U. E. El Minero (Inicial),5004221,2,240,160,48,12,220,160,220
1,Tomás Frías,1,Potosí,1494,Potosí,31109,U. E. El Minero (Inicial),5004231,3,42,28,8,4,40,28,40
1,Tomás Frías,1,Potosí,1494,Potosí,31110,Instituto Tecnológico Superior Potosí   ETA   Potosí,5003991,1,240,161,47,11,219,161,219
1,Tomás Frías,1,Potosí,1494,Potosí,31110,Instituto Tecnológico Superior Potosí   ETA   Potosí,5004001,2,240,137,69,13,219,137,219
1,Tomás Frías,1,Potosí,1494,Potosí,31110,Instituto Tecnológico Superior Potosí   ETA   Potosí,5004011,3,240,160,37,22,219,160,219
1,Tomás Frías,1,Potosí,1494,Potosí,31110,Instituto Tecnológico Superior Potosí   ETA   Potosí,5004021,4,240,143,60,12,215,143,215
1,Tomás Frías,1,Potosí,1494,Potosí,31110,Instituto Tecnológico Superior Potosí   ETA   Potosí,5004031,5,126,72,34,6,112,72,112
1,Tomás Frías,1,Potosí,1494,Potosí,31111,U. E. Otto Felipe Braun,5003261,1,240,179,27,15,221,179,221
1,Tomás Frías,1,Potosí,1494,Potosí,31111,U. E. Otto Felipe Braun,5003271,2,240,161,54,15,230,161,230
1,Tomás Frías,1,Potosí,1494,Potosí,31111,U. E. Otto Felipe Braun,5003281,3,240,162,45,11,218,162,218
1,Tomás Frías,1,Potosí,1494,Potosí,31111,U. E. Otto Felipe Braun,5003291,4,240,161,42,17,220,161,220
1,Tomás Frías,1,Potosí,1494,Potosí,31111,U. E. Otto Felipe Braun,5003301,5,167,117,23,16,156,117,156
1,Tomás Frías,1,Potosí,1494,Potosí,31113,U. E. Pichincha,5003311,1,240,158,42,17,217,158,217
1,Tomás Frías,1,Potosí,1494,Potosí,31113,U. E. Pichincha,5003321,2,240,152,43,24,219,152,219
1,Tomás Frías,1,Potosí,1494,Potosí,31113,U. E. Pichincha,5003331,3,240,164,43,9,216,164,216
1,Tomás Frías,1,Potosí,1494,Potosí,31113,U. E. Pichincha,5003341,4,240,127,43,53,223,127,223
1,Tomás Frías,1,Potosí,1494,Potosí,31113,U. E. Pichincha,5003351,5,240,170,35,17,222,170,222
1,Tomás Frías,1,Potosí,1494,Potosí,31113,U. E. Pichincha,5003361,6,240,161,40,20,221,161,221
1,Tomás Frías,1,Potosí,1494,Potosí,31113,U. E. Pichincha,5003371,7,240,164,43,13,220,164,220
1,Tomás Frías,1,Potosí,1494,Potosí,31113,U. E. Pichincha,5003381,8,142,96,25,12,133,96,133
1,Tomás Frías,1,Potosí,1494,Potosí,31114,U. E. Potosí (Inicial),5002451,1,240,170,29,20,219,170,219
1,Tomás Frías,1,Potosí,1494,Potosí,31114,U. E. Potosí (Inicial),5002461,2,240,162,44,22,228,162,228
1,Tomás Frías,1,Potosí,1494,Potosí,31114,U. E. Potosí (Inicial),5002471,3,240,152,50,22,224,152,224
1,Tomás Frías,1,Potosí,1494,Potosí,31114,U. E. Potosí (Inicial),5002481,4,98,69,16,6,91,69,91
1,Tomás Frías,1,Potosí,1494,Potosí,31115,U. E. Andrés de Santa Cruz  A  (Inicial),5005181,1,240,152,50,18,220,152,220
1,Tomás Frías,1,Potosí,1494,Potosí,31115,U. E. Andrés de Santa Cruz  A  (Inicial),5005191,2,240,157,48,13,218,157,218
1,Tomás Frías,1,Potosí,1494,Potosí,31115,U. E. Andrés de Santa Cruz  A  (Inicial),5005201,3,149,96,21,24,141,96,141
1,Tomás Frías,1,Potosí,1494,Potosí,31116,Escuela Superior de Formación de Maestros  Eduardo Avaroa,5001801,1,240,144,52,18,214,144,214
1,Tomás Frías,1,Potosí,1494,Potosí,31116,Escuela Superior de Formación de Maestros  Eduardo Avaroa,5001811,2,240,148,57,16,221,148,221
1,Tomás Frías,1,Potosí,1494,Potosí,31116,Escuela Superior de Formación de Maestros  Eduardo Avaroa,5001821,3,240,136,70,11,217,136,217
1,Tomás Frías,1,Potosí,1494,Potosí,31116,Escuela Superior de Formación de Maestros  Eduardo Avaroa,5001831,4,240,140,56,16,212,140,212
1,Tomás Frías,1,Potosí,1494,Potosí,31116,Escuela Superior de Formación de Maestros  Eduardo Avaroa,5001841,5,240,147,50,19,216,147,216
1,Tomás Frías,1,Potosí,1494,Potosí,31116,Escuela Superior de Formación de Maestros  Eduardo Avaroa,5001851,6,240,143,55,14,212,143,212
1,Tomás Frías,1,Potosí,1494,Potosí,31116,Escuela Superior de Formación de Maestros  Eduardo Avaroa,5001861,7,240,137,57,28,222,137,222
1,Tomás Frías,1,Potosí,1494,Potosí,31116,Escuela Superior de Formación de Maestros  Eduardo Avaroa,5001871,8,240,159,43,16,218,159,218
1,Tomás Frías,1,Potosí,1494,Potosí,31116,Escuela Superior de Formación de Maestros  Eduardo Avaroa,5001881,9,240,152,57,14,223,152,223
1,Tomás Frías,1,Potosí,1494,Potosí,31116,Escuela Superior de Formación de Maestros  Eduardo Avaroa,5001891,10,240,159,46,18,223,159,223
1,Tomás Frías,1,Potosí,1494,Potosí,31116,Escuela Superior de Formación de Maestros  Eduardo Avaroa,5001901,11,90,50,18,8,76,50,76
1,Tomás Frías,1,Potosí,1494,Potosí,31118,U. E. Juan Pablo II  B  (Inicial),5006441,1,240,145,55,13,213,145,213
1,Tomás Frías,1,Potosí,1494,Potosí,31118,U. E. Juan Pablo II  B  (Inicial),5006451,2,240,152,47,17,216,152,216
1,Tomás Frías,1,Potosí,1494,Potosí,31118,U. E. Juan Pablo II  B  (Inicial),5006461,3,240,143,62,13,218,143,218
1,Tomás Frías,1,Potosí,1494,Potosí,31118,U. E. Juan Pablo II  B  (Inicial),5006471,4,91,53,21,8,82,53,82
1,Tomás Frías,1,Potosí,1494,Potosí,31121,U. E. Hugo Chávez Frías,5007121,1,240,146,58,15,219,146,219
1,Tomás Frías,1,Potosí,1494,Potosí,31121,U. E. Hugo Chávez Frías,5007131,2,240,136,53,29,218,136,218
1,Tomás Frías,1,Potosí,1494,Potosí,31121,U. E. Hugo Chávez Frías,5007141,3,240,127,66,16,209,127,209
1,Tomás Frías,1,Potosí,1494,Potosí,31121,U. E. Hugo Chávez Frías,5007151,4,240,153,47,13,213,153,213
1,Tomás Frías,1,Potosí,1494,Potosí,31121,U. E. Hugo Chávez Frías,5007161,5,240,152,46,11,209,152,209
1,Tomás Frías,1,Potosí,1494,Potosí,31121,U. E. Hugo Chávez Frías,5007171,6,240,120,61,35,216,120,216
1,Tomás Frías,1,Potosí,1494,Potosí,31121,U. E. Hugo Chávez Frías,5007181,7,240,145,56,21,222,145,222
1,Tomás Frías,1,Potosí,1494,Potosí,31121,U. E. Hugo Chávez Frías,5007191,8,158,103,33,9,145,103,145
1,Tomás Frías,1,Potosí,1494,Potosí,31122,U. E. Niño Jesús (Inicial),5004961,1,240,156,45,18,219,156,219
1,Tomás Frías,1,Potosí,1494,Potosí,31122,U. E. Niño Jesús (Inicial),5004971,2,240,147,53,16,216,147,216
1,Tomás Frías,1,Potosí,1494,Potosí,31122,U. E. Niño Jesús (Inicial),5004981,3,240,159,53,7,219,159,219
1,Tomás Frías,1,Potosí,1494,Potosí,31122,U. E. Niño Jesús (Inicial),5004991,4,26,20,3,1,24,20,24
1,Tomás Frías,1,Potosí,1494,Potosí,31123,U.A.T.F. Carrera Economía,5005211,1,240,161,32,16,209,161,209
1,Tomás Frías,1,Potosí,1494,Potosí,31123,U.A.T.F. Carrera Economía,5005221,2,240,144,42,27,213,144,213
1,Tomás Frías,1,Potosí,1494,Potosí,31123,U.A.T.F. Carrera Economía,5005231,3,240,146,52,14,212,146,212
1,Tomás Frías,1,Potosí,1494,Potosí,31123,U.A.T.F. Carrera Economía,5005241,4,240,157,46,15,218,157,218
1,Tomás Frías,1,Potosí,1494,Potosí,31123,U.A.T.F. Carrera Economía,5005251,5,240,160,46,11,217,160,217
1,Tomás Frías,1,Potosí,1494,Potosí,31123,U.A.T.F. Carrera Economía,5005261,6,240,160,41,15,216,160,216
1,Tomás Frías,1,Potosí,1494,Potosí,31123,U.A.T.F. Carrera Economía,5005271,7,222,142,41,17,200,142,200
1,Tomás Frías,1,Potosí,1494,Potosí,31125,Instituto Tecnológico Superior Nuevo Amanecer,5002711,1,240,149,44,19,212,149,212
1,Tomás Frías,1,Potosí,1494,Potosí,31125,Instituto Tecnológico Superior Nuevo Amanecer,5002721,2,240,144,55,14,213,144,213
1,Tomás Frías,1,Potosí,1494,Potosí,31125,Instituto Tecnológico Superior Nuevo Amanecer,5002731,3,240,134,69,14,217,134,217
1,Tomás Frías,1,Potosí,1494,Potosí,31125,Instituto Tecnológico Superior Nuevo Amanecer,5002741,4,240,131,82,9,222,131,222
1,Tomás Frías,1,Potosí,1494,Potosí,31125,Instituto Tecnológico Superior Nuevo Amanecer,5002751,5,160,89,56,7,152,89,152
1,Tomás Frías,1,Potosí,1494,Potosí,31127,U. E. Divino Maestro  C,5005701,1,240,163,43,14,220,163,220
1,Tomás Frías,1,Potosí,1494,Potosí,31127,U. E. Divino Maestro  C,5005711,2,240,147,54,17,218,147,218
1,Tomás Frías,1,Potosí,1494,Potosí,31127,U. E. Divino Maestro  C,5005721,3,240,151,51,15,217,151,217
1,Tomás Frías,1,Potosí,1494,Potosí,31127,U. E. Divino Maestro  C,5005731,4,240,149,51,12,212,149,212
1,Tomás Frías,1,Potosí,1494,Potosí,31127,U. E. Divino Maestro  C,5005741,5,240,151,54,11,216,151,216
1,Tomás Frías,1,Potosí,1494,Potosí,31127,U. E. Divino Maestro  C,5005751,6,240,164,44,12,220,164,220
1,Tomás Frías,1,Potosí,1494,Potosí,31127,U. E. Divino Maestro  C,5005761,7,89,59,13,8,80,59,80
1,Tomás Frías,1,Potosí,1494,Potosí,32391,U. E. Técnico Humanístico Warisata,5006181,1,240,117,74,21,212,117,212
1,Tomás Frías,1,Potosí,1494,Potosí,32391,U. E. Técnico Humanístico Warisata,5006191,2,240,112,91,15,218,112,218
1,Tomás Frías,1,Potosí,1494,Potosí,32391,U. E. Técnico Humanístico Warisata,5006201,3,240,108,93,13,214,108,214
1,Tomás Frías,1,Potosí,1494,Potosí,32391,U. E. Técnico Humanístico Warisata,5006211,4,239,107,90,19,216,107,216
1,Tomás Frías,1,Potosí,1503,Tarapaya,58,Esc. Tarapaya,5000011,1,240,121,72,19,212,121,212
1,Tomás Frías,1,Potosí,1503,Tarapaya,58,Esc. Tarapaya,5000021,2,90,49,19,11,79,49,79
1,Tomás Frías,1,Potosí,1506,Huari Huari,61,Coleg. San Rafael,5000031,1,240,134,78,14,226,134,226
1,Tomás Frías,1,Potosí,1506,Huari Huari,61,Coleg. San Rafael,5000041,2,240,137,71,13,221,137,221
1,Tomás Frías,1,Potosí,1506,Huari Huari,61,Coleg. San Rafael,5000051,3,240,155,61,11,227,155,227
1,Tomás Frías,1,Potosí,1506,Huari Huari,61,Coleg. San Rafael,5000061,4,240,161,43,22,226,161,226
1,Tomás Frías,1,Potosí,1506,Huari Huari,61,Coleg. San Rafael,5000071,5,102,68,20,7,95,68,95
1,Tomás Frías,1,Potosí,1507,Manquiri,62,Esc. Manquiri,5000081,1,145,66,41,19,126,66,126
1,Tomás Frías,1,Potosí,1508,Chullchucani,64,Esc. Martin Cruz,5000091,1,240,170,30,9,209,170,209
1,Tomás Frías,1,Potosí,1508,Chullchucani,64,Esc. Martin Cruz,5000101,2,204,158,22,10,190,158,190
1,Tomás Frías,1,Potosí,2741,Santiago de Ockoruro,65,Esc. Ockoruro,5000111,1,119,46,33,14,93,46,93
1,Tomás Frías,1,Potosí,2889,Comunidad de Paranturi,509,U.E. Germán Busch,5000121,1,82,68,8,6,82,68,82
1,Tomás Frías,1,Potosí,3030,Modragon,513,Esc. Tomas Frias,5000131,1,146,121,13,3,137,121,137
1,Tomás Frías,1,Potosí,3134,Parantaca,535,Esc. Parantaca,5000141,1,165,106,30,7,143,106,143
1,Tomás Frías,1,Potosí,4568,Pati Pati,32277,U.E. San José de Pati Pati,5000151,1,240,123,89,9,221,123,221
1,Tomás Frías,1,Potosí,4568,Pati Pati,32277,U.E. San José de Pati Pati,5000161,2,133,79,40,5,124,79,124
1,Tomás Frías,4,Urmiri,1501,Puituco,56,Esc. Puituco,5008111,1,106,54,31,14,99,54,99
1,Tomás Frías,4,Urmiri,1512,Urmiri,69,Esc. Juan Jose Perez,5008121,1,240,115,66,24,205,115,205
1,Tomás Frías,4,Urmiri,1512,Urmiri,69,Esc. Juan Jose Perez,5008131,2,30,19,3,4,26,19,26
1,Tomás Frías,4,Urmiri,1516,Cahuayo,73,U. E. Cahuayo,5008141,1,136,85,36,1,122,85,122
1,Tomás Frías,4,Urmiri,2818,Vacuyo,467,Esc. Secc. Vacuyo,5008151,1,171,124,13,18,155,124,155
2,Bustillo,1,Uncía,1517,Uncia,77,Esc. Juana Azurduy De Padilla,5008681,11,240,115,67,23,205,115,205
2,Bustillo,1,Uncía,1517,Uncia,31156,U. E. Uncía,5008721,3,240,122,61,22,205,122,205
2,Bustillo,3,Llallagua,1530,Llallagua,88,Esc. Jaime Mendoza,5009441,1,240,153,44,23,220,153,220
2,Bustillo,3,Llallagua,1530,Llallagua,88,Esc. Jaime Mendoza,5009451,2,240,149,46,20,215,149,215
2,Bustillo,3,Llallagua,1530,Llallagua,88,Esc. Jaime Mendoza,5009461,3,240,135,45,32,212,135,212
2,Bustillo,3,Llallagua,1530,Llallagua,88,Esc. Jaime Mendoza,5009471,4,240,151,42,30,223,151,223
2,Bustillo,3,Llallagua,1530,Llallagua,88,Esc. Jaime Mendoza,5009481,5,240,162,31,27,220,162,220
2,Bustillo,3,Llallagua,1530,Llallagua,88,Esc. Jaime Mendoza,5009491,6,240,146,44,28,218,146,218
2,Bustillo,3,Llallagua,1530,Llallagua,88,Esc. Jaime Mendoza,5009511,8,240,149,41,26,216,149,216
2,Bustillo,3,Llallagua,1530,Llallagua,88,Esc. Jaime Mendoza,5009521,9,240,137,44,21,202,137,202
2,Bustillo,3,Llallagua,1530,Llallagua,88,Esc. Jaime Mendoza,5009531,10,240,143,48,24,215,143,215
2,Bustillo,3,Llallagua,1530,Llallagua,88,Esc. Jaime Mendoza,5009541,11,240,145,39,27,211,145,211
2,Bustillo,3,Llallagua,1530,Llallagua,88,Esc. Jaime Mendoza,5009551,12,240,129,46,35,210,129,210
2,Bustillo,3,Llallagua,1530,Llallagua,88,Esc. Jaime Mendoza,5009561,13,218,126,38,24,188,126,188
2,Bustillo,3,Llallagua,1530,Llallagua,89,Martin Cardenas,5010001,2,240,131,55,27,213,131,213
2,Bustillo,3,Llallagua,1530,Llallagua,89,Martin Cardenas,5010011,3,240,118,59,32,209,118,209
2,Bustillo,3,Llallagua,1530,Llallagua,89,Martin Cardenas,5010031,5,240,107,64,36,207,107,207
2,Bustillo,3,Llallagua,1530,Llallagua,89,Martin Cardenas,5010041,6,240,107,64,29,200,107,200
2,Bustillo,3,Llallagua,1530,Llallagua,89,Martin Cardenas,5010051,7,240,121,50,36,207,121,207
2,Bustillo,3,Llallagua,1530,Llallagua,89,Martin Cardenas,5010091,11,82,37,10,14,61,37,61
2,Bustillo,3,Llallagua,1530,Llallagua,90,U.E. 1ro. de Mayo  B,5009571,1,240,121,58,33,212,121,212
2,Bustillo,3,Llallagua,1530,Llallagua,90,U.E. 1ro. de Mayo  B,5009581,2,240,149,38,26,213,149,213
2,Bustillo,3,Llallagua,1530,Llallagua,90,U.E. 1ro. de Mayo  B,5009601,4,240,106,57,44,207,106,207
2,Bustillo,3,Llallagua,1530,Llallagua,90,U.E. 1ro. de Mayo  B,5009611,5,240,117,50,50,217,117,217
2,Bustillo,3,Llallagua,1530,Llallagua,90,U.E. 1ro. de Mayo  B,5009621,6,240,119,47,45,211,119,211
2,Bustillo,3,Llallagua,1530,Llallagua,90,U.E. 1ro. de Mayo  B,5009631,7,240,138,47,27,212,138,212
2,Bustillo,3,Llallagua,1530,Llallagua,90,U.E. 1ro. de Mayo  B,5009641,8,240,129,63,28,220,129,220
2,Bustillo,3,Llallagua,1530,Llallagua,90,U.E. 1ro. de Mayo  B,5009651,9,240,128,46,35,209,128,209
2,Bustillo,3,Llallagua,1530,Llallagua,90,U.E. 1ro. de Mayo  B,5009661,10,240,119,50,36,205,119,205
2,Bustillo,3,Llallagua,1530,Llallagua,92,Coleg. Siglo XX America,5010191,1,240,152,36,25,213,152,213
2,Bustillo,3,Llallagua,1530,Llallagua,92,Coleg. Siglo XX America,5010201,2,240,147,41,28,216,147,216
2,Bustillo,3,Llallagua,1530,Llallagua,92,Coleg. Siglo XX America,5010211,3,240,136,41,32,209,136,209
2,Bustillo,3,Llallagua,1530,Llallagua,92,Coleg. Siglo XX America,5010221,4,240,114,54,35,203,114,203
2,Bustillo,3,Llallagua,1530,Llallagua,92,Coleg. Siglo XX America,5010231,5,240,120,50,28,198,120,198
2,Bustillo,3,Llallagua,1530,Llallagua,92,Coleg. Siglo XX America,5010241,6,240,147,42,26,215,147,215
2,Bustillo,3,Llallagua,1530,Llallagua,92,Coleg. Siglo XX America,5010251,7,240,137,47,24,208,137,208
2,Bustillo,3,Llallagua,1530,Llallagua,92,Coleg. Siglo XX America,5010261,8,240,145,40,27,212,145,212
2,Bustillo,3,Llallagua,1530,Llallagua,92,Coleg. Siglo XX America,5010271,9,240,133,49,35,217,133,217
2,Bustillo,3,Llallagua,1530,Llallagua,92,Coleg. Siglo XX America,5010281,10,240,147,46,19,212,147,212
2,Bustillo,3,Llallagua,1530,Llallagua,92,Coleg. Siglo XX America,5010291,11,240,133,40,31,204,133,204
2,Bustillo,3,Llallagua,1530,Llallagua,92,Coleg. Siglo XX America,5010301,12,240,139,48,18,205,139,205
2,Bustillo,3,Llallagua,1530,Llallagua,92,Coleg. Siglo XX America,5010311,13,240,135,41,30,206,135,206
2,Bustillo,3,Llallagua,1530,Llallagua,92,Coleg. Siglo XX America,5010321,14,240,143,37,28,208,143,208
2,Bustillo,3,Llallagua,1530,Llallagua,92,Coleg. Siglo XX America,5010331,15,235,122,40,24,186,122,186
2,Bustillo,3,Llallagua,1530,Llallagua,93,Esc. Carlos Medinaceli,5009671,1,240,132,54,33,219,132,219
2,Bustillo,3,Llallagua,1530,Llallagua,93,Esc. Carlos Medinaceli,5009681,2,240,117,57,32,206,117,206
2,Bustillo,3,Llallagua,1530,Llallagua,93,Esc. Carlos Medinaceli,5009691,3,240,137,57,28,222,137,222
2,Bustillo,3,Llallagua,1530,Llallagua,93,Esc. Carlos Medinaceli,5009701,4,240,129,49,37,215,129,215
2,Bustillo,3,Llallagua,1530,Llallagua,93,Esc. Carlos Medinaceli,5009711,5,240,124,55,38,217,124,217
2,Bustillo,3,Llallagua,1530,Llallagua,93,Esc. Carlos Medinaceli,5009721,6,186,113,24,14,151,113,151
2,Bustillo,3,Llallagua,1530,Llallagua,94,Esc. 6 de Junio,5010341,1,240,116,59,24,199,116,199
2,Bustillo,3,Llallagua,1530,Llallagua,94,Esc. 6 de Junio,5010351,2,240,126,38,30,194,126,194
2,Bustillo,3,Llallagua,1530,Llallagua,94,Esc. 6 de Junio,5010361,3,240,116,54,29,199,116,199
2,Bustillo,3,Llallagua,1530,Llallagua,94,Esc. 6 de Junio,5010371,4,240,117,56,30,203,117,203
2,Bustillo,3,Llallagua,1530,Llallagua,94,Esc. 6 de Junio,5010381,5,240,119,48,23,190,119,190
2,Bustillo,3,Llallagua,1530,Llallagua,94,Esc. 6 de Junio,5010391,6,240,109,51,33,193,109,193
2,Bustillo,3,Llallagua,1530,Llallagua,94,Esc. 6 de Junio,5010401,7,240,127,41,30,198,127,198
2,Bustillo,3,Llallagua,1530,Llallagua,94,Esc. 6 de Junio,5010411,8,53,33,6,4,43,33,43
2,Bustillo,3,Llallagua,1530,Llallagua,95,Humanistico Llallagua,5009731,1,240,129,46,28,203,129,203
2,Bustillo,3,Llallagua,1530,Llallagua,95,Humanistico Llallagua,5009741,2,240,142,46,29,217,142,217
2,Bustillo,3,Llallagua,1530,Llallagua,95,Humanistico Llallagua,5009751,3,240,129,41,29,199,129,199
2,Bustillo,3,Llallagua,1530,Llallagua,95,Humanistico Llallagua,5009761,4,240,139,45,23,207,139,207
2,Bustillo,3,Llallagua,1530,Llallagua,95,Humanistico Llallagua,5009771,5,240,137,27,46,210,137,210
2,Bustillo,3,Llallagua,1530,Llallagua,95,Humanistico Llallagua,5009781,6,240,148,47,18,213,148,213
2,Bustillo,3,Llallagua,1530,Llallagua,95,Humanistico Llallagua,5009791,7,240,134,39,33,206,134,206
2,Bustillo,3,Llallagua,1530,Llallagua,95,Humanistico Llallagua,5009801,8,194,104,23,32,159,104,159
2,Bustillo,3,Llallagua,1530,Llallagua,31144,Colegio Técnico Humanístico 1ro. De Mayo  A,5009811,1,240,147,37,25,209,147,209
2,Bustillo,3,Llallagua,1530,Llallagua,31144,Colegio Técnico Humanístico 1ro. De Mayo  A,5009821,2,240,153,40,16,209,153,209
2,Bustillo,3,Llallagua,1530,Llallagua,31144,Colegio Técnico Humanístico 1ro. De Mayo  A,5009831,3,240,131,53,30,214,131,214
2,Bustillo,3,Llallagua,1530,Llallagua,31144,Colegio Técnico Humanístico 1ro. De Mayo  A,5009841,4,240,124,54,32,210,124,210
2,Bustillo,3,Llallagua,1530,Llallagua,31144,Colegio Técnico Humanístico 1ro. De Mayo  A,5009851,5,240,126,53,28,207,126,207
2,Bustillo,3,Llallagua,1530,Llallagua,31144,Colegio Técnico Humanístico 1ro. De Mayo  A,5009861,6,240,120,52,40,212,120,212
2,Bustillo,3,Llallagua,1530,Llallagua,31144,Colegio Técnico Humanístico 1ro. De Mayo  A,5009871,7,240,114,34,58,206,114,206
2,Bustillo,3,Llallagua,1530,Llallagua,31144,Colegio Técnico Humanístico 1ro. De Mayo  A,5009881,8,250,132,49,39,220,132,220
2,Bustillo,3,Llallagua,1530,Llallagua,31145,CEA   Catavi,5010421,1,240,102,83,22,207,102,207
2,Bustillo,3,Llallagua,1530,Llallagua,31145,CEA   Catavi,5010431,2,240,121,48,37,206,121,206
2,Bustillo,3,Llallagua,1530,Llallagua,31145,CEA   Catavi,5010441,3,257,143,50,30,223,143,223
2,Bustillo,3,Llallagua,1530,Llallagua,31146,U. E. Monseñor Cleto Loayza,5010101,1,240,110,58,37,205,110,205
2,Bustillo,3,Llallagua,1530,Llallagua,31146,U. E. Monseñor Cleto Loayza,5010121,3,240,121,58,42,221,121,221
2,Bustillo,3,Llallagua,1530,Llallagua,31146,U. E. Monseñor Cleto Loayza,5010131,4,240,127,51,37,215,127,215
2,Bustillo,3,Llallagua,1530,Llallagua,31146,U. E. Monseñor Cleto Loayza,5010141,5,240,114,57,38,209,114,209
2,Bustillo,3,Llallagua,1530,Llallagua,31146,U. E. Monseñor Cleto Loayza,5010151,6,240,106,64,42,212,106,212
2,Bustillo,3,Llallagua,1530,Llallagua,31146,U. E. Monseñor Cleto Loayza,5010161,7,240,124,51,34,209,124,209
2,Bustillo,3,Llallagua,1530,Llallagua,31146,U. E. Monseñor Cleto Loayza,5010181,9,112,54,15,26,95,54,95
2,Bustillo,3,Llallagua,1530,Llallagua,31147,U. E. Tomás Frías,5009891,1,240,96,69,35,200,96,200
2,Bustillo,3,Llallagua,1530,Llallagua,31147,U. E. Tomás Frías,5009901,2,240,119,56,30,205,119,205
2,Bustillo,3,Llallagua,1530,Llallagua,31147,U. E. Tomás Frías,5009911,3,240,123,49,22,194,123,194
2,Bustillo,3,Llallagua,1530,Llallagua,31147,U. E. Tomás Frías,5009921,4,240,118,55,36,209,118,209
2,Bustillo,3,Llallagua,1530,Llallagua,31147,U. E. Tomás Frías,5009931,5,240,130,46,32,208,130,208
2,Bustillo,3,Llallagua,1530,Llallagua,31147,U. E. Tomás Frías,5009941,6,218,124,37,30,191,124,191
2,Bustillo,3,Llallagua,1530,Llallagua,31148,U. E. Ayacucho,5009231,1,240,122,55,38,215,122,215
2,Bustillo,3,Llallagua,1530,Llallagua,31148,U. E. Ayacucho,5009241,2,240,120,51,34,205,120,205
2,Bustillo,3,Llallagua,1530,Llallagua,31148,U. E. Ayacucho,5009251,3,240,96,62,44,202,96,202
2,Bustillo,3,Llallagua,1530,Llallagua,31148,U. E. Ayacucho,5009261,4,240,128,55,33,216,128,216
2,Bustillo,3,Llallagua,1530,Llallagua,31148,U. E. Ayacucho,5009281,6,240,124,61,32,217,124,217
2,Bustillo,3,Llallagua,1530,Llallagua,31148,U. E. Ayacucho,5009291,7,240,117,59,31,207,117,207
2,Bustillo,3,Llallagua,1530,Llallagua,31148,U. E. Ayacucho,5009301,8,240,119,57,27,203,119,203
2,Bustillo,3,Llallagua,1530,Llallagua,31148,U. E. Ayacucho,5009311,9,240,136,48,35,219,136,219
2,Bustillo,3,Llallagua,1530,Llallagua,31148,U. E. Ayacucho,5009321,10,240,126,61,29,216,126,216
2,Bustillo,3,Llallagua,1530,Llallagua,31148,U. E. Ayacucho,5009331,11,181,89,49,16,154,89,154
2,Bustillo,3,Llallagua,1530,Llallagua,31149,U.E.  Litoral (Kindergarten),5009951,1,240,152,36,28,216,152,216
2,Bustillo,3,Llallagua,1530,Llallagua,31149,U.E.  Litoral (Kindergarten),5009961,2,240,142,43,33,218,142,218
2,Bustillo,3,Llallagua,1530,Llallagua,31149,U.E.  Litoral (Kindergarten),5009971,3,240,128,51,37,216,128,216
2,Bustillo,3,Llallagua,1530,Llallagua,31149,U.E.  Litoral (Kindergarten),5009981,4,202,104,52,24,180,104,180
2,Bustillo,3,Llallagua,1530,Llallagua,32134,U.E. Germán Busch,5009351,2,240,131,45,26,202,131,202
2,Bustillo,3,Llallagua,1530,Llallagua,32134,U.E. Germán Busch,5009361,3,240,133,37,34,204,133,204
2,Bustillo,3,Llallagua,1530,Llallagua,32134,U.E. Germán Busch,5009371,4,120,63,24,11,98,63,98
2,Bustillo,3,Llallagua,1530,Llallagua,32273,U.E. Libertad,5009381,1,240,119,54,42,215,119,215
2,Bustillo,3,Llallagua,1530,Llallagua,32273,U.E. Libertad,5009391,2,240,106,60,51,217,106,217
2,Bustillo,3,Llallagua,1530,Llallagua,32273,U.E. Libertad,5009401,3,240,111,68,37,216,111,216
2,Bustillo,3,Llallagua,1530,Llallagua,32273,U.E. Libertad,5009411,4,240,109,69,45,223,109,223
2,Bustillo,3,Llallagua,1530,Llallagua,32273,U.E. Libertad,5009421,5,240,111,80,35,226,111,226
2,Bustillo,3,Llallagua,1530,Llallagua,32273,U.E. Libertad,5009431,6,66,28,14,14,56,28,56
2,Bustillo,3,Llallagua,1534,Jachojo,97,Esc. Bartolina Sisa,5009161,1,240,99,67,60,226,99,226
2,Bustillo,3,Llallagua,1534,Jachojo,97,Esc. Bartolina Sisa,5009171,2,240,101,73,44,218,101,218
2,Bustillo,3,Llallagua,1534,Jachojo,97,Esc. Bartolina Sisa,5009181,3,57,23,15,12,50,23,50
2,Bustillo,3,Llallagua,3034,Comunidad Villa Arbolitos Cabildo Qollana del Ayllu Sikuya,518,U.E. Capunita,5009191,1,240,147,31,23,201,147,201
2,Bustillo,3,Llallagua,3034,Comunidad Villa Arbolitos Cabildo Qollana del Ayllu Sikuya,518,U.E. Capunita,5009201,2,96,62,12,16,90,62,90
2,Bustillo,3,Llallagua,3142,Uyuni,547,U.E. Uyuni,5009211,1,240,173,8,42,223,173,223
2,Bustillo,3,Llallagua,3142,Uyuni,547,U.E. Uyuni,5009221,2,172,120,4,46,170,120,170
2,Bustillo,3,Llallagua,3387,Saca Saca,1,Esc. Chiru Chiru,5009131,1,215,86,79,22,187,86,187
2,Bustillo,3,Llallagua,3496,Jisk'anqui,1,U.E. Elizardo Pérez,5009141,1,240,103,59,52,214,103,214
2,Bustillo,3,Llallagua,3496,Jisk'anqui,1,U.E. Elizardo Pérez,5009151,2,42,24,5,9,38,24,38
3,Cornelio Saavedra,3,Tacobamba,1555,Tacobamba,123,U.E. José Alonso de Ibañez,5011721,2,240,21,114,34,169,21,169
3,Cornelio Saavedra,3,Tacobamba,1561,Yawacari,129,Esc. Yaguacari,5011811,1,55,20,23,6,49,20,49
3,Cornelio Saavedra,3,Tacobamba,1564,Rodeo,132,Esc. Rodeo,5011841,1,246,151,50,6,207,151,207
4,Chayanta,2,Ravelo,1583,Huaycoma,152,Esc. Huaycoma,5012551,1,187,52,55,20,127,52,127
4,Chayanta,2,Ravelo,3284,Lamphasuni,1,Esc. Lamphasuni,5012301,1,130,41,54,20,115,41,115
4,Chayanta,2,Ravelo,3326,Teja Molino,1,Esc. Secc. Teja Molino,5012311,1,246,99,71,11,181,99,181
4,Chayanta,5,San Pedro de Macha,1569,Uluchi,139,U. E. Elizardo Perez,5013711,1,240,89,95,22,206,89,206
4,Chayanta,5,San Pedro de Macha,1569,Uluchi,139,U. E. Elizardo Perez,5013721,2,240,61,84,40,185,61,185
4,Chayanta,5,San Pedro de Macha,1569,Uluchi,139,U. E. Elizardo Perez,5013731,3,240,95,76,25,196,95,196
4,Chayanta,5,San Pedro de Macha,1569,Uluchi,139,U. E. Elizardo Perez,5013741,4,29,5,16,3,24,5,24
4,Chayanta,5,San Pedro de Macha,1573,Ayoma,141,U. E. Franz Tamayo De Ayoma,5013751,1,240,49,110,19,178,49,178
4,Chayanta,5,San Pedro de Macha,1573,Ayoma,141,U. E. Franz Tamayo De Ayoma,5013761,2,240,66,98,20,184,66,184
4,Chayanta,5,San Pedro de Macha,4055,Milluri,25386,U. E. Avelino Siñani de Milluri,5013851,1,150,71,36,30,137,71,137
6,Nor Chichas,1,Cotagaita,1618,Cotagaita,189,U.E. Manuel Jose Cortez,5014851,3,240,122,56,25,203,122,203
6,Nor Chichas,1,Cotagaita,1624,Pampa Grande,198,U.E. Pampa Grande I,5014961,1,128,76,35,7,118,76,118
6,Nor Chichas,1,Cotagaita,1625,La Carreta,25452,U.E. El Rancho,5015301,1,78,44,13,7,64,44,64
6,Nor Chichas,1,Cotagaita,1633,Cerro Colorado,206,U.E. Cerro Colorado,5015071,1,52,48,1,0,49,48,49
6,Nor Chichas,1,Cotagaita,1634,Mormorque,207,U.E. San Lorenzo,5015081,1,94,37,36,4,77,37,77
6,Nor Chichas,1,Cotagaita,1637,Vicchoca,208,U.E. Chui Chui,5015091,1,100,47,38,1,86,47,86
6,Nor Chichas,1,Cotagaita,3502,Cazon,1,U.E. Tupac Katari,5014821,1,242,106,44,25,175,106,175
6,Nor Chichas,2,Vitiche,1642,Vitichi,215,U.E. Tomas Frias,5015391,1,240,112,76,13,201,112,201
6,Nor Chichas,2,Vitiche,1642,Vitichi,215,U.E. Tomas Frias,5015401,2,240,104,83,16,203,104,203
6,Nor Chichas,2,Vitiche,1642,Vitichi,215,U.E. Tomas Frias,5015411,3,240,99,80,21,200,99,200
6,Nor Chichas,2,Vitiche,1642,Vitichi,215,U.E. Tomas Frias,5015421,4,240,126,70,10,206,126,206
6,Nor Chichas,2,Vitiche,1642,Vitichi,215,U.E. Tomas Frias,5015431,5,240,110,81,12,203,110,203
6,Nor Chichas,2,Vitiche,1642,Vitichi,215,U.E. Tomas Frias,5015441,6,96,52,28,0,80,52,80
6,Nor Chichas,2,Vitiche,1643,Ayoma Baja,489,U.E. Ayoma Baja,5015531,1,132,62,50,5,117,62,117
6,Nor Chichas,2,Vitiche,1644,Calcha,217,U.E. Calcha,5015451,1,240,101,93,3,197,101,197
6,Nor Chichas,2,Vitiche,1644,Calcha,217,U.E. Calcha,5015461,2,190,70,81,4,155,70,155
6,Nor Chichas,2,Vitiche,1648,Yawisla,222,U.E. Juan Pellegrini,5015501,1,240,116,69,19,204,116,204
6,Nor Chichas,2,Vitiche,1648,Yawisla,222,U.E. Juan Pellegrini,5015511,2,240,97,72,17,186,97,186
6,Nor Chichas,2,Vitiche,1648,Yawisla,222,U.E. Juan Pellegrini,5015521,3,23,11,8,1,20,11,20
6,Nor Chichas,2,Vitiche,3086,Estumilla,526,U.E. Estumilla,5015541,1,202,108,60,7,175,108,175
6,Nor Chichas,2,Vitiche,3155,Tusquiña,560,U.E. San Miguel de Tusquiña,5015571,1,240,109,79,10,198,109,198
6,Nor Chichas,2,Vitiche,3155,Tusquiña,560,U.E. San Miguel de Tusquiña,5015581,2,240,140,64,7,211,140,211
6,Nor Chichas,2,Vitiche,3155,Tusquiña,560,U.E. San Miguel de Tusquiña,5015591,3,53,32,13,3,48,32,48
6,Nor Chichas,2,Vitiche,3156,Peckajsi,559,U.E. Manuel Mora De Peckajsi,5015551,1,240,99,96,10,205,99,205
6,Nor Chichas,2,Vitiche,3156,Peckajsi,559,U.E. Manuel Mora De Peckajsi,5015561,2,57,24,28,1,53,24,53
6,Nor Chichas,2,Vitiche,3218,Calvi,581,U.E. Fray Angello Stellini de Calvi,5015601,1,240,129,63,9,201,129,201
6,Nor Chichas,2,Vitiche,3218,Calvi,581,U.E. Fray Angello Stellini de Calvi,5015611,2,139,68,56,3,127,68,127
7,Alonso de Ibáñez,1,Sacaca,1649,Sacaca,31151,U. E. Ladislao Cabrera Fe y Alegría,5016041,2,240,128,69,13,210,128,210
7,Alonso de Ibáñez,1,Sacaca,1649,Sacaca,31151,U. E. Ladislao Cabrera Fe y Alegría,5016061,4,178,86,66,10,162,86,162
7,Alonso de Ibáñez,1,Sacaca,1656,Comunidad de Laytojo,230,U.E. Laytujo,5015801,2,60,43,12,3,58,43,58
7,Alonso de Ibáñez,1,Sacaca,1660,Vila Vila,234,Esc. Vila Vila,5015911,3,76,43,26,5,74,43,74
8,Sud Chichas,1,Tupiza,1671,Tupiza,246,U. E. 26 de Agosto,5017431,14,240,123,43,26,192,123,192
8,Sud Chichas,1,Tupiza,2851,El Molino(Sud Chichas),477,U. E. El Molino,5016671,1,62,38,9,5,52,38,52
8,Sud Chichas,2,Atocha,1702,Atocha,283,U. E. Gregorio Pacheco,5017761,1,240,97,94,17,208,97,208
8,Sud Chichas,2,Atocha,1703,Telamayu,285,U. E. Bolivia,5017851,2,240,104,78,32,214,104,214
8,Sud Chichas,2,Atocha,1703,Telamayu,285,U. E. Bolivia,5017861,3,84,32,24,11,67,32,67
8,Sud Chichas,2,Atocha,1708,Santa Barbara,25450,Col. Chorolque,5018061,5,111,46,54,7,107,46,107
9,Nor Lipez,1,"Colcha ""K""",1720,Santiago de Agencha,304,Esc. Tomas Frias,5018351,1,124,103,9,4,116,103,116
9,Nor Lipez,1,"Colcha ""K""",1721,Atulcha,305,U.E. Luis Espinal,5018361,1,66,45,11,6,62,45,62
9,Nor Lipez,1,"Colcha ""K""",1722,Puerto Chuvica,306,U. E. Juana Azurduy de Padilla,5018371,1,53,31,14,4,49,31,49
9,Nor Lipez,1,"Colcha ""K""",1723,Llavica,307,U.E. Alonso de Ibañez de Llavica,5018381,1,76,39,22,1,62,39,62
9,Nor Lipez,2,San Pedro de Quemes,3250,Pajancha,584,Salón Comunal,5018531,1,27,16,7,0,23,16,23
10,Sud Lipez,1,San Pablo,1731,San Pablo de Lipez,25448,U.E. Colorados De Bolivia de San Pablo de Lipez,5018641,1,92,48,23,6,77,48,77
10,Sud Lipez,1,San Pablo,1732,Polulos,317,U. E. Nueva Esperanza de Polulos,5018541,1,163,59,65,20,144,59,144
10,Sud Lipez,1,San Pablo,1733,Santa Isabel,318,U.E. Cóndor de Los Andes Santa Isabel,5018551,1,82,24,52,2,78,24,78
10,Sud Lipez,1,San Pablo,1734,Cerrillos,319,U. E. Eduardo Abaroa de Cerrillos,5018561,1,79,25,36,4,65,25,65
10,Sud Lipez,1,San Pablo,1736,San Antonio de Lipez,320,U.E. Villa Porvenir de San Antonio de Lípez,5018571,1,166,69,71,7,147,69,147
10,Sud Lipez,1,San Pablo,1737,Quetena Grande,322,U.E. Eduardo Abaroa de Quetena Grande,5018591,1,68,33,27,3,63,33,63
10,Sud Lipez,1,San Pablo,2671,Relave,321,U.E. Villa Imperial,5018581,1,61,31,17,5,53,31,53
10,Sud Lipez,1,San Pablo,2840,Río San Pablo,480,U.E. Alonso de Ibáñez de Río San Pablo,5018621,1,99,38,40,6,84,38,84
10,Sud Lipez,1,San Pablo,2920,Comunidad de Kollpani,494,U.E. 23 de Marzo de Kollpani,5018631,1,59,28,15,8,51,28,51
10,Sud Lipez,3,San Antonio de Esmoruco,1735,Guadalupe (Sud Lipez),331,U.E. Francia de Guadalupe,5018741,1,111,70,28,6,104,70,104
10,Sud Lipez,3,San Antonio de Esmoruco,1743,San Antonio de Esmoruco,330,U.E. Calama de San Antonio de Esmoruco,5018721,1,240,82,99,20,201,82,201
10,Sud Lipez,3,San Antonio de Esmoruco,1743,San Antonio de Esmoruco,330,U.E. Calama de San Antonio de Esmoruco,5018731,2,52,16,19,5,40,16,40
11,José María Linares,1,Puna,1744,Puna(C.Villa Talavera),332,Esc. Jose Maria Linares,5018811,1,240,120,55,22,197,120,197
11,José María Linares,2,"Caiza ""D""",1775,Hornos,363,U.E. Elizardo Perez de Hornos,5019441,2,80,31,30,6,67,31,67
11,José María Linares,3,Ckochas,1762,Calapaya,351,U.E. Qhalapaya,5019711,1,222,105,63,14,182,105,182
11,José María Linares,3,Ckochas,1764,Keluyo,353,U.E. Keluyo,5019771,2,123,78,2,17,97,78,97
11,José María Linares,3,Ckochas,3151,Suchina Baja,564,U.E. Suchina,5019851,1,102,66,19,6,91,66,91
11,José María Linares,3,Ckochas,3273,Capellani,1,U.E. Capellani,5019571,1,124,40,45,6,91,40,91
11,José María Linares,3,Ckochas,3275,Uyuni,1,U.E. Uyuni,5019581,1,240,123,57,9,189,123,189
11,José María Linares,3,Ckochas,3275,Uyuni,1,U.E. Uyuni,5019591,2,21,15,3,0,18,15,18
12,Antonio Quijarro,1,Uyuni,1778,Uyuni,367,U.A.T.F. Carrera de Economía Sede Uyuni,5020801,1,240,124,58,20,202,124,202
12,Antonio Quijarro,1,Uyuni,1778,Uyuni,367,U.A.T.F. Carrera de Economía Sede Uyuni,5020811,2,240,101,74,30,205,101,205
12,Antonio Quijarro,1,Uyuni,1778,Uyuni,367,U.A.T.F. Carrera de Economía Sede Uyuni,5020821,3,240,118,71,25,214,118,214
12,Antonio Quijarro,1,Uyuni,1778,Uyuni,367,U.A.T.F. Carrera de Economía Sede Uyuni,5020831,4,240,104,66,32,202,104,202
12,Antonio Quijarro,1,Uyuni,1778,Uyuni,367,U.A.T.F. Carrera de Economía Sede Uyuni,5020841,5,240,114,70,25,209,114,209
12,Antonio Quijarro,1,Uyuni,1778,Uyuni,367,U.A.T.F. Carrera de Economía Sede Uyuni,5020861,7,240,111,76,32,219,111,219
12,Antonio Quijarro,1,Uyuni,1778,Uyuni,367,U.A.T.F. Carrera de Economía Sede Uyuni,5020871,8,240,103,67,31,201,103,201
12,Antonio Quijarro,1,Uyuni,1778,Uyuni,367,U.A.T.F. Carrera de Economía Sede Uyuni,5020881,9,139,67,39,16,122,67,122
12,Antonio Quijarro,1,Uyuni,1778,Uyuni,368,U.E. Uyuni A,5020651,2,240,127,60,27,214,127,214
12,Antonio Quijarro,1,Uyuni,1778,Uyuni,368,U.E. Uyuni A,5020671,4,240,113,69,24,206,113,206
12,Antonio Quijarro,1,Uyuni,1778,Uyuni,368,U.E. Uyuni A,5020681,5,240,118,70,22,210,118,210
12,Antonio Quijarro,1,Uyuni,1778,Uyuni,368,U.E. Uyuni A,5020701,7,240,120,70,19,209,120,209
12,Antonio Quijarro,1,Uyuni,1778,Uyuni,368,U.E. Uyuni A,5020711,8,240,117,69,27,213,117,213
12,Antonio Quijarro,1,Uyuni,1778,Uyuni,368,U.E. Uyuni A,5020721,9,73,39,19,6,64,39,64
12,Antonio Quijarro,1,Uyuni,1778,Uyuni,369,U.E. Potosi,5020731,1,240,107,63,30,200,107,200
12,Antonio Quijarro,1,Uyuni,1778,Uyuni,369,U.E. Potosi,5020741,2,240,97,67,41,205,97,205
12,Antonio Quijarro,1,Uyuni,1778,Uyuni,369,U.E. Potosi,5020751,3,240,111,60,29,200,111,200
12,Antonio Quijarro,1,Uyuni,1778,Uyuni,369,U.E. Potosi,5020761,4,240,107,76,22,205,107,205
12,Antonio Quijarro,1,Uyuni,1778,Uyuni,369,U.E. Potosi,5020781,6,240,108,60,28,196,108,196
12,Antonio Quijarro,1,Uyuni,1778,Uyuni,371,U.E. Jaime De Zudañes,5020371,1,240,123,60,10,193,123,193
12,Antonio Quijarro,1,Uyuni,1778,Uyuni,371,U.E. Jaime De Zudañes,5020381,2,240,106,62,25,193,106,193
12,Antonio Quijarro,1,Uyuni,1778,Uyuni,371,U.E. Jaime De Zudañes,5020391,3,240,106,65,24,195,106,195
12,Antonio Quijarro,1,Uyuni,1778,Uyuni,371,U.E. Jaime De Zudañes,5020401,4,240,128,61,22,211,128,211
12,Antonio Quijarro,1,Uyuni,1778,Uyuni,371,U.E. Jaime De Zudañes,5020411,5,240,121,60,23,204,121,204
12,Antonio Quijarro,1,Uyuni,1778,Uyuni,371,U.E. Jaime De Zudañes,5020421,6,240,125,47,19,191,125,191
12,Antonio Quijarro,1,Uyuni,1778,Uyuni,574,U.E. Antonio Quijarro,5020431,1,240,125,57,24,206,125,206
12,Antonio Quijarro,1,Uyuni,1778,Uyuni,574,U.E. Antonio Quijarro,5020441,2,240,112,58,32,202,112,202
12,Antonio Quijarro,1,Uyuni,1778,Uyuni,574,U.E. Antonio Quijarro,5020451,3,240,118,70,19,207,118,207
12,Antonio Quijarro,1,Uyuni,1778,Uyuni,574,U.E. Antonio Quijarro,5020461,4,240,119,68,20,207,119,207
12,Antonio Quijarro,1,Uyuni,1778,Uyuni,574,U.E. Antonio Quijarro,5020471,5,240,138,47,22,207,138,207
12,Antonio Quijarro,1,Uyuni,1778,Uyuni,574,U.E. Antonio Quijarro,5020481,6,240,105,66,28,199,105,199
12,Antonio Quijarro,1,Uyuni,1778,Uyuni,574,U.E. Antonio Quijarro,5020491,7,240,123,51,22,196,123,196
12,Antonio Quijarro,1,Uyuni,1778,Uyuni,25492,U.E. Miraflores,5020561,5,240,126,57,18,201,126,201
12,Antonio Quijarro,1,Uyuni,1778,Uyuni,25493,U.E. Juana Azurduy De Padilla,5020171,3,240,106,53,16,175,106,175
12,Antonio Quijarro,1,Uyuni,1778,Uyuni,26494,(Cárcel) Centro de Readaptación Productiva Uyuni,5020891,1,135,69,46,7,122,69,122
12,Antonio Quijarro,1,Uyuni,1778,Uyuni,31130,U.E. Antofagasta,5020241,3,240,107,63,25,195,107,195
12,Antonio Quijarro,1,Uyuni,1778,Uyuni,31130,U.E. Antofagasta,5020251,4,240,114,54,17,185,114,185
12,Antonio Quijarro,1,Uyuni,1778,Uyuni,31130,U.E. Antofagasta,5020261,5,240,124,47,22,193,124,193
12,Antonio Quijarro,1,Uyuni,1778,Uyuni,31130,U.E. Antofagasta,5020271,6,240,111,55,37,203,111,203
12,Antonio Quijarro,1,Uyuni,1778,Uyuni,31130,U.E. Antofagasta,5020281,7,240,119,51,16,186,119,186
12,Antonio Quijarro,1,Uyuni,1778,Uyuni,31130,U.E. Antofagasta,5020291,8,240,95,37,33,165,95,165
12,Antonio Quijarro,1,Uyuni,1778,Uyuni,31130,U.E. Antofagasta,5020301,9,252,98,39,17,154,98,154
12,Antonio Quijarro,1,Uyuni,1778,Uyuni,31131,U.E. Aniceto Arce  A,5020311,1,240,95,61,37,193,95,193
12,Antonio Quijarro,1,Uyuni,1778,Uyuni,31131,U.E. Aniceto Arce  A,5020321,2,240,122,45,16,183,122,183
12,Antonio Quijarro,1,Uyuni,1778,Uyuni,31131,U.E. Aniceto Arce  A,5020331,3,240,116,62,34,212,116,212
12,Antonio Quijarro,1,Uyuni,1778,Uyuni,31131,U.E. Aniceto Arce  A,5020341,4,240,117,60,21,198,117,198
12,Antonio Quijarro,1,Uyuni,1778,Uyuni,31131,U.E. Aniceto Arce  A,5020361,6,253,125,67,32,224,125,224
12,Antonio Quijarro,1,Uyuni,1785,Chacala,380,U.E. Eduardo Abaroa de Chacala,5020041,1,251,135,64,18,217,135,217
12,Antonio Quijarro,1,Uyuni,1788,Chita,383,U.E. Franz Tamayo,5020071,1,156,110,16,14,140,110,140
14,Daniel Campos,1,Llica,1827,Llica,426,E.S.F.M. Franz Tamayo,5021771,1,240,130,57,16,203,130,203
14,Daniel Campos,1,Llica,1827,Llica,426,E.S.F.M. Franz Tamayo,5021791,3,240,128,43,32,203,128,203
14,Daniel Campos,1,Llica,1827,Llica,426,E.S.F.M. Franz Tamayo,5021821,6,240,126,48,20,194,126,194
14,Daniel Campos,1,Llica,1828,Cahuana,427,U.E. Bernabe Ledezma,5021841,1,71,40,16,4,60,40,60
14,Daniel Campos,1,Llica,1829,Palaya,428,U.E. Palaya,5021851,1,105,59,37,2,98,59,98
14,Daniel Campos,1,Llica,1830,Chacoma,429,U.E. Pedro Garcia Ignacio,5021861,1,68,38,17,3,58,38,58
14,Daniel Campos,1,Llica,1831,Tres Cruces,430,U.E. Elizardo Perez,5021871,1,59,28,20,3,51,28,51
14,Daniel Campos,1,Llica,1832,Canquella,431,U.E. Canquella,5021881,1,77,32,20,7,59,32,59
14,Daniel Campos,1,Llica,1833,Sejsihua,432,U.E. Manuel Antonio Aguirre Abra de Napa,5021891,1,82,36,21,4,61,36,61
14,Daniel Campos,1,Llica,2677,Tamancaza,438,U. E. Tamancaza,5021901,1,19,9,1,2,12,9,12
14,Daniel Campos,1,Llica,2678,Villque,439,U.E. Villque,5021911,1,23,12,6,3,21,12,21
14,Daniel Campos,1,Llica,2679,Villa Aroma,440,Esc. Villa Aroma,5021921,1,27,19,3,4,26,19,26
14,Daniel Campos,1,Llica,3331,Huanaque,476,U.E. Huanaque,5021931,1,92,50,20,5,75,50,75
14,Daniel Campos,2,Tahua,1834,Tahua,433,U. E. Daniel Campos,5021941,1,233,148,44,7,199,148,199
14,Daniel Campos,2,Tahua,1835,Alianza,434,U.E. Bernabe Ledezma,5021951,1,65,52,8,1,61,52,61
14,Daniel Campos,2,Tahua,1836,Yonza,435,U.E. Franz Tamayo,5021961,1,117,69,31,4,104,69,104
14,Daniel Campos,2,Tahua,1838,Cacoma,437,U.E. Aniceto Arce,5021971,1,20,9,4,1,14,9,14
14,Daniel Campos,2,Tahua,1839,Caquena,441,U.E. Caquena,5021981,1,89,52,18,5,75,52,75
14,Daniel Campos,2,Tahua,1840,Coqueza,442,U.E. German Busch,5021991,1,49,36,8,0,44,36,44
15,Modesto Omiste,1,Villazón,1841,Villazón,444,U.E. 1ro de Mayo,5022301,2,240,136,49,24,209,136,209
15,Modesto Omiste,1,Villazón,1841,Villazón,444,U.E. 1ro de Mayo,5022311,3,240,120,64,23,207,120,207
15,Modesto Omiste,1,Villazón,1841,Villazón,444,U.E. 1ro de Mayo,5022401,12,240,118,68,21,207,118,207
15,Modesto Omiste,1,Villazón,1841,Villazón,444,U.E. 1ro de Mayo,5022421,14,240,130,52,27,209,130,209
15,Modesto Omiste,1,Villazón,1841,Villazón,444,U.E. 1ro de Mayo,5022431,15,240,123,51,16,190,123,190
15,Modesto Omiste,1,Villazón,1841,Villazón,466,Colegio 9 de Abril,5022741,6,240,150,36,17,203,150,203
15,Modesto Omiste,1,Villazón,1841,Villazón,466,Colegio 9 de Abril,5022751,7,240,161,37,16,214,161,214
15,Modesto Omiste,1,Villazón,1841,Villazón,466,Colegio 9 de Abril,5022771,9,127,77,17,11,105,77,105
15,Modesto Omiste,1,Villazón,1841,Villazón,467,Esc. Daniel Campos,5022531,7,240,116,73,22,211,116,211
15,Modesto Omiste,1,Villazón,1841,Villazón,467,Esc. Daniel Campos,5022541,8,240,115,64,28,207,115,207
15,Modesto Omiste,1,Villazón,1842,Berque,448,Esc. Berque,5022001,1,204,87,68,26,181,87,181
15,Modesto Omiste,1,Villazón,1845,Sococha,451,Esc. Seccional Sococha,5022031,1,160,75,49,10,134,75,134
15,Modesto Omiste,1,Villazón,1846,Chagua,452,Esc. Seccional Chagua,5022041,1,197,94,51,12,157,94,157
15,Modesto Omiste,1,Villazón,1847,Casira,453,Esc. Sargento M. Paredes,5022051,1,240,97,73,27,197,97,197
15,Modesto Omiste,1,Villazón,1847,Casira,453,Esc. Sargento M. Paredes,5022061,2,36,14,10,4,28,14,28
15,Modesto Omiste,1,Villazón,1848,Chipiwayco,454,Coleg. Franz Tamayo,5022071,1,240,105,101,16,222,105,222
15,Modesto Omiste,1,Villazón,1848,Chipiwayco,454,Coleg. Franz Tamayo,5022081,2,75,28,38,2,68,28,68
15,Modesto Omiste,1,Villazón,1849,Sarcari,455,Esc. Sarcari,5022091,1,93,23,37,12,72,23,72
15,Modesto Omiste,1,Villazón,1850,Sn. Pedro de Sococha,456,Esc. San Pedro de Sococha,5022101,1,231,138,51,15,204,138,204
15,Modesto Omiste,1,Villazón,1851,Salitre,457,Esc. Salitre,5022111,1,103,43,34,14,91,43,91
15,Modesto Omiste,1,Villazón,1852,Sagnasti,458,Esc. Lizardo Perez,5022121,1,233,107,80,11,198,107,198
15,Modesto Omiste,1,Villazón,1853,Yuruma,459,Esc. Yuruma,5022131,1,240,106,90,13,209,106,209
15,Modesto Omiste,1,Villazón,1853,Yuruma,459,Esc. Yuruma,5022141,2,32,14,13,4,31,14,31
15,Modesto Omiste,1,Villazón,4068,Chosconti,25399,Col. Mariscal Andres De Santa Cruz,5022171,1,150,92,35,11,138,92,138
15,Modesto Omiste,1,Villazón,4069,Mantacillas,25400,U.E. Mantacillas,5022181,1,240,113,63,25,201,113,201
15,Modesto Omiste,1,Villazón,4069,Mantacillas,25400,U.E. Mantacillas,5022191,2,240,95,68,42,205,95,205
15,Modesto Omiste,1,Villazón,4069,Mantacillas,25400,U.E. Mantacillas,5022201,3,61,27,21,7,55,27,55
15,Modesto Omiste,1,Villazón,4070,Ojo de Agua,25401,U.E. Ojo De Agua,5022211,1,240,88,92,25,205,88,205
15,Modesto Omiste,1,Villazón,4070,Ojo de Agua,25401,U.E. Ojo De Agua,5022221,2,104,43,29,12,84,43,84
15,Modesto Omiste,1,Villazón,4072,Calderilla,25403,U.E. Calderilla,5022241,1,110,77,25,3,105,77,105
15,Modesto Omiste,1,Villazón,4079,Tinkuya,25485,U.E. Tinkuya,5022251,1,55,29,17,6,52,29,52
15,Modesto Omiste,1,Villazón,4189,Lampaya,25634,U.E. Rafael Quispe,5022271,1,120,65,38,8,111,65,111
