CodigoProvincia,NombreProvincia,CodigoSeccion,NombreMunicipio,CodigoLocalidad,NombreLocalidad,CodigoRecinto,NombreRecinto,CodigoMesa,NumeroMesa,InscritosHabilitados,VotoValido,VotoBlanco,VotoNulo,VotoEmitido,VotoValidoReal,VotoEmitidoReal
1,Cercado,1,Cochabamba,821,Cochabamba,101,Escuela IV Centenario,3002741,2,240,177,23,7,207,177,207
1,Cercado,1,Cochabamba,821,Cochabamba,101,Escuela IV Centenario,3002841,12,240,156,48,13,217,156,217
1,Cercado,1,Cochabamba,821,Cochabamba,101,Escuela IV Centenario,3002871,15,240,165,44,5,214,165,214
1,Cercado,1,Cochabamba,821,Cochabamba,102,Escuela Central Taquiña C,3001791,24,240,151,44,9,204,151,204
1,Cercado,1,Cochabamba,821,Cochabamba,102,Escuela Central Taquiña C,3001821,27,240,162,40,17,219,162,219
1,Cercado,1,Cochabamba,821,Cochabamba,103,Colegio Marista Nuestra Señora Del Pilar,3001381,1,240,127,43,51,221,127,221
1,Cercado,1,Cochabamba,821,Cochabamba,103,Colegio Marista Nuestra Señora Del Pilar,3001391,2,240,151,51,9,211,151,211
1,Cercado,1,Cochabamba,821,Cochabamba,103,Colegio Marista Nuestra Señora Del Pilar,3001401,3,240,171,32,15,218,171,218
1,Cercado,1,Cochabamba,821,Cochabamba,103,Colegio Marista Nuestra Señora Del Pilar,3001411,4,240,140,63,15,218,140,218
1,Cercado,1,Cochabamba,821,Cochabamba,103,Colegio Marista Nuestra Señora Del Pilar,3001421,5,240,147,50,15,212,147,212
1,Cercado,1,Cochabamba,821,Cochabamba,103,Colegio Marista Nuestra Señora Del Pilar,3001431,6,240,170,42,7,219,170,219
1,Cercado,1,Cochabamba,821,Cochabamba,103,Colegio Marista Nuestra Señora Del Pilar,3001441,7,240,148,46,14,208,148,208
1,Cercado,1,Cochabamba,821,Cochabamba,103,Colegio Marista Nuestra Señora Del Pilar,3001451,8,240,165,41,15,221,165,221
1,Cercado,1,Cochabamba,821,Cochabamba,103,Colegio Marista Nuestra Señora Del Pilar,3001461,9,240,170,39,13,222,170,222
1,Cercado,1,Cochabamba,821,Cochabamba,103,Colegio Marista Nuestra Señora Del Pilar,3001471,10,240,161,43,6,210,161,210
1,Cercado,1,Cochabamba,821,Cochabamba,103,Colegio Marista Nuestra Señora Del Pilar,3001481,11,240,171,40,9,220,171,220
1,Cercado,1,Cochabamba,821,Cochabamba,103,Colegio Marista Nuestra Señora Del Pilar,3001491,12,240,161,45,10,216,161,216
1,Cercado,1,Cochabamba,821,Cochabamba,103,Colegio Marista Nuestra Señora Del Pilar,3001511,14,240,157,35,18,210,157,210
1,Cercado,1,Cochabamba,821,Cochabamba,103,Colegio Marista Nuestra Señora Del Pilar,3001521,15,240,165,49,7,221,165,221
1,Cercado,1,Cochabamba,821,Cochabamba,103,Colegio Marista Nuestra Señora Del Pilar,3001531,16,240,164,50,9,223,164,223
1,Cercado,1,Cochabamba,821,Cochabamba,103,Colegio Marista Nuestra Señora Del Pilar,3001541,17,240,153,58,6,217,153,217
1,Cercado,1,Cochabamba,821,Cochabamba,103,Colegio Marista Nuestra Señora Del Pilar,3001551,18,75,44,17,0,61,44,61
1,Cercado,1,Cochabamba,821,Cochabamba,104,U. E. Raymundo Herman,3003111,8,240,182,22,10,214,182,214
1,Cercado,1,Cochabamba,821,Cochabamba,104,U. E. Raymundo Herman,3003151,12,240,160,41,16,217,160,217
1,Cercado,1,Cochabamba,821,Cochabamba,104,U. E. Raymundo Herman,3003161,13,240,172,35,7,214,172,214
1,Cercado,1,Cochabamba,821,Cochabamba,104,U. E. Raymundo Herman,3003181,15,240,181,34,9,224,181,224
1,Cercado,1,Cochabamba,821,Cochabamba,107,Unidad Educativa Club De Leones,3001131,1,240,169,27,8,204,169,204
1,Cercado,1,Cochabamba,821,Cochabamba,107,Unidad Educativa Club De Leones,3001141,2,240,152,41,9,202,152,202
1,Cercado,1,Cochabamba,821,Cochabamba,107,Unidad Educativa Club De Leones,3001151,3,240,170,28,8,206,170,206
1,Cercado,1,Cochabamba,821,Cochabamba,107,Unidad Educativa Club De Leones,3001161,4,240,160,40,9,209,160,209
1,Cercado,1,Cochabamba,821,Cochabamba,107,Unidad Educativa Club De Leones,3001171,5,240,166,34,15,215,166,215
1,Cercado,1,Cochabamba,821,Cochabamba,107,Unidad Educativa Club De Leones,3001181,6,240,155,37,24,216,155,216
1,Cercado,1,Cochabamba,821,Cochabamba,107,Unidad Educativa Club De Leones,3001191,7,240,177,27,11,215,177,215
1,Cercado,1,Cochabamba,821,Cochabamba,107,Unidad Educativa Club De Leones,3001201,8,240,168,34,8,210,168,210
1,Cercado,1,Cochabamba,821,Cochabamba,108,Escuela Mixta Fiscal Temporal A,3000421,1,240,134,40,40,214,134,214
1,Cercado,1,Cochabamba,821,Cochabamba,108,Escuela Mixta Fiscal Temporal A,3000431,2,240,164,32,17,213,164,213
1,Cercado,1,Cochabamba,821,Cochabamba,108,Escuela Mixta Fiscal Temporal A,3000441,3,240,162,44,11,217,162,217
1,Cercado,1,Cochabamba,821,Cochabamba,108,Escuela Mixta Fiscal Temporal A,3000451,4,240,159,49,6,214,159,214
1,Cercado,1,Cochabamba,821,Cochabamba,108,Escuela Mixta Fiscal Temporal A,3000461,5,240,159,39,16,214,159,214
1,Cercado,1,Cochabamba,821,Cochabamba,108,Escuela Mixta Fiscal Temporal A,3000471,6,240,152,48,9,209,152,209
1,Cercado,1,Cochabamba,821,Cochabamba,108,Escuela Mixta Fiscal Temporal A,3000481,7,240,162,34,14,210,162,210
1,Cercado,1,Cochabamba,821,Cochabamba,108,Escuela Mixta Fiscal Temporal A,3000491,8,240,160,31,16,207,160,207
1,Cercado,1,Cochabamba,821,Cochabamba,108,Escuela Mixta Fiscal Temporal A,3000501,9,240,165,37,11,213,165,213
1,Cercado,1,Cochabamba,821,Cochabamba,108,Escuela Mixta Fiscal Temporal A,3000511,10,240,154,48,10,212,154,212
1,Cercado,1,Cochabamba,821,Cochabamba,108,Escuela Mixta Fiscal Temporal A,3000521,11,240,168,28,19,215,168,215
1,Cercado,1,Cochabamba,821,Cochabamba,108,Escuela Mixta Fiscal Temporal A,3000531,12,240,175,35,10,220,175,220
1,Cercado,1,Cochabamba,821,Cochabamba,108,Escuela Mixta Fiscal Temporal A,3000541,13,23,17,1,1,19,17,19
1,Cercado,1,Cochabamba,821,Cochabamba,109,Colegio Marista,3002121,2,240,188,15,8,211,188,211
1,Cercado,1,Cochabamba,821,Cochabamba,109,Colegio Marista,3002141,4,240,192,10,10,212,192,212
1,Cercado,1,Cochabamba,821,Cochabamba,109,Colegio Marista,3002151,5,240,187,22,11,220,187,220
1,Cercado,1,Cochabamba,821,Cochabamba,109,Colegio Marista,3002161,6,240,159,32,13,204,159,204
1,Cercado,1,Cochabamba,821,Cochabamba,109,Colegio Marista,3002171,7,240,179,23,10,212,179,212
1,Cercado,1,Cochabamba,821,Cochabamba,109,Colegio Marista,3002181,8,240,175,37,7,219,175,219
1,Cercado,1,Cochabamba,821,Cochabamba,109,Colegio Marista,3002191,9,240,191,22,3,216,191,216
1,Cercado,1,Cochabamba,821,Cochabamba,109,Colegio Marista,3002201,10,240,183,21,10,214,183,214
1,Cercado,1,Cochabamba,821,Cochabamba,109,Colegio Marista,3002211,11,240,179,29,4,212,179,212
1,Cercado,1,Cochabamba,821,Cochabamba,109,Colegio Marista,3002231,13,240,158,40,12,210,158,210
1,Cercado,1,Cochabamba,821,Cochabamba,109,Colegio Marista,3002241,14,240,186,22,8,216,186,216
1,Cercado,1,Cochabamba,821,Cochabamba,109,Colegio Marista,3002251,15,240,171,37,13,221,171,221
1,Cercado,1,Cochabamba,821,Cochabamba,109,Colegio Marista,3002271,17,240,174,30,9,213,174,213
1,Cercado,1,Cochabamba,821,Cochabamba,109,Colegio Marista,3002281,18,240,159,37,11,207,159,207
1,Cercado,1,Cochabamba,821,Cochabamba,109,Colegio Marista,3002301,20,240,191,15,7,213,191,213
1,Cercado,1,Cochabamba,821,Cochabamba,109,Colegio Marista,3002311,21,240,172,25,11,208,172,208
1,Cercado,1,Cochabamba,821,Cochabamba,109,Colegio Marista,3002321,22,240,165,20,26,211,165,211
1,Cercado,1,Cochabamba,821,Cochabamba,109,Colegio Marista,3002331,23,240,180,30,6,216,180,216
1,Cercado,1,Cochabamba,821,Cochabamba,109,Colegio Marista,3002341,24,165,122,20,4,146,122,146
1,Cercado,1,Cochabamba,821,Cochabamba,111,Colegio Federico Froebel,3000111,2,240,167,37,7,211,167,211
1,Cercado,1,Cochabamba,821,Cochabamba,111,Colegio Federico Froebel,3000121,3,240,172,32,10,214,172,214
1,Cercado,1,Cochabamba,821,Cochabamba,111,Colegio Federico Froebel,3000131,4,240,173,32,9,214,173,214
1,Cercado,1,Cochabamba,821,Cochabamba,111,Colegio Federico Froebel,3000141,5,240,155,48,18,221,155,221
1,Cercado,1,Cochabamba,821,Cochabamba,111,Colegio Federico Froebel,3000151,6,240,172,31,12,215,172,215
1,Cercado,1,Cochabamba,821,Cochabamba,111,Colegio Federico Froebel,3000161,7,240,179,23,9,211,179,211
1,Cercado,1,Cochabamba,821,Cochabamba,111,Colegio Federico Froebel,3000171,8,240,162,37,12,211,162,211
1,Cercado,1,Cochabamba,821,Cochabamba,111,Colegio Federico Froebel,3000181,9,240,180,28,8,216,180,216
1,Cercado,1,Cochabamba,821,Cochabamba,111,Colegio Federico Froebel,3000191,10,240,171,33,12,216,171,216
1,Cercado,1,Cochabamba,821,Cochabamba,111,Colegio Federico Froebel,3000201,11,240,171,38,9,218,171,218
1,Cercado,1,Cochabamba,821,Cochabamba,111,Colegio Federico Froebel,3000211,12,240,169,35,9,213,169,213
1,Cercado,1,Cochabamba,821,Cochabamba,113,Instituto Eduardo Laredo,3017481,1,240,173,22,13,208,173,208
1,Cercado,1,Cochabamba,821,Cochabamba,113,Instituto Eduardo Laredo,3017491,2,240,156,32,8,196,156,196
1,Cercado,1,Cochabamba,821,Cochabamba,113,Instituto Eduardo Laredo,3017511,4,240,171,18,12,201,171,201
1,Cercado,1,Cochabamba,821,Cochabamba,113,Instituto Eduardo Laredo,3017521,5,240,177,13,7,197,177,197
1,Cercado,1,Cochabamba,821,Cochabamba,114,Instituto Americano,3020671,1,240,169,31,4,204,169,204
1,Cercado,1,Cochabamba,821,Cochabamba,114,Instituto Americano,3020681,2,240,167,27,10,204,167,204
1,Cercado,1,Cochabamba,821,Cochabamba,114,Instituto Americano,3020691,3,240,191,10,2,203,191,203
1,Cercado,1,Cochabamba,821,Cochabamba,114,Instituto Americano,3020701,4,240,177,27,5,209,177,209
1,Cercado,1,Cochabamba,821,Cochabamba,114,Instituto Americano,3020721,6,240,187,25,7,219,187,219
1,Cercado,1,Cochabamba,821,Cochabamba,114,Instituto Americano,3020731,7,240,174,26,7,207,174,207
1,Cercado,1,Cochabamba,821,Cochabamba,114,Instituto Americano,3020741,8,240,153,27,15,195,153,195
1,Cercado,1,Cochabamba,821,Cochabamba,114,Instituto Americano,3020841,18,240,178,21,10,209,178,209
1,Cercado,1,Cochabamba,821,Cochabamba,114,Instituto Americano,3020851,19,240,177,24,13,214,177,214
1,Cercado,1,Cochabamba,821,Cochabamba,114,Instituto Americano,3020861,20,240,172,20,12,204,172,204
1,Cercado,1,Cochabamba,821,Cochabamba,114,Instituto Americano,3020911,25,240,173,20,11,204,173,204
1,Cercado,1,Cochabamba,821,Cochabamba,114,Instituto Americano,3020921,26,240,198,12,5,215,198,215
1,Cercado,1,Cochabamba,821,Cochabamba,114,Instituto Americano,3020941,28,240,175,31,7,213,175,213
1,Cercado,1,Cochabamba,821,Cochabamba,114,Instituto Americano,3020951,29,240,163,28,15,206,163,206
1,Cercado,1,Cochabamba,821,Cochabamba,114,Instituto Americano,3020961,30,240,187,19,10,216,187,216
1,Cercado,1,Cochabamba,821,Cochabamba,114,Instituto Americano,3020981,32,225,157,19,10,186,157,186
1,Cercado,1,Cochabamba,821,Cochabamba,117,Escuela Maryknoll,3021061,1,240,176,19,6,201,176,201
1,Cercado,1,Cochabamba,821,Cochabamba,117,Escuela Maryknoll,3021071,2,240,183,12,9,204,183,204
1,Cercado,1,Cochabamba,821,Cochabamba,117,Escuela Maryknoll,3021081,3,240,159,25,16,200,159,200
1,Cercado,1,Cochabamba,821,Cochabamba,117,Escuela Maryknoll,3021091,4,240,176,18,8,202,176,202
1,Cercado,1,Cochabamba,821,Cochabamba,117,Escuela Maryknoll,3021101,5,240,160,30,9,199,160,199
1,Cercado,1,Cochabamba,821,Cochabamba,117,Escuela Maryknoll,3021111,6,240,175,29,8,212,175,212
1,Cercado,1,Cochabamba,821,Cochabamba,117,Escuela Maryknoll,3021121,7,240,163,26,7,196,163,196
1,Cercado,1,Cochabamba,821,Cochabamba,117,Escuela Maryknoll,3021131,8,229,160,27,10,197,160,197
1,Cercado,1,Cochabamba,821,Cochabamba,119,Escuela Jose Maria Santivañez,3020501,3,240,187,24,9,220,187,220
1,Cercado,1,Cochabamba,821,Cochabamba,119,Escuela Jose Maria Santivañez,3020651,18,240,179,26,7,212,179,212
1,Cercado,1,Cochabamba,821,Cochabamba,120,Colegio Maryknoll,3019691,1,240,166,32,10,208,166,208
1,Cercado,1,Cochabamba,821,Cochabamba,120,Colegio Maryknoll,3019701,2,240,180,26,17,223,180,223
1,Cercado,1,Cochabamba,821,Cochabamba,121,Liceo Guindalina Loayza,3019941,2,240,178,22,9,209,178,209
1,Cercado,1,Cochabamba,821,Cochabamba,121,Liceo Guindalina Loayza,3019951,3,240,182,28,4,214,182,214
1,Cercado,1,Cochabamba,821,Cochabamba,121,Liceo Guindalina Loayza,3019961,4,240,174,21,9,204,174,204
1,Cercado,1,Cochabamba,821,Cochabamba,121,Liceo Guindalina Loayza,3019971,5,240,179,25,11,215,179,215
1,Cercado,1,Cochabamba,821,Cochabamba,121,Liceo Guindalina Loayza,3019981,6,240,186,20,6,212,186,212
1,Cercado,1,Cochabamba,821,Cochabamba,122,Colegio Venezuela,3021331,1,240,152,41,10,203,152,203
1,Cercado,1,Cochabamba,821,Cochabamba,122,Colegio Venezuela,3021351,3,240,186,25,9,220,186,220
1,Cercado,1,Cochabamba,821,Cochabamba,122,Colegio Venezuela,3021371,5,240,165,42,8,215,165,215
1,Cercado,1,Cochabamba,821,Cochabamba,123,Colegio Richard Von Weizacker,3003491,9,240,177,22,21,220,177,220
1,Cercado,1,Cochabamba,821,Cochabamba,123,Colegio Richard Von Weizacker,3003511,11,240,184,15,14,213,184,213
1,Cercado,1,Cochabamba,821,Cochabamba,123,Colegio Richard Von Weizacker,3003521,12,240,195,12,9,216,195,216
1,Cercado,1,Cochabamba,821,Cochabamba,123,Colegio Richard Von Weizacker,3003531,13,240,178,31,5,214,178,214
1,Cercado,1,Cochabamba,821,Cochabamba,123,Colegio Richard Von Weizacker,3003551,15,231,160,33,7,200,160,200
1,Cercado,1,Cochabamba,821,Cochabamba,128,Seminario San Jose,3005631,1,240,166,27,16,209,166,209
1,Cercado,1,Cochabamba,821,Cochabamba,128,Seminario San Jose,3005641,2,240,167,36,14,217,167,217
1,Cercado,1,Cochabamba,821,Cochabamba,128,Seminario San Jose,3005651,3,240,168,42,11,221,168,221
1,Cercado,1,Cochabamba,821,Cochabamba,128,Seminario San Jose,3005661,4,240,167,31,12,210,167,210
1,Cercado,1,Cochabamba,821,Cochabamba,128,Seminario San Jose,3005671,5,240,188,14,11,213,188,213
1,Cercado,1,Cochabamba,821,Cochabamba,128,Seminario San Jose,3005681,6,240,192,26,7,225,192,225
1,Cercado,1,Cochabamba,821,Cochabamba,128,Seminario San Jose,3005701,8,240,179,24,15,218,179,218
1,Cercado,1,Cochabamba,821,Cochabamba,128,Seminario San Jose,3005711,9,240,165,32,21,218,165,218
1,Cercado,1,Cochabamba,821,Cochabamba,128,Seminario San Jose,3005721,10,240,183,23,9,215,183,215
1,Cercado,1,Cochabamba,821,Cochabamba,128,Seminario San Jose,3005731,11,240,164,38,21,223,164,223
1,Cercado,1,Cochabamba,821,Cochabamba,128,Seminario San Jose,3005741,12,240,156,49,11,216,156,216
1,Cercado,1,Cochabamba,821,Cochabamba,128,Seminario San Jose,3005751,13,240,173,38,8,219,173,219
1,Cercado,1,Cochabamba,821,Cochabamba,128,Seminario San Jose,3005761,14,240,176,36,7,219,176,219
1,Cercado,1,Cochabamba,821,Cochabamba,128,Seminario San Jose,3005771,15,169,122,25,8,155,122,155
1,Cercado,1,Cochabamba,821,Cochabamba,129,Esc. Fiscal Juan XXIII A Juancito Pinto,3005891,1,240,181,34,5,220,181,220
1,Cercado,1,Cochabamba,821,Cochabamba,129,Esc. Fiscal Juan XXIII A Juancito Pinto,3005911,3,240,180,25,7,212,180,212
1,Cercado,1,Cochabamba,821,Cochabamba,129,Esc. Fiscal Juan XXIII A Juancito Pinto,3005921,4,240,172,33,15,220,172,220
1,Cercado,1,Cochabamba,821,Cochabamba,129,Esc. Fiscal Juan XXIII A Juancito Pinto,3005931,5,240,180,27,8,215,180,215
1,Cercado,1,Cochabamba,821,Cochabamba,129,Esc. Fiscal Juan XXIII A Juancito Pinto,3005941,6,240,177,27,12,216,177,216
1,Cercado,1,Cochabamba,821,Cochabamba,129,Esc. Fiscal Juan XXIII A Juancito Pinto,3005951,7,240,158,31,26,215,158,215
1,Cercado,1,Cochabamba,821,Cochabamba,129,Esc. Fiscal Juan XXIII A Juancito Pinto,3005981,10,231,170,27,10,207,170,207
1,Cercado,1,Cochabamba,821,Cochabamba,130,Unidad Educativa Maria Emilia Riquelme (Ex Maria Cristina),3005781,1,240,165,39,14,218,165,218
1,Cercado,1,Cochabamba,821,Cochabamba,130,Unidad Educativa Maria Emilia Riquelme (Ex Maria Cristina),3005791,2,240,160,51,15,226,160,226
1,Cercado,1,Cochabamba,821,Cochabamba,130,Unidad Educativa Maria Emilia Riquelme (Ex Maria Cristina),3005811,4,240,166,29,18,213,166,213
1,Cercado,1,Cochabamba,821,Cochabamba,130,Unidad Educativa Maria Emilia Riquelme (Ex Maria Cristina),3005821,5,240,157,47,4,208,157,208
1,Cercado,1,Cochabamba,821,Cochabamba,130,Unidad Educativa Maria Emilia Riquelme (Ex Maria Cristina),3005841,7,240,159,43,8,210,159,210
1,Cercado,1,Cochabamba,821,Cochabamba,130,Unidad Educativa Maria Emilia Riquelme (Ex Maria Cristina),3005851,8,240,167,48,10,225,167,225
1,Cercado,1,Cochabamba,821,Cochabamba,130,Unidad Educativa Maria Emilia Riquelme (Ex Maria Cristina),3005871,10,240,179,33,10,222,179,222
1,Cercado,1,Cochabamba,821,Cochabamba,130,Unidad Educativa Maria Emilia Riquelme (Ex Maria Cristina),3005881,11,69,49,14,2,65,49,65
1,Cercado,1,Cochabamba,821,Cochabamba,132,Escuela Antofagasta,3003981,2,240,164,35,13,212,164,212
1,Cercado,1,Cochabamba,821,Cochabamba,132,Escuela Antofagasta,3003991,3,240,181,36,9,226,181,226
1,Cercado,1,Cochabamba,821,Cochabamba,132,Escuela Antofagasta,3004001,4,240,189,24,9,222,189,222
1,Cercado,1,Cochabamba,821,Cochabamba,132,Escuela Antofagasta,3004011,5,240,166,39,11,216,166,216
1,Cercado,1,Cochabamba,821,Cochabamba,132,Escuela Antofagasta,3004021,6,240,174,39,6,219,174,219
1,Cercado,1,Cochabamba,821,Cochabamba,132,Escuela Antofagasta,3004031,7,240,165,45,10,220,165,220
1,Cercado,1,Cochabamba,821,Cochabamba,132,Escuela Antofagasta,3004041,8,240,174,30,7,211,174,211
1,Cercado,1,Cochabamba,821,Cochabamba,132,Escuela Antofagasta,3004051,9,240,161,33,18,212,161,212
1,Cercado,1,Cochabamba,821,Cochabamba,132,Escuela Antofagasta,3004061,10,240,200,19,4,223,200,223
1,Cercado,1,Cochabamba,821,Cochabamba,132,Escuela Antofagasta,3004071,11,240,169,41,10,220,169,220
1,Cercado,1,Cochabamba,821,Cochabamba,132,Escuela Antofagasta,3004081,12,240,175,33,12,220,175,220
1,Cercado,1,Cochabamba,821,Cochabamba,132,Escuela Antofagasta,3004091,13,240,166,42,8,216,166,216
1,Cercado,1,Cochabamba,821,Cochabamba,132,Escuela Antofagasta,3004101,14,240,159,47,14,220,159,220
1,Cercado,1,Cochabamba,821,Cochabamba,132,Escuela Antofagasta,3004111,15,240,173,38,5,216,173,216
1,Cercado,1,Cochabamba,821,Cochabamba,132,Escuela Antofagasta,3004121,16,240,179,35,5,219,179,219
1,Cercado,1,Cochabamba,821,Cochabamba,132,Escuela Antofagasta,3004131,17,196,133,42,5,180,133,180
1,Cercado,1,Cochabamba,821,Cochabamba,134,Unidad Educativa Esteban Arze,3005221,1,240,160,56,8,224,160,224
1,Cercado,1,Cochabamba,821,Cochabamba,134,Unidad Educativa Esteban Arze,3005251,4,240,198,15,7,220,198,220
1,Cercado,1,Cochabamba,821,Cochabamba,134,Unidad Educativa Esteban Arze,3005271,6,240,164,49,4,217,164,217
1,Cercado,1,Cochabamba,821,Cochabamba,134,Unidad Educativa Esteban Arze,3005281,7,240,170,42,12,224,170,224
1,Cercado,1,Cochabamba,821,Cochabamba,134,Unidad Educativa Esteban Arze,3005291,8,240,158,49,10,217,158,217
1,Cercado,1,Cochabamba,821,Cochabamba,134,Unidad Educativa Esteban Arze,3005301,9,240,192,26,9,227,192,227
1,Cercado,1,Cochabamba,821,Cochabamba,134,Unidad Educativa Esteban Arze,3005311,10,162,98,41,11,150,98,150
1,Cercado,1,Cochabamba,821,Cochabamba,135,Escuela Jose Gabriel De Gumucio,3021811,6,240,177,17,10,204,177,204
1,Cercado,1,Cochabamba,821,Cochabamba,136,Colegio Cristo Rey,3021601,1,240,166,35,17,218,166,218
1,Cercado,1,Cochabamba,821,Cochabamba,136,Colegio Cristo Rey,3021611,2,240,188,23,9,220,188,220
1,Cercado,1,Cochabamba,821,Cochabamba,136,Colegio Cristo Rey,3021621,3,240,165,34,14,213,165,213
1,Cercado,1,Cochabamba,821,Cochabamba,136,Colegio Cristo Rey,3021651,6,240,161,45,13,219,161,219
1,Cercado,1,Cochabamba,821,Cochabamba,137,Colegio Paulo VI,3021421,1,240,146,38,23,207,146,207
1,Cercado,1,Cochabamba,821,Cochabamba,137,Colegio Paulo VI,3021441,3,240,166,29,11,206,166,206
1,Cercado,1,Cochabamba,821,Cochabamba,137,Colegio Paulo VI,3021451,4,240,183,26,9,218,183,218
1,Cercado,1,Cochabamba,821,Cochabamba,137,Colegio Paulo VI,3021461,5,240,176,27,4,207,176,207
1,Cercado,1,Cochabamba,821,Cochabamba,137,Colegio Paulo VI,3021491,8,240,188,27,3,218,188,218
1,Cercado,1,Cochabamba,821,Cochabamba,137,Colegio Paulo VI,3021501,9,240,174,25,7,206,174,206
1,Cercado,1,Cochabamba,821,Cochabamba,139,U. E. 1ro. de Mayo,3014981,10,240,135,65,11,211,135,211
1,Cercado,1,Cochabamba,821,Cochabamba,139,U. E. 1ro. de Mayo,3014991,11,240,136,48,19,203,136,203
1,Cercado,1,Cochabamba,821,Cochabamba,139,U. E. 1ro. de Mayo,3015001,12,240,149,53,10,212,149,212
1,Cercado,1,Cochabamba,821,Cochabamba,139,U. E. 1ro. de Mayo,3015011,13,240,148,56,16,220,148,220
1,Cercado,1,Cochabamba,821,Cochabamba,139,U. E. 1ro. de Mayo,3015021,14,192,102,44,21,167,102,167
1,Cercado,1,Cochabamba,821,Cochabamba,140,Colegio La Salle,3017691,1,240,192,18,10,220,192,220
1,Cercado,1,Cochabamba,821,Cochabamba,140,Colegio La Salle,3017701,2,240,184,23,9,216,184,216
1,Cercado,1,Cochabamba,821,Cochabamba,140,Colegio La Salle,3017711,3,240,167,34,6,207,167,207
1,Cercado,1,Cochabamba,821,Cochabamba,140,Colegio La Salle,3017721,4,240,181,16,9,206,181,206
1,Cercado,1,Cochabamba,821,Cochabamba,140,Colegio La Salle,3017731,5,240,163,30,12,205,163,205
1,Cercado,1,Cochabamba,821,Cochabamba,141,Colegio Boliviano Argentino,3018171,1,240,162,30,9,201,162,201
1,Cercado,1,Cochabamba,821,Cochabamba,141,Colegio Boliviano Argentino,3018191,3,240,159,28,9,196,159,196
1,Cercado,1,Cochabamba,821,Cochabamba,145,Colegio Don Bosco,3019181,1,240,178,21,8,207,178,207
1,Cercado,1,Cochabamba,821,Cochabamba,145,Colegio Don Bosco,3019191,2,240,188,10,11,209,188,209
1,Cercado,1,Cochabamba,821,Cochabamba,145,Colegio Don Bosco,3019201,3,240,174,23,7,204,174,204
1,Cercado,1,Cochabamba,821,Cochabamba,145,Colegio Don Bosco,3019211,4,240,176,25,3,204,176,204
1,Cercado,1,Cochabamba,821,Cochabamba,145,Colegio Don Bosco,3019221,5,240,164,27,20,211,164,211
1,Cercado,1,Cochabamba,821,Cochabamba,145,Colegio Don Bosco,3019231,6,240,162,26,9,197,162,197
1,Cercado,1,Cochabamba,821,Cochabamba,145,Colegio Don Bosco,3019241,7,240,166,31,13,210,166,210
1,Cercado,1,Cochabamba,821,Cochabamba,145,Colegio Don Bosco,3019261,9,240,173,20,10,203,173,203
1,Cercado,1,Cochabamba,821,Cochabamba,145,Colegio Don Bosco,3019271,10,240,178,17,8,203,178,203
1,Cercado,1,Cochabamba,821,Cochabamba,146,Colegio Loyola,3019001,1,240,185,20,12,217,185,217
1,Cercado,1,Cochabamba,821,Cochabamba,146,Colegio Loyola,3019021,3,240,176,12,13,201,176,201
1,Cercado,1,Cochabamba,821,Cochabamba,146,Colegio Loyola,3019041,5,240,164,22,11,197,164,197
1,Cercado,1,Cochabamba,821,Cochabamba,146,Colegio Loyola,3019051,6,240,174,33,4,211,174,211
1,Cercado,1,Cochabamba,821,Cochabamba,146,Colegio Loyola,3019081,9,90,66,6,9,81,66,81
1,Cercado,1,Cochabamba,821,Cochabamba,147,Escuela Wilge Rodriguez,3018041,1,240,177,14,11,202,177,202
1,Cercado,1,Cochabamba,821,Cochabamba,147,Escuela Wilge Rodriguez,3018051,2,240,168,19,9,196,168,196
1,Cercado,1,Cochabamba,821,Cochabamba,147,Escuela Wilge Rodriguez,3018061,3,240,144,31,15,190,144,190
1,Cercado,1,Cochabamba,821,Cochabamba,147,Escuela Wilge Rodriguez,3018071,4,240,170,31,8,209,170,209
1,Cercado,1,Cochabamba,821,Cochabamba,147,Escuela Wilge Rodriguez,3018081,5,119,86,12,4,102,86,102
1,Cercado,1,Cochabamba,821,Cochabamba,149,Escuela Gualberto Villarroel,3019101,2,240,171,28,13,212,171,212
1,Cercado,1,Cochabamba,821,Cochabamba,149,Escuela Gualberto Villarroel,3019111,3,240,168,31,12,211,168,211
1,Cercado,1,Cochabamba,821,Cochabamba,149,Escuela Gualberto Villarroel,3019121,4,240,188,15,14,217,188,217
1,Cercado,1,Cochabamba,821,Cochabamba,149,Escuela Gualberto Villarroel,3019131,5,240,191,16,10,217,191,217
1,Cercado,1,Cochabamba,821,Cochabamba,149,Escuela Gualberto Villarroel,3019141,6,240,148,29,26,203,148,203
1,Cercado,1,Cochabamba,821,Cochabamba,149,Escuela Gualberto Villarroel,3019151,7,240,168,36,16,220,168,220
1,Cercado,1,Cochabamba,821,Cochabamba,149,Escuela Gualberto Villarroel,3019171,9,253,186,26,8,220,186,220
1,Cercado,1,Cochabamba,821,Cochabamba,151,Colegio San Rafael,3018821,1,240,172,40,9,221,172,221
1,Cercado,1,Cochabamba,821,Cochabamba,151,Colegio San Rafael,3018831,2,240,177,32,14,223,177,223
1,Cercado,1,Cochabamba,821,Cochabamba,151,Colegio San Rafael,3018851,4,240,166,40,10,216,166,216
1,Cercado,1,Cochabamba,821,Cochabamba,151,Colegio San Rafael,3018861,5,240,162,47,8,217,162,217
1,Cercado,1,Cochabamba,821,Cochabamba,151,Colegio San Rafael,3018871,6,240,156,47,15,218,156,218
1,Cercado,1,Cochabamba,821,Cochabamba,152,Escuela Walter Vallejo,3018481,3,240,154,36,13,203,154,203
1,Cercado,1,Cochabamba,821,Cochabamba,152,Escuela Walter Vallejo,3018491,4,240,158,42,5,205,158,205
1,Cercado,1,Cochabamba,821,Cochabamba,152,Escuela Walter Vallejo,3018501,5,240,180,17,12,209,180,209
1,Cercado,1,Cochabamba,821,Cochabamba,160,(Cárcel) Penitenciaria San Sebastian Mujeres,3017981,1,240,111,80,10,201,111,201
1,Cercado,1,Cochabamba,821,Cochabamba,162,Liceo Adela Zamudio,3005471,2,240,165,28,12,205,165,205
1,Cercado,1,Cochabamba,821,Cochabamba,162,Liceo Adela Zamudio,3005501,5,240,163,19,5,187,163,187
1,Cercado,1,Cochabamba,821,Cochabamba,162,Liceo Adela Zamudio,3005511,6,240,153,30,21,204,153,204
1,Cercado,1,Cochabamba,821,Cochabamba,162,Liceo Adela Zamudio,3005521,7,240,164,21,14,199,164,199
1,Cercado,1,Cochabamba,821,Cochabamba,162,Liceo Adela Zamudio,3005541,9,240,162,21,6,189,162,189
1,Cercado,1,Cochabamba,821,Cochabamba,162,Liceo Adela Zamudio,3005551,10,240,179,15,11,205,179,205
1,Cercado,1,Cochabamba,821,Cochabamba,162,Liceo Adela Zamudio,3005561,11,240,162,16,10,188,162,188
1,Cercado,1,Cochabamba,821,Cochabamba,162,Liceo Adela Zamudio,3005571,12,240,153,35,4,192,153,192
1,Cercado,1,Cochabamba,821,Cochabamba,162,Liceo Adela Zamudio,3005581,13,240,168,21,16,205,168,205
1,Cercado,1,Cochabamba,821,Cochabamba,162,Liceo Adela Zamudio,3005591,14,240,175,27,6,208,175,208
1,Cercado,1,Cochabamba,821,Cochabamba,162,Liceo Adela Zamudio,3005601,15,240,165,17,16,198,165,198
1,Cercado,1,Cochabamba,821,Cochabamba,162,Liceo Adela Zamudio,3005611,16,48,35,6,4,45,35,45
1,Cercado,1,Cochabamba,821,Cochabamba,164,Unidad Educativa Santa Maria Micaela,3005041,6,240,177,22,22,221,177,221
1,Cercado,1,Cochabamba,821,Cochabamba,164,Unidad Educativa Santa Maria Micaela,3005131,15,240,161,29,16,206,161,206
1,Cercado,1,Cochabamba,821,Cochabamba,164,Unidad Educativa Santa Maria Micaela,3005151,17,240,148,51,21,220,148,220
1,Cercado,1,Cochabamba,821,Cochabamba,164,Unidad Educativa Santa Maria Micaela,3005161,18,240,168,35,3,206,168,206
1,Cercado,1,Cochabamba,821,Cochabamba,164,Unidad Educativa Santa Maria Micaela,3005171,19,240,141,44,18,203,141,203
1,Cercado,1,Cochabamba,821,Cochabamba,164,Unidad Educativa Santa Maria Micaela,3005181,20,240,163,37,14,214,163,214
1,Cercado,1,Cochabamba,821,Cochabamba,164,Unidad Educativa Santa Maria Micaela,3005201,22,240,154,47,17,218,154,218
1,Cercado,1,Cochabamba,821,Cochabamba,164,Unidad Educativa Santa Maria Micaela,3005211,23,50,36,7,2,45,36,45
1,Cercado,1,Cochabamba,821,Cochabamba,165,Esc. Republica Del Peru O I. Vasquez,3006741,1,240,131,45,33,209,131,209
1,Cercado,1,Cochabamba,821,Cochabamba,165,Esc. Republica Del Peru O I. Vasquez,3006751,2,240,160,41,11,212,160,212
1,Cercado,1,Cochabamba,821,Cochabamba,165,Esc. Republica Del Peru O I. Vasquez,3006761,3,240,181,19,13,213,181,213
1,Cercado,1,Cochabamba,821,Cochabamba,165,Esc. Republica Del Peru O I. Vasquez,3006771,4,240,160,46,8,214,160,214
1,Cercado,1,Cochabamba,821,Cochabamba,165,Esc. Republica Del Peru O I. Vasquez,3006791,6,240,150,51,12,213,150,213
1,Cercado,1,Cochabamba,821,Cochabamba,165,Esc. Republica Del Peru O I. Vasquez,3006801,7,240,153,55,7,215,153,215
1,Cercado,1,Cochabamba,821,Cochabamba,165,Esc. Republica Del Peru O I. Vasquez,3006811,8,240,166,37,12,215,166,215
1,Cercado,1,Cochabamba,821,Cochabamba,165,Esc. Republica Del Peru O I. Vasquez,3006821,9,240,164,44,7,215,164,215
1,Cercado,1,Cochabamba,821,Cochabamba,165,Esc. Republica Del Peru O I. Vasquez,3006831,10,240,159,33,22,214,159,214
1,Cercado,1,Cochabamba,821,Cochabamba,165,Esc. Republica Del Peru O I. Vasquez,3006841,11,240,163,42,13,218,163,218
1,Cercado,1,Cochabamba,821,Cochabamba,165,Esc. Republica Del Peru O I. Vasquez,3006851,12,240,161,30,13,204,161,204
1,Cercado,1,Cochabamba,821,Cochabamba,165,Esc. Republica Del Peru O I. Vasquez,3006871,14,240,150,45,14,209,150,209
1,Cercado,1,Cochabamba,821,Cochabamba,165,Esc. Republica Del Peru O I. Vasquez,3006881,15,240,180,35,10,225,180,225
1,Cercado,1,Cochabamba,821,Cochabamba,165,Esc. Republica Del Peru O I. Vasquez,3006891,16,240,166,42,8,216,166,216
1,Cercado,1,Cochabamba,821,Cochabamba,165,Esc. Republica Del Peru O I. Vasquez,3006901,17,240,158,47,8,213,158,213
1,Cercado,1,Cochabamba,821,Cochabamba,165,Esc. Republica Del Peru O I. Vasquez,3006911,18,240,170,44,6,220,170,220
1,Cercado,1,Cochabamba,821,Cochabamba,165,Esc. Republica Del Peru O I. Vasquez,3006931,20,240,185,28,8,221,185,221
1,Cercado,1,Cochabamba,821,Cochabamba,165,Esc. Republica Del Peru O I. Vasquez,3006941,21,240,169,42,7,218,169,218
1,Cercado,1,Cochabamba,821,Cochabamba,165,Esc. Republica Del Peru O I. Vasquez,3006961,23,240,156,39,11,206,156,206
1,Cercado,1,Cochabamba,821,Cochabamba,165,Esc. Republica Del Peru O I. Vasquez,3006971,24,240,148,51,26,225,148,225
1,Cercado,1,Cochabamba,821,Cochabamba,165,Esc. Republica Del Peru O I. Vasquez,3006991,26,235,172,31,5,208,172,208
1,Cercado,1,Cochabamba,821,Cochabamba,168,Colegio Sergio Almaraz Paz,3007191,10,240,156,44,12,212,156,212
1,Cercado,1,Cochabamba,821,Cochabamba,169,Unidad Educativa Andres Bello,3009501,1,240,156,50,12,218,156,218
1,Cercado,1,Cochabamba,821,Cochabamba,169,Unidad Educativa Andres Bello,3009511,2,240,163,26,15,204,163,204
1,Cercado,1,Cochabamba,821,Cochabamba,169,Unidad Educativa Andres Bello,3009521,3,240,152,41,24,217,152,217
1,Cercado,1,Cochabamba,821,Cochabamba,169,Unidad Educativa Andres Bello,3009531,4,240,151,43,15,209,151,209
1,Cercado,1,Cochabamba,821,Cochabamba,169,Unidad Educativa Andres Bello,3009541,5,240,166,36,7,209,166,209
1,Cercado,1,Cochabamba,821,Cochabamba,169,Unidad Educativa Andres Bello,3009551,6,240,154,46,11,211,154,211
1,Cercado,1,Cochabamba,821,Cochabamba,169,Unidad Educativa Andres Bello,3009561,7,240,154,43,15,212,154,212
1,Cercado,1,Cochabamba,821,Cochabamba,169,Unidad Educativa Andres Bello,3009571,8,240,155,41,10,206,155,206
1,Cercado,1,Cochabamba,821,Cochabamba,169,Unidad Educativa Andres Bello,3009591,10,240,148,42,18,208,148,208
1,Cercado,1,Cochabamba,821,Cochabamba,169,Unidad Educativa Andres Bello,3009601,11,240,168,38,10,216,168,216
1,Cercado,1,Cochabamba,821,Cochabamba,169,Unidad Educativa Andres Bello,3009611,12,240,141,45,10,196,141,196
1,Cercado,1,Cochabamba,821,Cochabamba,169,Unidad Educativa Andres Bello,3009621,13,240,163,34,20,217,163,217
1,Cercado,1,Cochabamba,821,Cochabamba,169,Unidad Educativa Andres Bello,3009631,14,240,145,43,8,196,145,196
1,Cercado,1,Cochabamba,821,Cochabamba,169,Unidad Educativa Andres Bello,3009641,15,240,162,33,14,209,162,209
1,Cercado,1,Cochabamba,821,Cochabamba,169,Unidad Educativa Andres Bello,3009651,16,240,157,38,9,204,157,204
1,Cercado,1,Cochabamba,821,Cochabamba,169,Unidad Educativa Andres Bello,3009661,17,240,163,45,5,213,163,213
1,Cercado,1,Cochabamba,821,Cochabamba,169,Unidad Educativa Andres Bello,3009671,18,184,112,36,13,161,112,161
1,Cercado,1,Cochabamba,821,Cochabamba,171,Colegio Martin Cardenas,3008221,1,240,150,44,13,207,150,207
1,Cercado,1,Cochabamba,821,Cochabamba,171,Colegio Martin Cardenas,3008231,2,240,167,43,6,216,167,216
1,Cercado,1,Cochabamba,821,Cochabamba,171,Colegio Martin Cardenas,3008241,3,240,167,43,7,217,167,217
1,Cercado,1,Cochabamba,821,Cochabamba,171,Colegio Martin Cardenas,3008251,4,240,152,56,7,215,152,215
1,Cercado,1,Cochabamba,821,Cochabamba,171,Colegio Martin Cardenas,3008261,5,240,167,36,22,225,167,225
1,Cercado,1,Cochabamba,821,Cochabamba,171,Colegio Martin Cardenas,3008271,6,240,163,33,12,208,163,208
1,Cercado,1,Cochabamba,821,Cochabamba,171,Colegio Martin Cardenas,3008281,7,240,150,44,24,218,150,218
1,Cercado,1,Cochabamba,821,Cochabamba,171,Colegio Martin Cardenas,3008291,8,240,149,53,9,211,149,211
1,Cercado,1,Cochabamba,821,Cochabamba,171,Colegio Martin Cardenas,3008301,9,240,164,41,12,217,164,217
1,Cercado,1,Cochabamba,821,Cochabamba,171,Colegio Martin Cardenas,3008311,10,240,139,47,11,197,139,197
1,Cercado,1,Cochabamba,821,Cochabamba,171,Colegio Martin Cardenas,3008321,11,240,163,39,9,211,163,211
1,Cercado,1,Cochabamba,821,Cochabamba,171,Colegio Martin Cardenas,3008331,12,240,168,39,12,219,168,219
1,Cercado,1,Cochabamba,821,Cochabamba,171,Colegio Martin Cardenas,3008341,13,240,169,33,7,209,169,209
1,Cercado,1,Cochabamba,821,Cochabamba,171,Colegio Martin Cardenas,3008351,14,240,173,40,5,218,173,218
1,Cercado,1,Cochabamba,821,Cochabamba,171,Colegio Martin Cardenas,3008361,15,240,161,43,9,213,161,213
1,Cercado,1,Cochabamba,821,Cochabamba,171,Colegio Martin Cardenas,3008371,16,240,172,21,22,215,172,215
1,Cercado,1,Cochabamba,821,Cochabamba,171,Colegio Martin Cardenas,3008381,17,240,179,20,14,213,179,213
1,Cercado,1,Cochabamba,821,Cochabamba,171,Colegio Martin Cardenas,3008391,18,95,68,13,3,84,68,84
1,Cercado,1,Cochabamba,821,Cochabamba,173,Colegio Santa Luisa Marillac,3011151,1,240,145,51,17,213,145,213
1,Cercado,1,Cochabamba,821,Cochabamba,173,Colegio Santa Luisa Marillac,3011161,2,240,151,60,11,222,151,222
1,Cercado,1,Cochabamba,821,Cochabamba,173,Colegio Santa Luisa Marillac,3011181,4,240,149,46,13,208,149,208
1,Cercado,1,Cochabamba,821,Cochabamba,173,Colegio Santa Luisa Marillac,3011201,6,240,150,43,21,214,150,214
1,Cercado,1,Cochabamba,821,Cochabamba,174,Colegio Sebastian Pagador,3022501,7,240,161,46,13,220,161,220
1,Cercado,1,Cochabamba,821,Cochabamba,174,Colegio Sebastian Pagador,3022511,8,240,157,41,13,211,157,211
1,Cercado,1,Cochabamba,821,Cochabamba,174,Colegio Sebastian Pagador,3022581,15,240,152,39,28,219,152,219
1,Cercado,1,Cochabamba,821,Cochabamba,174,Colegio Sebastian Pagador,3022601,17,240,136,59,18,213,136,213
1,Cercado,1,Cochabamba,821,Cochabamba,174,Colegio Sebastian Pagador,3022611,18,240,140,66,11,217,140,217
1,Cercado,1,Cochabamba,821,Cochabamba,174,Colegio Sebastian Pagador,3022631,20,240,133,65,20,218,133,218
1,Cercado,1,Cochabamba,821,Cochabamba,174,Colegio Sebastian Pagador,3022641,21,240,156,49,10,215,156,215
1,Cercado,1,Cochabamba,821,Cochabamba,174,Colegio Sebastian Pagador,3022651,22,240,158,43,13,214,158,214
1,Cercado,1,Cochabamba,821,Cochabamba,174,Colegio Sebastian Pagador,3022661,23,175,100,38,7,145,100,145
1,Cercado,1,Cochabamba,821,Cochabamba,175,Escuela Buenas Nuevas A,3008731,1,240,134,33,38,205,134,205
1,Cercado,1,Cochabamba,821,Cochabamba,175,Escuela Buenas Nuevas A,3008741,2,240,156,36,19,211,156,211
1,Cercado,1,Cochabamba,821,Cochabamba,175,Escuela Buenas Nuevas A,3008751,3,240,158,34,18,210,158,210
1,Cercado,1,Cochabamba,821,Cochabamba,175,Escuela Buenas Nuevas A,3008761,4,240,161,22,11,194,161,194
1,Cercado,1,Cochabamba,821,Cochabamba,175,Escuela Buenas Nuevas A,3008771,5,240,170,29,19,218,170,218
1,Cercado,1,Cochabamba,821,Cochabamba,175,Escuela Buenas Nuevas A,3008791,7,240,144,34,22,200,144,200
1,Cercado,1,Cochabamba,821,Cochabamba,175,Escuela Buenas Nuevas A,3008801,8,240,165,33,7,205,165,205
1,Cercado,1,Cochabamba,821,Cochabamba,175,Escuela Buenas Nuevas A,3008811,9,240,148,48,13,209,148,209
1,Cercado,1,Cochabamba,821,Cochabamba,175,Escuela Buenas Nuevas A,3008821,10,240,154,32,16,202,154,202
1,Cercado,1,Cochabamba,821,Cochabamba,175,Escuela Buenas Nuevas A,3008831,11,240,156,37,12,205,156,205
1,Cercado,1,Cochabamba,821,Cochabamba,175,Escuela Buenas Nuevas A,3008841,12,240,153,45,18,216,153,216
1,Cercado,1,Cochabamba,821,Cochabamba,175,Escuela Buenas Nuevas A,3008851,13,240,152,50,9,211,152,211
1,Cercado,1,Cochabamba,821,Cochabamba,175,Escuela Buenas Nuevas A,3008861,14,240,144,40,6,190,144,190
1,Cercado,1,Cochabamba,821,Cochabamba,175,Escuela Buenas Nuevas A,3008871,15,240,174,23,8,205,174,205
1,Cercado,1,Cochabamba,821,Cochabamba,175,Escuela Buenas Nuevas A,3008881,16,240,157,29,19,205,157,205
1,Cercado,1,Cochabamba,821,Cochabamba,175,Escuela Buenas Nuevas A,3008891,17,240,160,35,13,208,160,208
1,Cercado,1,Cochabamba,821,Cochabamba,175,Escuela Buenas Nuevas A,3008901,18,240,152,46,8,206,152,206
1,Cercado,1,Cochabamba,821,Cochabamba,175,Escuela Buenas Nuevas A,3008911,19,240,167,30,18,215,167,215
1,Cercado,1,Cochabamba,821,Cochabamba,175,Escuela Buenas Nuevas A,3008921,20,240,155,40,14,209,155,209
1,Cercado,1,Cochabamba,821,Cochabamba,176,Escuela Camara Junior,3006301,2,240,148,45,11,204,148,204
1,Cercado,1,Cochabamba,821,Cochabamba,176,Escuela Camara Junior,3006341,6,240,162,41,9,212,162,212
1,Cercado,1,Cochabamba,821,Cochabamba,177,Unidad Educ. Eduardo Lopez O E. Don Bosco,3006511,1,240,141,65,4,210,141,210
1,Cercado,1,Cochabamba,821,Cochabamba,177,Unidad Educ. Eduardo Lopez O E. Don Bosco,3006521,2,240,142,55,12,209,142,209
1,Cercado,1,Cochabamba,821,Cochabamba,177,Unidad Educ. Eduardo Lopez O E. Don Bosco,3006531,3,240,134,51,12,197,134,197
1,Cercado,1,Cochabamba,821,Cochabamba,177,Unidad Educ. Eduardo Lopez O E. Don Bosco,3006541,4,240,149,42,13,204,149,204
1,Cercado,1,Cochabamba,821,Cochabamba,177,Unidad Educ. Eduardo Lopez O E. Don Bosco,3006551,5,240,150,43,12,205,150,205
1,Cercado,1,Cochabamba,821,Cochabamba,177,Unidad Educ. Eduardo Lopez O E. Don Bosco,3006561,6,240,159,42,7,208,159,208
1,Cercado,1,Cochabamba,821,Cochabamba,177,Unidad Educ. Eduardo Lopez O E. Don Bosco,3006571,7,240,138,46,20,204,138,204
1,Cercado,1,Cochabamba,821,Cochabamba,178,Centro Educativo P.  Maria Auxiliadora,3007521,1,240,163,34,24,221,163,221
1,Cercado,1,Cochabamba,821,Cochabamba,178,Centro Educativo P.  Maria Auxiliadora,3007531,2,240,144,58,15,217,144,217
1,Cercado,1,Cochabamba,821,Cochabamba,178,Centro Educativo P.  Maria Auxiliadora,3007541,3,240,144,49,19,212,144,212
1,Cercado,1,Cochabamba,821,Cochabamba,178,Centro Educativo P.  Maria Auxiliadora,3007551,4,240,146,52,13,211,146,211
1,Cercado,1,Cochabamba,821,Cochabamba,178,Centro Educativo P.  Maria Auxiliadora,3007561,5,240,167,32,15,214,167,214
1,Cercado,1,Cochabamba,821,Cochabamba,178,Centro Educativo P.  Maria Auxiliadora,3007571,6,240,153,42,19,214,153,214
1,Cercado,1,Cochabamba,821,Cochabamba,178,Centro Educativo P.  Maria Auxiliadora,3007581,7,240,156,36,15,207,156,207
1,Cercado,1,Cochabamba,821,Cochabamba,178,Centro Educativo P.  Maria Auxiliadora,3007591,8,240,157,43,10,210,157,210
1,Cercado,1,Cochabamba,821,Cochabamba,178,Centro Educativo P.  Maria Auxiliadora,3007601,9,240,181,17,16,214,181,214
1,Cercado,1,Cochabamba,821,Cochabamba,178,Centro Educativo P.  Maria Auxiliadora,3007611,10,240,150,45,26,221,150,221
1,Cercado,1,Cochabamba,821,Cochabamba,178,Centro Educativo P.  Maria Auxiliadora,3007621,11,240,166,41,11,218,166,218
1,Cercado,1,Cochabamba,821,Cochabamba,178,Centro Educativo P.  Maria Auxiliadora,3007631,12,240,160,40,16,216,160,216
1,Cercado,1,Cochabamba,821,Cochabamba,178,Centro Educativo P.  Maria Auxiliadora,3007641,13,240,179,22,13,214,179,214
1,Cercado,1,Cochabamba,821,Cochabamba,178,Centro Educativo P.  Maria Auxiliadora,3007651,14,240,148,51,15,214,148,214
1,Cercado,1,Cochabamba,821,Cochabamba,178,Centro Educativo P.  Maria Auxiliadora,3007661,15,240,143,53,23,219,143,219
1,Cercado,1,Cochabamba,821,Cochabamba,178,Centro Educativo P.  Maria Auxiliadora,3007671,16,240,150,52,7,209,150,209
1,Cercado,1,Cochabamba,821,Cochabamba,178,Centro Educativo P.  Maria Auxiliadora,3007681,17,168,103,36,10,149,103,149
1,Cercado,1,Cochabamba,821,Cochabamba,179,Colegio San Francisco de Asis,3007711,3,240,176,35,7,218,176,218
1,Cercado,1,Cochabamba,821,Cochabamba,179,Colegio San Francisco de Asis,3007851,17,240,155,35,18,208,155,208
1,Cercado,1,Cochabamba,821,Cochabamba,179,Colegio San Francisco de Asis,3007891,21,240,163,39,5,207,163,207
1,Cercado,1,Cochabamba,821,Cochabamba,179,Colegio San Francisco de Asis,3007911,23,240,164,40,8,212,164,212
1,Cercado,1,Cochabamba,821,Cochabamba,179,Colegio San Francisco de Asis,3007921,24,240,163,37,12,212,163,212
1,Cercado,1,Cochabamba,821,Cochabamba,179,Colegio San Francisco de Asis,3007981,30,240,179,26,14,219,179,219
1,Cercado,1,Cochabamba,821,Cochabamba,180,Unidad Educativa Obispo Anaya,3011961,3,240,136,53,15,204,136,204
1,Cercado,1,Cochabamba,821,Cochabamba,180,Unidad Educativa Obispo Anaya,3011971,4,240,159,42,11,212,159,212
1,Cercado,1,Cochabamba,821,Cochabamba,180,Unidad Educativa Obispo Anaya,3011981,5,240,146,48,6,200,146,200
1,Cercado,1,Cochabamba,821,Cochabamba,180,Unidad Educativa Obispo Anaya,3012001,7,240,150,45,6,201,150,201
1,Cercado,1,Cochabamba,821,Cochabamba,180,Unidad Educativa Obispo Anaya,3012011,8,240,134,44,17,195,134,195
1,Cercado,1,Cochabamba,821,Cochabamba,180,Unidad Educativa Obispo Anaya,3012021,9,240,158,30,16,204,158,204
1,Cercado,1,Cochabamba,821,Cochabamba,180,Unidad Educativa Obispo Anaya,3012031,10,240,150,40,16,206,150,206
1,Cercado,1,Cochabamba,821,Cochabamba,180,Unidad Educativa Obispo Anaya,3012051,12,240,144,53,13,210,144,210
1,Cercado,1,Cochabamba,821,Cochabamba,180,Unidad Educativa Obispo Anaya,3012061,13,226,162,29,10,201,162,201
1,Cercado,1,Cochabamba,821,Cochabamba,182,Escuela Gerardo Vargas,3012421,2,240,128,63,11,202,128,202
1,Cercado,1,Cochabamba,821,Cochabamba,182,Escuela Gerardo Vargas,3012431,3,240,129,69,11,209,129,209
1,Cercado,1,Cochabamba,821,Cochabamba,182,Escuela Gerardo Vargas,3012441,4,240,130,69,14,213,130,213
1,Cercado,1,Cochabamba,821,Cochabamba,182,Escuela Gerardo Vargas,3012451,5,240,128,65,19,212,128,212
1,Cercado,1,Cochabamba,821,Cochabamba,182,Escuela Gerardo Vargas,3012461,6,240,129,70,16,215,129,215
1,Cercado,1,Cochabamba,821,Cochabamba,182,Escuela Gerardo Vargas,3012471,7,240,143,54,16,213,143,213
1,Cercado,1,Cochabamba,821,Cochabamba,182,Escuela Gerardo Vargas,3012481,8,240,136,58,19,213,136,213
1,Cercado,1,Cochabamba,821,Cochabamba,182,Escuela Gerardo Vargas,3012501,10,240,151,42,19,212,151,212
1,Cercado,1,Cochabamba,821,Cochabamba,182,Escuela Gerardo Vargas,3012511,11,240,129,69,19,217,129,217
1,Cercado,1,Cochabamba,821,Cochabamba,182,Escuela Gerardo Vargas,3012521,12,240,133,63,7,203,133,203
1,Cercado,1,Cochabamba,821,Cochabamba,183,Unidad Educativa El Salvador San Javier,3010601,1,240,134,44,27,205,134,205
1,Cercado,1,Cochabamba,821,Cochabamba,183,Unidad Educativa El Salvador San Javier,3010621,3,240,149,45,17,211,149,211
1,Cercado,1,Cochabamba,821,Cochabamba,183,Unidad Educativa El Salvador San Javier,3010631,4,240,145,48,11,204,145,204
1,Cercado,1,Cochabamba,821,Cochabamba,183,Unidad Educativa El Salvador San Javier,3010661,7,240,161,47,8,216,161,216
1,Cercado,1,Cochabamba,821,Cochabamba,183,Unidad Educativa El Salvador San Javier,3010731,14,240,141,45,23,209,141,209
1,Cercado,1,Cochabamba,821,Cochabamba,183,Unidad Educativa El Salvador San Javier,3010741,15,240,166,25,16,207,166,207
1,Cercado,1,Cochabamba,821,Cochabamba,183,Unidad Educativa El Salvador San Javier,3010761,17,240,172,24,15,211,172,211
1,Cercado,1,Cochabamba,821,Cochabamba,183,Unidad Educativa El Salvador San Javier,3010771,18,240,187,22,13,222,187,222
1,Cercado,1,Cochabamba,821,Cochabamba,184,Centro Integrado El Salvador S Vera Cruz,3011701,4,240,134,61,16,211,134,211
1,Cercado,1,Cochabamba,821,Cochabamba,185,Unidad Educativa Rene Barrientos Ortuño,3011851,11,240,140,63,6,209,140,209
1,Cercado,1,Cochabamba,821,Cochabamba,187,Colegio San Antonio De Pucara,3014401,24,240,148,52,9,209,148,209
1,Cercado,1,Cochabamba,821,Cochabamba,187,Colegio San Antonio De Pucara,3014411,25,240,143,46,16,205,143,205
1,Cercado,1,Cochabamba,821,Cochabamba,187,Colegio San Antonio De Pucara,3014451,29,240,147,48,8,203,147,203
1,Cercado,1,Cochabamba,821,Cochabamba,187,Colegio San Antonio De Pucara,3014511,35,240,140,42,17,199,140,199
1,Cercado,1,Cochabamba,821,Cochabamba,192,Colegio Irlandes,3018621,1,240,181,21,10,212,181,212
1,Cercado,1,Cochabamba,821,Cochabamba,192,Colegio Irlandes,3018631,2,240,168,21,9,198,168,198
1,Cercado,1,Cochabamba,821,Cochabamba,192,Colegio Irlandes,3018641,3,159,125,14,5,144,125,144
1,Cercado,1,Cochabamba,821,Cochabamba,193,Escuela Eusebio Tudela,3016061,7,240,151,53,18,222,151,222
1,Cercado,1,Cochabamba,821,Cochabamba,194,Escuela Ricardo Prudencio,3009101,1,240,166,39,11,216,166,216
1,Cercado,1,Cochabamba,821,Cochabamba,194,Escuela Ricardo Prudencio,3009111,2,240,154,41,15,210,154,210
1,Cercado,1,Cochabamba,821,Cochabamba,194,Escuela Ricardo Prudencio,3009131,4,240,164,43,12,219,164,219
1,Cercado,1,Cochabamba,821,Cochabamba,194,Escuela Ricardo Prudencio,3009141,5,240,151,47,16,214,151,214
1,Cercado,1,Cochabamba,821,Cochabamba,194,Escuela Ricardo Prudencio,3009151,6,240,158,38,20,216,158,216
1,Cercado,1,Cochabamba,821,Cochabamba,194,Escuela Ricardo Prudencio,3009161,7,240,143,55,17,215,143,215
1,Cercado,1,Cochabamba,821,Cochabamba,194,Escuela Ricardo Prudencio,3009171,8,240,159,46,12,217,159,217
1,Cercado,1,Cochabamba,821,Cochabamba,194,Escuela Ricardo Prudencio,3009181,9,240,169,43,6,218,169,218
1,Cercado,1,Cochabamba,821,Cochabamba,194,Escuela Ricardo Prudencio,3009191,10,240,152,33,21,206,152,206
1,Cercado,1,Cochabamba,821,Cochabamba,194,Escuela Ricardo Prudencio,3009201,11,240,155,38,14,207,155,207
1,Cercado,1,Cochabamba,821,Cochabamba,194,Escuela Ricardo Prudencio,3009211,12,238,155,35,19,209,155,209
1,Cercado,1,Cochabamba,821,Cochabamba,195,U.E. Humberto Portocarrero,3014741,1,240,155,37,17,209,155,209
1,Cercado,1,Cochabamba,821,Cochabamba,195,U.E. Humberto Portocarrero,3014751,2,240,151,30,19,200,151,200
1,Cercado,1,Cochabamba,821,Cochabamba,195,U.E. Humberto Portocarrero,3014761,3,240,149,50,13,212,149,212
1,Cercado,1,Cochabamba,821,Cochabamba,195,U.E. Humberto Portocarrero,3014781,5,240,140,52,10,202,140,202
1,Cercado,1,Cochabamba,821,Cochabamba,195,U.E. Humberto Portocarrero,3014791,6,240,143,34,22,199,143,199
1,Cercado,1,Cochabamba,821,Cochabamba,195,U.E. Humberto Portocarrero,3014801,7,240,119,56,22,197,119,197
1,Cercado,1,Cochabamba,821,Cochabamba,196,(Cárcel) Penitenciaria San Sebastian  Varones,3018011,2,240,117,58,17,192,117,192
1,Cercado,1,Cochabamba,821,Cochabamba,196,(Cárcel) Penitenciaria San Sebastian  Varones,3018021,3,121,51,35,12,98,51,98
1,Cercado,1,Cochabamba,821,Cochabamba,197,(Cárcel) Penitenciaria San Antonio,3017461,1,240,107,63,13,183,107,183
1,Cercado,1,Cochabamba,821,Cochabamba,197,(Cárcel) Penitenciaria San Antonio,3017471,2,78,37,16,5,58,37,58
1,Cercado,1,Cochabamba,821,Cochabamba,200,Colegio San Francisco (Villa Pagador),3022171,5,240,148,48,11,207,148,207
1,Cercado,1,Cochabamba,821,Cochabamba,200,Colegio San Francisco (Villa Pagador),3022191,7,240,145,55,10,210,145,210
1,Cercado,1,Cochabamba,821,Cochabamba,200,Colegio San Francisco (Villa Pagador),3022221,10,240,142,48,16,206,142,206
1,Cercado,1,Cochabamba,821,Cochabamba,200,Colegio San Francisco (Villa Pagador),3022261,14,240,123,54,23,200,123,200
1,Cercado,1,Cochabamba,821,Cochabamba,200,Colegio San Francisco (Villa Pagador),3022271,15,240,148,42,13,203,148,203
1,Cercado,1,Cochabamba,821,Cochabamba,200,Colegio San Francisco (Villa Pagador),3022281,16,240,151,48,16,215,151,215
1,Cercado,1,Cochabamba,821,Cochabamba,200,Colegio San Francisco (Villa Pagador),3022291,17,240,138,48,24,210,138,210
1,Cercado,1,Cochabamba,821,Cochabamba,200,Colegio San Francisco (Villa Pagador),3022301,18,240,148,37,22,207,148,207
1,Cercado,1,Cochabamba,821,Cochabamba,200,Colegio San Francisco (Villa Pagador),3022311,19,112,67,12,13,92,67,92
1,Cercado,1,Cochabamba,821,Cochabamba,202,Escuela Carlos Medinaceli,3013061,3,240,180,21,12,213,180,213
1,Cercado,1,Cochabamba,821,Cochabamba,202,Escuela Carlos Medinaceli,3013071,4,240,160,33,10,203,160,203
1,Cercado,1,Cochabamba,821,Cochabamba,202,Escuela Carlos Medinaceli,3013091,6,240,172,23,15,210,172,210
1,Cercado,1,Cochabamba,821,Cochabamba,202,Escuela Carlos Medinaceli,3013181,15,240,152,42,18,212,152,212
1,Cercado,1,Cochabamba,821,Cochabamba,202,Escuela Carlos Medinaceli,3013191,16,240,154,50,15,219,154,219
1,Cercado,1,Cochabamba,821,Cochabamba,202,Escuela Carlos Medinaceli,3013201,17,240,150,45,6,201,150,201
1,Cercado,1,Cochabamba,821,Cochabamba,202,Escuela Carlos Medinaceli,3013211,18,240,144,37,19,200,144,200
1,Cercado,1,Cochabamba,821,Cochabamba,202,Escuela Carlos Medinaceli,3013221,19,240,144,50,7,201,144,201
1,Cercado,1,Cochabamba,821,Cochabamba,202,Escuela Carlos Medinaceli,3013231,20,240,150,38,24,212,150,212
1,Cercado,1,Cochabamba,821,Cochabamba,203,Colegio Luis Quintin Vila,3002561,2,240,184,18,14,216,184,216
1,Cercado,1,Cochabamba,821,Cochabamba,203,Colegio Luis Quintin Vila,3002571,3,240,156,42,19,217,156,217
1,Cercado,1,Cochabamba,821,Cochabamba,203,Colegio Luis Quintin Vila,3002581,4,240,160,44,15,219,160,219
1,Cercado,1,Cochabamba,821,Cochabamba,203,Colegio Luis Quintin Vila,3002611,7,240,169,36,9,214,169,214
1,Cercado,1,Cochabamba,821,Cochabamba,203,Colegio Luis Quintin Vila,3002631,9,240,172,35,11,218,172,218
1,Cercado,1,Cochabamba,821,Cochabamba,203,Colegio Luis Quintin Vila,3002641,10,240,166,40,11,217,166,217
1,Cercado,1,Cochabamba,821,Cochabamba,203,Colegio Luis Quintin Vila,3002651,11,240,185,26,6,217,185,217
1,Cercado,1,Cochabamba,821,Cochabamba,203,Colegio Luis Quintin Vila,3002661,12,240,172,34,16,222,172,222
1,Cercado,1,Cochabamba,821,Cochabamba,203,Colegio Luis Quintin Vila,3002681,14,240,179,27,10,216,179,216
1,Cercado,1,Cochabamba,821,Cochabamba,203,Colegio Luis Quintin Vila,3002701,16,240,162,43,18,223,162,223
1,Cercado,1,Cochabamba,821,Cochabamba,203,Colegio Luis Quintin Vila,3002711,17,240,166,29,6,201,166,201
1,Cercado,1,Cochabamba,821,Cochabamba,203,Colegio Luis Quintin Vila,3002721,18,188,123,36,12,171,123,171
1,Cercado,1,Cochabamba,821,Cochabamba,204,Liceo Elena Arze De Arze,3021141,1,240,172,23,10,205,172,205
1,Cercado,1,Cochabamba,821,Cochabamba,204,Liceo Elena Arze De Arze,3021151,2,240,166,21,19,206,166,206
1,Cercado,1,Cochabamba,821,Cochabamba,204,Liceo Elena Arze De Arze,3021161,3,240,166,23,9,198,166,198
1,Cercado,1,Cochabamba,821,Cochabamba,204,Liceo Elena Arze De Arze,3021171,4,240,191,7,12,210,191,210
1,Cercado,1,Cochabamba,821,Cochabamba,204,Liceo Elena Arze De Arze,3021191,6,240,166,32,5,203,166,203
1,Cercado,1,Cochabamba,821,Cochabamba,204,Liceo Elena Arze De Arze,3021201,7,240,150,21,9,180,150,180
1,Cercado,1,Cochabamba,821,Cochabamba,204,Liceo Elena Arze De Arze,3021251,12,240,167,28,13,208,167,208
1,Cercado,1,Cochabamba,821,Cochabamba,204,Liceo Elena Arze De Arze,3021261,13,240,166,18,7,191,166,191
1,Cercado,1,Cochabamba,821,Cochabamba,204,Liceo Elena Arze De Arze,3021271,14,240,161,26,10,197,161,197
1,Cercado,1,Cochabamba,821,Cochabamba,204,Liceo Elena Arze De Arze,3021281,15,240,176,15,12,203,176,203
1,Cercado,1,Cochabamba,821,Cochabamba,204,Liceo Elena Arze De Arze,3021291,16,240,177,10,3,190,177,190
1,Cercado,1,Cochabamba,821,Cochabamba,204,Liceo Elena Arze De Arze,3021301,17,240,155,20,9,184,155,184
1,Cercado,1,Cochabamba,821,Cochabamba,204,Liceo Elena Arze De Arze,3021311,18,240,157,26,14,197,157,197
1,Cercado,1,Cochabamba,821,Cochabamba,204,Liceo Elena Arze De Arze,3021321,19,41,28,2,0,30,28,30
1,Cercado,1,Cochabamba,821,Cochabamba,205,Unidad Educativa Nueva Vera Cruz,3012071,1,240,145,44,21,210,145,210
1,Cercado,1,Cochabamba,821,Cochabamba,205,Unidad Educativa Nueva Vera Cruz,3012081,2,240,128,58,18,204,128,204
1,Cercado,1,Cochabamba,821,Cochabamba,205,Unidad Educativa Nueva Vera Cruz,3012091,3,240,142,47,14,203,142,203
1,Cercado,1,Cochabamba,821,Cochabamba,205,Unidad Educativa Nueva Vera Cruz,3012101,4,240,147,56,12,215,147,215
1,Cercado,1,Cochabamba,821,Cochabamba,205,Unidad Educativa Nueva Vera Cruz,3012111,5,240,156,40,12,208,156,208
1,Cercado,1,Cochabamba,821,Cochabamba,205,Unidad Educativa Nueva Vera Cruz,3012121,6,240,147,45,12,204,147,204
1,Cercado,1,Cochabamba,821,Cochabamba,209,Universidad Ucatec (Ex Ceivo),3000311,3,240,182,28,9,219,182,219
1,Cercado,1,Cochabamba,821,Cochabamba,209,Universidad Ucatec (Ex Ceivo),3000321,4,240,169,34,16,219,169,219
1,Cercado,1,Cochabamba,821,Cochabamba,209,Universidad Ucatec (Ex Ceivo),3000331,5,240,161,36,10,207,161,207
1,Cercado,1,Cochabamba,821,Cochabamba,209,Universidad Ucatec (Ex Ceivo),3000361,8,240,174,29,9,212,174,212
1,Cercado,1,Cochabamba,821,Cochabamba,209,Universidad Ucatec (Ex Ceivo),3000371,9,240,173,34,8,215,173,215
1,Cercado,1,Cochabamba,821,Cochabamba,209,Universidad Ucatec (Ex Ceivo),3000381,10,240,174,28,6,208,174,208
1,Cercado,1,Cochabamba,821,Cochabamba,209,Universidad Ucatec (Ex Ceivo),3000391,11,240,176,29,9,214,176,214
1,Cercado,1,Cochabamba,821,Cochabamba,209,Universidad Ucatec (Ex Ceivo),3000401,12,240,169,30,12,211,169,211
1,Cercado,1,Cochabamba,821,Cochabamba,209,Universidad Ucatec (Ex Ceivo),3000411,13,136,102,16,4,122,102,122
1,Cercado,1,Cochabamba,821,Cochabamba,210,Colegio Santo Domingo Savio,3007291,1,240,162,32,7,201,162,201
1,Cercado,1,Cochabamba,821,Cochabamba,210,Colegio Santo Domingo Savio,3007301,2,240,167,24,20,211,167,211
1,Cercado,1,Cochabamba,821,Cochabamba,210,Colegio Santo Domingo Savio,3007311,3,240,170,23,10,203,170,203
1,Cercado,1,Cochabamba,821,Cochabamba,210,Colegio Santo Domingo Savio,3007321,4,240,173,31,8,212,173,212
1,Cercado,1,Cochabamba,821,Cochabamba,210,Colegio Santo Domingo Savio,3007341,6,240,167,26,11,204,167,204
1,Cercado,1,Cochabamba,821,Cochabamba,210,Colegio Santo Domingo Savio,3007351,7,240,171,25,10,206,171,206
1,Cercado,1,Cochabamba,821,Cochabamba,210,Colegio Santo Domingo Savio,3007361,8,240,173,24,8,205,173,205
1,Cercado,1,Cochabamba,821,Cochabamba,210,Colegio Santo Domingo Savio,3007371,9,240,164,20,19,203,164,203
1,Cercado,1,Cochabamba,821,Cochabamba,210,Colegio Santo Domingo Savio,3007381,10,240,162,27,9,198,162,198
1,Cercado,1,Cochabamba,821,Cochabamba,210,Colegio Santo Domingo Savio,3007391,11,240,180,24,8,212,180,212
1,Cercado,1,Cochabamba,821,Cochabamba,210,Colegio Santo Domingo Savio,3007431,15,240,165,26,11,202,165,202
1,Cercado,1,Cochabamba,821,Cochabamba,210,Colegio Santo Domingo Savio,3007441,16,240,170,25,18,213,170,213
1,Cercado,1,Cochabamba,821,Cochabamba,213,Colegio Buenas Nuevas C,3008951,1,240,152,45,16,213,152,213
1,Cercado,1,Cochabamba,821,Cochabamba,213,Colegio Buenas Nuevas C,3008971,3,240,141,55,12,208,141,208
1,Cercado,1,Cochabamba,821,Cochabamba,213,Colegio Buenas Nuevas C,3009021,8,240,179,20,17,216,179,216
1,Cercado,1,Cochabamba,821,Cochabamba,213,Colegio Buenas Nuevas C,3009031,9,240,154,47,16,217,154,217
1,Cercado,1,Cochabamba,821,Cochabamba,213,Colegio Buenas Nuevas C,3009041,10,240,160,49,7,216,160,216
1,Cercado,1,Cochabamba,821,Cochabamba,213,Colegio Buenas Nuevas C,3009051,11,240,150,49,12,211,150,211
1,Cercado,1,Cochabamba,821,Cochabamba,213,Colegio Buenas Nuevas C,3009071,13,240,136,59,17,212,136,212
1,Cercado,1,Cochabamba,821,Cochabamba,213,Colegio Buenas Nuevas C,3009091,15,81,54,14,8,76,54,76
1,Cercado,1,Cochabamba,821,Cochabamba,216,Colegio Tecnico Humanistico Abaroa,3004421,7,240,163,35,13,211,163,211
1,Cercado,1,Cochabamba,821,Cochabamba,216,Colegio Tecnico Humanistico Abaroa,3004441,9,240,186,15,10,211,186,211
1,Cercado,1,Cochabamba,821,Cochabamba,216,Colegio Tecnico Humanistico Abaroa,3004451,10,240,150,29,33,212,150,212
1,Cercado,1,Cochabamba,821,Cochabamba,216,Colegio Tecnico Humanistico Abaroa,3004461,11,240,166,24,18,208,166,208
1,Cercado,1,Cochabamba,821,Cochabamba,217,Unidad Educativa Felix Capriles,3004291,1,240,171,28,14,213,171,213
1,Cercado,1,Cochabamba,821,Cochabamba,217,Unidad Educativa Felix Capriles,3004311,3,240,170,36,4,210,170,210
1,Cercado,1,Cochabamba,821,Cochabamba,217,Unidad Educativa Felix Capriles,3004331,5,240,183,25,4,212,183,212
1,Cercado,1,Cochabamba,821,Cochabamba,217,Unidad Educativa Felix Capriles,3004341,6,240,169,31,12,212,169,212
1,Cercado,1,Cochabamba,821,Cochabamba,219,Escuela Fiscal Juan XXIII A,3005991,1,240,175,32,10,217,175,217
1,Cercado,1,Cochabamba,821,Cochabamba,219,Escuela Fiscal Juan XXIII A,3006001,2,240,166,37,11,214,166,214
1,Cercado,1,Cochabamba,821,Cochabamba,219,Escuela Fiscal Juan XXIII A,3006011,3,240,172,37,11,220,172,220
1,Cercado,1,Cochabamba,821,Cochabamba,219,Escuela Fiscal Juan XXIII A,3006021,4,240,162,44,12,218,162,218
1,Cercado,1,Cochabamba,821,Cochabamba,219,Escuela Fiscal Juan XXIII A,3006031,5,240,166,36,8,210,166,210
1,Cercado,1,Cochabamba,821,Cochabamba,219,Escuela Fiscal Juan XXIII A,3006041,6,240,156,42,15,213,156,213
1,Cercado,1,Cochabamba,821,Cochabamba,219,Escuela Fiscal Juan XXIII A,3006051,7,240,179,28,13,220,179,220
1,Cercado,1,Cochabamba,821,Cochabamba,219,Escuela Fiscal Juan XXIII A,3006061,8,240,159,45,9,213,159,213
1,Cercado,1,Cochabamba,821,Cochabamba,219,Escuela Fiscal Juan XXIII A,3006081,10,240,163,30,17,210,163,210
1,Cercado,1,Cochabamba,821,Cochabamba,219,Escuela Fiscal Juan XXIII A,3006091,11,240,180,39,10,229,180,229
1,Cercado,1,Cochabamba,821,Cochabamba,219,Escuela Fiscal Juan XXIII A,3006101,12,240,172,36,10,218,172,218
1,Cercado,1,Cochabamba,821,Cochabamba,219,Escuela Fiscal Juan XXIII A,3006111,13,240,175,31,5,211,175,211
1,Cercado,1,Cochabamba,821,Cochabamba,219,Escuela Fiscal Juan XXIII A,3006141,16,185,121,39,8,168,121,168
1,Cercado,1,Cochabamba,821,Cochabamba,220,Unidad Educativa Jose Ignacio Sanjines,3006151,1,240,171,30,9,210,171,210
1,Cercado,1,Cochabamba,821,Cochabamba,220,Unidad Educativa Jose Ignacio Sanjines,3006161,2,240,168,25,12,205,168,205
1,Cercado,1,Cochabamba,821,Cochabamba,220,Unidad Educativa Jose Ignacio Sanjines,3006171,3,240,160,31,19,210,160,210
1,Cercado,1,Cochabamba,821,Cochabamba,220,Unidad Educativa Jose Ignacio Sanjines,3006181,4,240,168,35,11,214,168,214
1,Cercado,1,Cochabamba,821,Cochabamba,220,Unidad Educativa Jose Ignacio Sanjines,3006191,5,240,168,27,10,205,168,205
1,Cercado,1,Cochabamba,821,Cochabamba,220,Unidad Educativa Jose Ignacio Sanjines,3006221,8,240,177,31,9,217,177,217
1,Cercado,1,Cochabamba,821,Cochabamba,220,Unidad Educativa Jose Ignacio Sanjines,3006231,9,240,175,36,7,218,175,218
1,Cercado,1,Cochabamba,821,Cochabamba,220,Unidad Educativa Jose Ignacio Sanjines,3006241,10,59,47,1,3,51,47,51
1,Cercado,1,Cochabamba,821,Cochabamba,222,Unidad Educativa Maria Josefa Mujia,3012241,1,240,162,30,13,205,162,205
1,Cercado,1,Cochabamba,821,Cochabamba,222,Unidad Educativa Maria Josefa Mujia,3012251,2,240,149,49,9,207,149,207
1,Cercado,1,Cochabamba,821,Cochabamba,222,Unidad Educativa Maria Josefa Mujia,3012341,11,240,157,33,14,204,157,204
1,Cercado,1,Cochabamba,821,Cochabamba,222,Unidad Educativa Maria Josefa Mujia,3012371,14,240,142,39,20,201,142,201
1,Cercado,1,Cochabamba,821,Cochabamba,223,Colegio Venjamnin,3010141,9,240,152,47,13,212,152,212
1,Cercado,1,Cochabamba,821,Cochabamba,223,Colegio Venjamnin,3010161,11,240,144,48,10,202,144,202
1,Cercado,1,Cochabamba,821,Cochabamba,223,Colegio Venjamnin,3010171,12,240,147,50,15,212,147,212
1,Cercado,1,Cochabamba,821,Cochabamba,223,Colegio Venjamnin,3010201,15,86,64,9,6,79,64,79
1,Cercado,1,Cochabamba,821,Cochabamba,224,Unidad Educativa Atiy,3013561,1,240,144,49,21,214,144,214
1,Cercado,1,Cochabamba,821,Cochabamba,224,Unidad Educativa Atiy,3013571,2,240,145,52,10,207,145,207
1,Cercado,1,Cochabamba,821,Cochabamba,224,Unidad Educativa Atiy,3013581,3,240,135,60,8,203,135,203
1,Cercado,1,Cochabamba,821,Cochabamba,224,Unidad Educativa Atiy,3013591,4,240,148,46,16,210,148,210
1,Cercado,1,Cochabamba,821,Cochabamba,224,Unidad Educativa Atiy,3013601,5,240,141,49,14,204,141,204
1,Cercado,1,Cochabamba,821,Cochabamba,224,Unidad Educativa Atiy,3013611,6,240,168,41,9,218,168,218
1,Cercado,1,Cochabamba,821,Cochabamba,224,Unidad Educativa Atiy,3013621,7,240,149,38,13,200,149,200
1,Cercado,1,Cochabamba,821,Cochabamba,224,Unidad Educativa Atiy,3013631,8,240,138,50,13,201,138,201
1,Cercado,1,Cochabamba,821,Cochabamba,224,Unidad Educativa Atiy,3013641,9,240,118,44,45,207,118,207
1,Cercado,1,Cochabamba,821,Cochabamba,224,Unidad Educativa Atiy,3013651,10,70,42,18,3,63,42,63
1,Cercado,1,Cochabamba,821,Cochabamba,225,Escuela Central Taquiña A,3001901,1,240,160,36,14,210,160,210
1,Cercado,1,Cochabamba,821,Cochabamba,226,Unidad Educativa Rosendo Peña,3003901,2,240,194,11,18,223,194,223
1,Cercado,1,Cochabamba,821,Cochabamba,226,Unidad Educativa Rosendo Peña,3003911,3,240,188,10,17,215,188,215
1,Cercado,1,Cochabamba,821,Cochabamba,226,Unidad Educativa Rosendo Peña,3003921,4,240,181,21,18,220,181,220
1,Cercado,1,Cochabamba,821,Cochabamba,226,Unidad Educativa Rosendo Peña,3003931,5,240,175,21,18,214,175,214
1,Cercado,1,Cochabamba,821,Cochabamba,226,Unidad Educativa Rosendo Peña,3003951,7,240,184,14,11,209,184,209
1,Cercado,1,Cochabamba,821,Cochabamba,226,Unidad Educativa Rosendo Peña,3003961,8,220,171,21,7,199,171,199
1,Cercado,1,Cochabamba,821,Cochabamba,229,U. E. San Nicolas Club de Leones,3016991,3,240,128,59,9,196,128,196
1,Cercado,1,Cochabamba,821,Cochabamba,229,U. E. San Nicolas Club de Leones,3017071,11,240,116,64,37,217,116,217
1,Cercado,1,Cochabamba,821,Cochabamba,229,U. E. San Nicolas Club de Leones,3017081,12,240,125,70,12,207,125,207
1,Cercado,1,Cochabamba,821,Cochabamba,230,Unidad Educativa Stefano Hotellier,3012631,3,240,151,53,12,216,151,216
1,Cercado,1,Cochabamba,821,Cochabamba,230,Unidad Educativa Stefano Hotellier,3012691,9,240,140,49,14,203,140,203
1,Cercado,1,Cochabamba,821,Cochabamba,230,Unidad Educativa Stefano Hotellier,3012701,10,240,149,48,13,210,149,210
1,Cercado,1,Cochabamba,821,Cochabamba,231,Unidad Educativa 14 de Septiembre,3003231,1,240,177,32,9,218,177,218
1,Cercado,1,Cochabamba,821,Cochabamba,231,Unidad Educativa 14 de Septiembre,3003241,2,240,180,18,12,210,180,210
1,Cercado,1,Cochabamba,821,Cochabamba,231,Unidad Educativa 14 de Septiembre,3003251,3,240,183,23,14,220,183,220
1,Cercado,1,Cochabamba,821,Cochabamba,231,Unidad Educativa 14 de Septiembre,3003261,4,240,196,10,7,213,196,213
1,Cercado,1,Cochabamba,821,Cochabamba,231,Unidad Educativa 14 de Septiembre,3003271,5,240,193,15,8,216,193,216
1,Cercado,1,Cochabamba,821,Cochabamba,231,Unidad Educativa 14 de Septiembre,3003281,6,240,176,17,16,209,176,209
1,Cercado,1,Cochabamba,821,Cochabamba,231,Unidad Educativa 14 de Septiembre,3003291,7,240,167,30,16,213,167,213
1,Cercado,1,Cochabamba,821,Cochabamba,231,Unidad Educativa 14 de Septiembre,3003301,8,127,91,13,3,107,91,107
1,Cercado,1,Cochabamba,821,Cochabamba,232,Unidad Educativa Facundo Quiroga,3002481,1,240,184,26,4,214,184,214
1,Cercado,1,Cochabamba,821,Cochabamba,232,Unidad Educativa Facundo Quiroga,3002491,2,240,198,13,7,218,198,218
1,Cercado,1,Cochabamba,821,Cochabamba,232,Unidad Educativa Facundo Quiroga,3002501,3,240,186,17,17,220,186,220
1,Cercado,1,Cochabamba,821,Cochabamba,232,Unidad Educativa Facundo Quiroga,3002511,4,240,190,14,14,218,190,218
1,Cercado,1,Cochabamba,821,Cochabamba,232,Unidad Educativa Facundo Quiroga,3002521,5,240,176,21,15,212,176,212
1,Cercado,1,Cochabamba,821,Cochabamba,232,Unidad Educativa Facundo Quiroga,3002531,6,240,182,27,11,220,182,220
1,Cercado,1,Cochabamba,821,Cochabamba,232,Unidad Educativa Facundo Quiroga,3002541,7,175,131,14,12,157,131,157
1,Cercado,1,Cochabamba,821,Cochabamba,234,Unidad Educativa 9 de Marzo,3022391,8,240,135,47,22,204,135,204
1,Cercado,1,Cochabamba,821,Cochabamba,234,Unidad Educativa 9 de Marzo,3022401,9,240,129,53,24,206,129,206
1,Cercado,1,Cochabamba,821,Cochabamba,238,Unidad Educativa Siglo XX   Gabriela Mistral,3009931,1,240,153,26,19,198,153,198
1,Cercado,1,Cochabamba,821,Cochabamba,243,U.E. ADRA Juan XXIII,3006251,1,240,181,28,7,216,181,216
1,Cercado,1,Cochabamba,821,Cochabamba,243,U.E. ADRA Juan XXIII,3006261,2,240,167,28,13,208,167,208
1,Cercado,1,Cochabamba,821,Cochabamba,243,U.E. ADRA Juan XXIII,3006271,3,240,175,30,7,212,175,212
1,Cercado,1,Cochabamba,821,Cochabamba,243,U.E. ADRA Juan XXIII,3006281,4,61,50,3,1,54,50,54
1,Cercado,1,Cochabamba,821,Cochabamba,244,Unidad Educativa Voces Libres,3013691,1,240,122,60,17,199,122,199
1,Cercado,1,Cochabamba,821,Cochabamba,246,Unidad Educativa Antonio Diez,3015671,2,240,133,60,16,209,133,209
1,Cercado,1,Cochabamba,821,Cochabamba,246,Unidad Educativa Antonio Diez,3015691,4,240,127,69,16,212,127,212
1,Cercado,1,Cochabamba,821,Cochabamba,246,Unidad Educativa Antonio Diez,3015731,8,240,150,52,10,212,150,212
1,Cercado,1,Cochabamba,821,Cochabamba,246,Unidad Educativa Antonio Diez,3015741,9,240,139,48,14,201,139,201
1,Cercado,1,Cochabamba,821,Cochabamba,246,Unidad Educativa Antonio Diez,3015751,10,240,149,57,11,217,149,217
1,Cercado,1,Cochabamba,821,Cochabamba,246,Unidad Educativa Antonio Diez,3015761,11,240,140,48,16,204,140,204
1,Cercado,1,Cochabamba,821,Cochabamba,246,Unidad Educativa Antonio Diez,3015771,12,240,147,42,15,204,147,204
1,Cercado,1,Cochabamba,821,Cochabamba,246,Unidad Educativa Antonio Diez,3015781,13,240,133,62,20,215,133,215
1,Cercado,1,Cochabamba,821,Cochabamba,246,Unidad Educativa Antonio Diez,3015841,19,240,148,48,15,211,148,211
1,Cercado,1,Cochabamba,821,Cochabamba,247,Unidad Educativa Prof. Oscar Rojas Caballero,3007481,2,240,148,48,15,211,148,211
1,Cercado,1,Cochabamba,821,Cochabamba,247,Unidad Educativa Prof. Oscar Rojas Caballero,3007491,3,240,121,74,14,209,121,209
1,Cercado,1,Cochabamba,821,Cochabamba,247,Unidad Educativa Prof. Oscar Rojas Caballero,3007501,4,240,141,47,19,207,141,207
1,Cercado,1,Cochabamba,821,Cochabamba,247,Unidad Educativa Prof. Oscar Rojas Caballero,3007511,5,31,23,5,0,28,23,28
1,Cercado,1,Cochabamba,821,Cochabamba,25313,U.E. Madre De La Divina Providencia,3008161,1,240,147,38,9,194,147,194
1,Cercado,1,Cochabamba,821,Cochabamba,25313,U.E. Madre De La Divina Providencia,3008171,2,240,157,42,11,210,157,210
1,Cercado,1,Cochabamba,821,Cochabamba,25313,U.E. Madre De La Divina Providencia,3008181,3,240,164,29,14,207,164,207
1,Cercado,1,Cochabamba,821,Cochabamba,25313,U.E. Madre De La Divina Providencia,3008201,5,240,167,41,12,220,167,220
1,Cercado,1,Cochabamba,821,Cochabamba,25313,U.E. Madre De La Divina Providencia,3008211,6,90,64,11,5,80,64,80
1,Cercado,1,Cochabamba,821,Cochabamba,25358,U.E. Nacional San Isidro,3012771,1,240,139,66,15,220,139,220
1,Cercado,1,Cochabamba,821,Cochabamba,25358,U.E. Nacional San Isidro,3012791,3,240,146,58,10,214,146,214
1,Cercado,1,Cochabamba,821,Cochabamba,25479,Hogar Comunitario Disneylandia,3015251,1,240,142,52,21,215,142,215
1,Cercado,1,Cochabamba,821,Cochabamba,25479,Hogar Comunitario Disneylandia,3015261,2,241,161,41,15,217,161,217
1,Cercado,1,Cochabamba,821,Cochabamba,25867,U. E. Isaac Attie,3020431,2,240,158,12,16,186,158,186
1,Cercado,1,Cochabamba,821,Cochabamba,25867,U. E. Isaac Attie,3020441,3,240,167,18,8,193,167,193
1,Cercado,1,Cochabamba,821,Cochabamba,25867,U. E. Isaac Attie,3020451,4,240,175,18,7,200,175,200
1,Cercado,1,Cochabamba,821,Cochabamba,25867,U. E. Isaac Attie,3020461,5,240,167,23,8,198,167,198
1,Cercado,1,Cochabamba,821,Cochabamba,25867,U. E. Isaac Attie,3020471,6,44,33,2,0,35,33,35
1,Cercado,1,Cochabamba,821,Cochabamba,25869,U. E. San Agustín,3019541,10,240,183,15,11,209,183,209
1,Cercado,1,Cochabamba,821,Cochabamba,25869,U. E. San Agustín,3019551,11,240,178,15,12,205,178,205
1,Cercado,1,Cochabamba,821,Cochabamba,25869,U. E. San Agustín,3019561,12,240,151,30,16,197,151,197
1,Cercado,1,Cochabamba,821,Cochabamba,25869,U. E. San Agustín,3019571,13,240,171,31,5,207,171,207
1,Cercado,1,Cochabamba,821,Cochabamba,25869,U. E. San Agustín,3019581,14,240,172,29,5,206,172,206
1,Cercado,1,Cochabamba,821,Cochabamba,25869,U. E. San Agustín,3019601,16,240,192,13,9,214,192,214
1,Cercado,1,Cochabamba,821,Cochabamba,25869,U. E. San Agustín,3019611,17,240,179,13,17,209,179,209
1,Cercado,1,Cochabamba,821,Cochabamba,25869,U. E. San Agustín,3019651,21,240,167,31,19,217,167,217
1,Cercado,1,Cochabamba,821,Cochabamba,25869,U. E. San Agustín,3019671,23,240,164,28,6,198,164,198
1,Cercado,1,Cochabamba,821,Cochabamba,25869,U. E. San Agustín,3019681,24,99,78,6,2,86,78,86
1,Cercado,1,Cochabamba,821,Cochabamba,25870,U. E. San José,3004211,1,240,189,21,5,215,189,215
1,Cercado,1,Cochabamba,821,Cochabamba,25870,U. E. San José,3004221,2,240,166,35,15,216,166,216
1,Cercado,1,Cochabamba,821,Cochabamba,25870,U. E. San José,3004231,3,240,176,25,6,207,176,207
1,Cercado,1,Cochabamba,821,Cochabamba,25870,U. E. San José,3004241,4,240,191,22,4,217,191,217
1,Cercado,1,Cochabamba,821,Cochabamba,25870,U. E. San José,3004251,5,240,182,26,8,216,182,216
1,Cercado,1,Cochabamba,821,Cochabamba,25870,U. E. San José,3004261,6,240,199,17,3,219,199,219
1,Cercado,1,Cochabamba,821,Cochabamba,25870,U. E. San José,3004271,7,240,177,23,21,221,177,221
1,Cercado,1,Cochabamba,821,Cochabamba,25870,U. E. San José,3004281,8,78,64,2,1,67,64,67
1,Cercado,1,Cochabamba,821,Cochabamba,25872,U. E. Jorge Vásquez,3003351,5,240,181,24,11,216,181,216
1,Cercado,1,Cochabamba,821,Cochabamba,25872,U. E. Jorge Vásquez,3003361,6,240,185,23,7,215,185,215
1,Cercado,1,Cochabamba,821,Cochabamba,25872,U. E. Jorge Vásquez,3003371,7,240,176,24,14,214,176,214
1,Cercado,1,Cochabamba,821,Cochabamba,25872,U. E. Jorge Vásquez,3003381,8,240,175,23,9,207,175,207
1,Cercado,1,Cochabamba,821,Cochabamba,25872,U. E. Jorge Vásquez,3003391,9,240,169,25,15,209,169,209
1,Cercado,1,Cochabamba,821,Cochabamba,25872,U. E. Jorge Vásquez,3003401,10,35,27,3,3,33,27,33
1,Cercado,1,Cochabamba,821,Cochabamba,25884,U. E. Alcides Arguedas A.,3008001,1,240,142,34,27,203,142,203
1,Cercado,1,Cochabamba,821,Cochabamba,25884,U. E. Alcides Arguedas A.,3008011,2,240,162,36,18,216,162,216
1,Cercado,1,Cochabamba,821,Cochabamba,25884,U. E. Alcides Arguedas A.,3008021,3,240,175,26,13,214,175,214
1,Cercado,1,Cochabamba,821,Cochabamba,25884,U. E. Alcides Arguedas A.,3008031,4,240,172,27,10,209,172,209
1,Cercado,1,Cochabamba,821,Cochabamba,25884,U. E. Alcides Arguedas A.,3008041,5,77,45,11,6,62,45,62
1,Cercado,1,Cochabamba,821,Cochabamba,25886,U. E. Juancito Pinto B,3016311,15,240,147,37,19,203,147,203
1,Cercado,1,Cochabamba,821,Cochabamba,25886,U. E. Juancito Pinto B,3016331,17,240,129,58,18,205,129,205
1,Cercado,1,Cochabamba,821,Cochabamba,25887,U. E. 8 de Mayo,3017791,1,240,168,25,12,205,168,205
1,Cercado,1,Cochabamba,821,Cochabamba,25887,U. E. 8 de Mayo,3017801,2,240,171,23,16,210,171,210
1,Cercado,1,Cochabamba,821,Cochabamba,25887,U. E. 8 de Mayo,3017811,3,240,177,15,10,202,177,202
1,Cercado,1,Cochabamba,821,Cochabamba,25887,U. E. 8 de Mayo,3017821,4,240,173,21,7,201,173,201
1,Cercado,1,Cochabamba,821,Cochabamba,25887,U. E. 8 de Mayo,3017831,5,119,87,13,3,103,87,103
1,Cercado,1,Cochabamba,821,Cochabamba,25888,U. E. Francisco Javier Baldivieso Luna,3011081,2,240,149,50,10,209,149,209
1,Cercado,1,Cochabamba,821,Cochabamba,25892,U. E. Bolivia Japón Tarde,3008051,1,240,158,29,13,200,158,200
1,Cercado,1,Cochabamba,821,Cochabamba,25892,U. E. Bolivia Japón Tarde,3008061,2,240,162,24,11,197,162,197
1,Cercado,1,Cochabamba,821,Cochabamba,25892,U. E. Bolivia Japón Tarde,3008071,3,240,169,19,10,198,169,198
1,Cercado,1,Cochabamba,821,Cochabamba,25892,U. E. Bolivia Japón Tarde,3008081,4,93,61,12,5,78,61,78
1,Cercado,1,Cochabamba,821,Cochabamba,25900,U. E. Canaán,3010031,1,240,162,34,13,209,162,209
1,Cercado,1,Cochabamba,821,Cochabamba,25900,U. E. Canaán,3010051,3,206,144,29,9,182,144,182
1,Cercado,1,Cochabamba,821,Cochabamba,25901,U. E. Luz y Verdad,3013671,2,240,150,26,12,188,150,188
1,Cercado,1,Cochabamba,821,Cochabamba,25902,U. E. Padre Luis Diez del Pozo,3015861,1,240,144,39,30,213,144,213
1,Cercado,1,Cochabamba,821,Cochabamba,25921,U. E. Ave María,3018941,1,240,163,19,9,191,163,191
1,Cercado,1,Cochabamba,821,Cochabamba,25921,U. E. Ave María,3018951,2,240,179,17,11,207,179,207
1,Cercado,1,Cochabamba,821,Cochabamba,25921,U. E. Ave María,3018961,3,240,174,16,11,201,174,201
1,Cercado,1,Cochabamba,821,Cochabamba,25921,U. E. Ave María,3018971,4,240,175,20,12,207,175,207
1,Cercado,1,Cochabamba,821,Cochabamba,25921,U. E. Ave María,3018981,5,240,162,25,16,203,162,203
1,Cercado,1,Cochabamba,821,Cochabamba,25921,U. E. Ave María,3018991,6,178,144,6,7,157,144,157
1,Cercado,1,Cochabamba,821,Cochabamba,26145,U.E. Marina Nuñez del Prado,3010231,3,223,125,45,19,189,125,189
1,Cercado,1,Cochabamba,821,Cochabamba,26147,U.E. Prof. Jaime Alfonso Escalante Gutierrez,3015211,1,240,186,32,14,232,186,232
1,Cercado,1,Cochabamba,821,Cochabamba,26147,U.E. Prof. Jaime Alfonso Escalante Gutierrez,3015221,2,240,172,39,8,219,172,219
1,Cercado,1,Cochabamba,821,Cochabamba,26147,U.E. Prof. Jaime Alfonso Escalante Gutierrez,3015231,3,240,174,45,4,223,174,223
1,Cercado,1,Cochabamba,821,Cochabamba,26147,U.E. Prof. Jaime Alfonso Escalante Gutierrez,3015241,4,202,165,12,7,184,165,184
1,Cercado,1,Cochabamba,821,Cochabamba,26325,U. E. Rey de Reyes,3020271,9,240,177,27,8,212,177,212
1,Cercado,1,Cochabamba,821,Cochabamba,26325,U. E. Rey de Reyes,3020281,10,240,165,32,13,210,165,210
1,Cercado,1,Cochabamba,821,Cochabamba,26325,U. E. Rey de Reyes,3020291,11,240,171,40,6,217,171,217
1,Cercado,1,Cochabamba,821,Cochabamba,26325,U. E. Rey de Reyes,3020301,12,240,183,22,13,218,183,218
1,Cercado,1,Cochabamba,821,Cochabamba,26439,U. E. Adventista Cochabamba,3019381,1,240,172,20,14,206,172,206
1,Cercado,1,Cochabamba,821,Cochabamba,26439,U. E. Adventista Cochabamba,3019391,2,240,160,23,21,204,160,204
1,Cercado,1,Cochabamba,821,Cochabamba,26439,U. E. Adventista Cochabamba,3019401,3,240,178,22,4,204,178,204
1,Cercado,1,Cochabamba,821,Cochabamba,26439,U. E. Adventista Cochabamba,3019411,4,240,164,35,9,208,164,208
1,Cercado,1,Cochabamba,821,Cochabamba,26439,U. E. Adventista Cochabamba,3019421,5,240,183,10,11,204,183,204
1,Cercado,1,Cochabamba,821,Cochabamba,26439,U. E. Adventista Cochabamba,3019431,6,240,178,21,9,208,178,208
1,Cercado,1,Cochabamba,821,Cochabamba,26442,kinder Antofagasta,3004161,3,240,192,10,8,210,192,210
1,Cercado,1,Cochabamba,821,Cochabamba,26442,kinder Antofagasta,3004171,4,240,185,19,12,216,185,216
1,Cercado,1,Cochabamba,821,Cochabamba,26442,kinder Antofagasta,3004181,5,240,185,18,8,211,185,211
1,Cercado,1,Cochabamba,821,Cochabamba,26442,kinder Antofagasta,3004191,6,240,181,26,7,214,181,214
1,Cercado,1,Cochabamba,821,Cochabamba,26444,U.E. Mariscal Otto Felipe Braum,3000861,5,240,168,27,10,205,168,205
1,Cercado,1,Cochabamba,821,Cochabamba,26444,U.E. Mariscal Otto Felipe Braum,3000871,6,141,114,8,6,128,114,128
1,Cercado,1,Cochabamba,821,Cochabamba,26445,kinder Branko Petricevic B,3003851,1,240,185,23,11,219,185,219
1,Cercado,1,Cochabamba,821,Cochabamba,26445,kinder Branko Petricevic B,3003861,2,240,189,23,9,221,189,221
1,Cercado,1,Cochabamba,821,Cochabamba,26445,kinder Branko Petricevic B,3003871,3,240,189,24,9,222,189,222
1,Cercado,1,Cochabamba,821,Cochabamba,26445,kinder Branko Petricevic B,3003881,4,184,154,7,8,169,154,169
1,Cercado,1,Cochabamba,821,Cochabamba,26446,Colegio Evangelico Emanuel,3018211,1,240,162,21,12,195,162,195
1,Cercado,1,Cochabamba,821,Cochabamba,26446,Colegio Evangelico Emanuel,3018221,2,66,36,7,3,46,36,46
1,Cercado,1,Cochabamba,821,Cochabamba,26447,U. E. Ayni Pacha,3021881,3,135,76,21,5,102,76,102
1,Cercado,1,Cochabamba,821,Cochabamba,32072,U.E. Mariano Ricardo Terrazas,3018231,1,240,168,21,9,198,168,198
1,Cercado,1,Cochabamba,821,Cochabamba,32072,U.E. Mariano Ricardo Terrazas,3018241,2,140,106,12,4,122,106,122
1,Cercado,1,Cochabamba,821,Cochabamba,32358,U.E. Alejo Calatayud,3021841,1,240,150,51,16,217,150,217
1,Cercado,1,Cochabamba,821,Cochabamba,32358,U.E. Alejo Calatayud,3021851,2,95,68,15,7,90,68,90
1,Cercado,1,Cochabamba,821,Cochabamba,32413,U.E. Pedro Poveda,3020001,1,240,165,41,8,214,165,214
1,Cercado,1,Cochabamba,821,Cochabamba,32413,U.E. Pedro Poveda,3020011,2,240,171,32,7,210,171,210
1,Cercado,1,Cochabamba,821,Cochabamba,32413,U.E. Pedro Poveda,3020021,3,240,163,34,14,211,163,211
1,Cercado,1,Cochabamba,821,Cochabamba,32413,U.E. Pedro Poveda,3020031,4,240,177,22,3,202,177,202
1,Cercado,1,Cochabamba,821,Cochabamba,32413,U.E. Pedro Poveda,3020041,5,240,175,26,9,210,175,210
1,Cercado,1,Cochabamba,821,Cochabamba,32413,U.E. Pedro Poveda,3020061,7,240,171,30,12,213,171,213
1,Cercado,1,Cochabamba,821,Cochabamba,32413,U.E. Pedro Poveda,3020151,16,240,160,41,11,212,160,212
2,Campero,1,Aiquile,824,Tipajara,2005,Nucleo Educativo Tipajara,3023341,2,31,13,12,4,29,13,29
2,Campero,1,Aiquile,828,Quiroga,2010,Unidad Educativa Quiroga,3023441,3,240,140,48,19,207,140,207
2,Campero,1,Aiquile,3005,Eje Pampa,2011,Unidad Educativa Eje Pampa,3023461,1,240,104,65,23,192,104,192
2,Campero,1,Aiquile,3005,Eje Pampa,2011,Unidad Educativa Eje Pampa,3023471,2,52,18,9,7,34,18,34
2,Campero,2,Pasorapa,830,Pasorapa,2012,Colegio Tte.Cnel. Nataniel Verduguez,3023611,1,240,134,69,12,215,134,215
2,Campero,2,Pasorapa,830,Pasorapa,2012,Colegio Tte.Cnel. Nataniel Verduguez,3023621,2,240,131,73,10,214,131,214
2,Campero,2,Pasorapa,830,Pasorapa,2012,Colegio Tte.Cnel. Nataniel Verduguez,3023641,4,221,138,48,19,205,138,205
3,Ayopaya,1,Ayopaya,3009,Chaupisuyo  A,3010,Unidad Educativa Chapisuyo A,3024021,1,240,147,49,11,207,147,207
3,Ayopaya,1,Ayopaya,4240,Colaya,25912,U. E. Qhulaya,3024301,1,240,150,62,11,223,150,223
3,Ayopaya,1,Ayopaya,4240,Colaya,25912,U. E. Qhulaya,3024311,2,135,99,14,5,118,99,118
3,Ayopaya,1,Ayopaya,4406,Carhuani,26140,U.E. Karhuani,3024331,1,205,110,40,29,179,110,179
3,Ayopaya,1,Ayopaya,4608,Comunidad de Villa Hermosa,32353,U.E. Constantino Velasco,3024351,1,240,152,60,15,227,152,227
3,Ayopaya,2,Morochata,850,Morochata,3012,Escuela Mariano Baptista  Morochata,3024431,2,240,123,67,16,206,123,206
3,Ayopaya,2,Morochata,850,Morochata,3012,Escuela Mariano Baptista  Morochata,3024461,5,240,125,76,14,215,125,215
3,Ayopaya,2,Morochata,853,Chinchiri,3017,Escuela Gildaro Antezana Rojas,3024531,3,240,125,73,19,217,125,217
3,Ayopaya,2,Morochata,853,Chinchiri,3017,Escuela Gildaro Antezana Rojas,3024541,4,150,75,48,8,131,75,131
3,Ayopaya,2,Morochata,858,Punacachi,3024,Escuela Julio Espinoza Canelas Punacachi,3024581,4,37,14,18,0,32,14,32
3,Ayopaya,2,Morochata,860,Yayani,3026,Escuela Hilarion Grageda   Yayani,3024661,4,68,36,6,16,58,36,58
3,Ayopaya,2,Morochata,3650,Iglesiani,1,Unidad Educativa Iglesiani,3024391,1,203,139,45,12,196,139,196
3,Ayopaya,3,Cocapata,859,Calientes,3027,Escuela Pedro Domingo Murillo  Calientes,3025011,4,23,10,5,3,18,10,18
3,Ayopaya,3,Cocapata,2919,Tunari,3016,U.E. Tunari,3024801,2,240,103,67,16,186,103,186
3,Ayopaya,3,Cocapata,2925,Villa Vinto,3023,Escuela Oscar Alfaro   Villa Vinto,3024941,2,240,120,83,10,213,120,213
3,Ayopaya,3,Cocapata,3010,Chiaraje,3029,Unidad Educativa Chiaraje,3025031,2,39,26,3,6,35,26,35
3,Ayopaya,3,Cocapata,3652,El Chorito,1,Unidad Educativa El Chorito,3024721,1,202,84,88,10,182,84,182
4,Esteban Arze,2,Anzaldo,870,Anzaldo,4008,U. E. San José de Calasanz,3025611,7,240,113,67,20,200,113,200
4,Esteban Arze,3,Arbieto,876,Mamanaca,4013,Unidad Educativa 6 de Junio   Mamanaca,3025991,2,240,88,87,16,191,88,191
4,Esteban Arze,3,Arbieto,3725,Llave Mayu,2,Unidad Educativa Carlos Canelas,3025851,16,240,124,77,11,212,124,212
4,Esteban Arze,3,Arbieto,3725,Llave Mayu,2,Unidad Educativa Carlos Canelas,3025871,18,240,119,81,12,212,119,212
4,Esteban Arze,3,Arbieto,3725,Llave Mayu,2,Unidad Educativa Carlos Canelas,3025891,20,25,18,3,1,22,18,22
4,Esteban Arze,4,Sacabamba,879,Sacabamba,4016,Escuela Eliseo Torrico   Sacabamba,3026171,2,240,112,86,13,211,112,211
4,Esteban Arze,4,Sacabamba,881,Matarani,4018,Nucleo Matarani,3026221,2,240,131,31,19,181,131,181
5,Arani,1,Arani,884,Arani,5001,Escuela Gualberto Villarroel,3026371,11,240,156,35,25,216,156,216
5,Arani,1,Arani,884,Arani,5001,Escuela Gualberto Villarroel,3026381,12,240,152,31,16,199,152,199
5,Arani,1,Arani,884,Arani,5002,U.E. Arani,3026451,5,240,146,43,19,208,146,208
5,Arani,1,Arani,884,Arani,5002,U.E. Arani,3026461,6,240,164,25,15,204,164,204
5,Arani,2,Vacas,887,Vacas,5005,Escuela Experimental Vacas,3026681,9,240,112,67,26,205,112,205
5,Arani,2,Vacas,887,Vacas,5005,Escuela Experimental Vacas,3026691,10,240,132,49,18,199,132,199
5,Arani,2,Vacas,887,Vacas,5005,Escuela Experimental Vacas,3026711,12,67,30,13,15,58,30,58
5,Arani,2,Vacas,889,Rodeo  A,5007,Escuela Seccional Rodeo A,3026741,3,240,108,66,29,203,108,203
5,Arani,2,Vacas,3996,Cañadas,25307,U.E. David Morato Cañadas,3026791,2,240,121,72,28,221,121,221
6,Arque,1,Arque,894,Ovejeria Larama,6003,Escuela E Internado Dario Antezana V.,3026921,1,240,217,14,3,234,217,234
6,Arque,1,Arque,894,Ovejeria Larama,6003,Escuela E Internado Dario Antezana V.,3026931,2,240,200,16,10,226,200,226
6,Arque,1,Arque,3655,Tarujayña,1,Unidad Escolar Tupac Katari   Tarujayña,3026811,1,217,105,63,31,199,105,199
6,Arque,2,Tacopaya,4124,Chiquiruyo,25541,U.E. Tupac Katari,3027211,1,123,53,55,4,112,53,112
7,Capinota,1,Capinota,909,Irpa Irpa,7002,Unidad Educativa Custodio Ayaviri,3027611,14,240,146,52,15,213,146,213
7,Capinota,1,Capinota,909,Irpa Irpa,7002,Unidad Educativa Custodio Ayaviri,3027621,15,126,87,20,10,117,87,117
7,Capinota,1,Capinota,910,Charamoco,7003,Unidad Educativa Gustavo Garcia (Charamo),3027641,2,240,130,56,15,201,130,201
7,Capinota,1,Capinota,910,Charamoco,7003,Unidad Educativa Gustavo Garcia (Charamo),3027651,3,240,120,60,28,208,120,208
7,Capinota,1,Capinota,2932,Hornoma,7004,Nucleo Central Hornoma,3027671,1,240,113,77,22,212,113,212
7,Capinota,1,Capinota,4250,Playa Ancha,25927,U. E. Playa Ancha,3027801,2,126,78,21,6,105,78,105
7,Capinota,2,Santivañez,913,Santivañez,7006,Escuela Prudencio Arauco (Santivañez),3027941,10,240,138,58,10,206,138,206
7,Capinota,2,Santivañez,914,Chojtama,25919,Sede Social Chojtama,3028101,1,226,141,44,20,205,141,205
7,Capinota,2,Santivañez,919,Caporaya,7012,Unidad Educativa Caporaya,3028061,1,240,123,78,11,212,123,212
7,Capinota,3,Sicaya,922,Orcoma,25931,U. E. Orcoma,3028181,3,212,113,56,20,189,113,189
8,Germán Jordán,1,Cliza,923,Cliza,8001,Colegio Juan de Dios Balderrama,3028211,3,240,147,46,13,206,147,206
8,Germán Jordán,1,Cliza,923,Cliza,8001,Colegio Juan de Dios Balderrama,3028401,22,240,154,35,19,208,154,208
8,Germán Jordán,1,Cliza,923,Cliza,8001,Colegio Juan de Dios Balderrama,3028441,26,210,130,40,7,177,130,177
8,Germán Jordán,1,Cliza,926,Ucureña,8005,Colegio Nacional Mixto Ucureña,3028681,2,240,146,53,17,216,146,216
8,Germán Jordán,2,Toco,930,Siches,8008,Unidad Educativa Siches,3028961,1,240,107,85,14,206,107,206
8,Germán Jordán,2,Toco,4112,Ana Rancho,25521,U.E. Ana Rancho,3028981,1,240,132,56,17,205,132,205
8,Germán Jordán,3,Tolata,931,Tolata,8009,Colegio Victor Rosales,3029071,5,240,121,57,15,193,121,193
8,Germán Jordán,3,Tolata,931,Tolata,8009,Colegio Victor Rosales,3029081,6,240,120,56,11,187,120,187
8,Germán Jordán,3,Tolata,931,Tolata,8009,Colegio Victor Rosales,3029121,10,171,92,25,11,128,92,128
8,Germán Jordán,3,Tolata,933,Carcaje,8011,Escuela Santa Maria (Carcaje),3029141,2,240,111,57,20,188,111,188
8,Germán Jordán,3,Tolata,933,Carcaje,8011,Escuela Santa Maria (Carcaje),3029191,7,204,81,54,10,145,81,145
8,Germán Jordán,3,Tolata,4453,Junta Vecinal de la Comunidad de Complejo Carcaje,26434,U. E. Complejo Carcaje,3029201,1,240,84,41,12,137,84,137
8,Germán Jordán,3,Tolata,4453,Junta Vecinal de la Comunidad de Complejo Carcaje,26434,U. E. Complejo Carcaje,3029221,3,240,106,33,10,149,106,149
8,Germán Jordán,3,Tolata,4453,Junta Vecinal de la Comunidad de Complejo Carcaje,26434,U. E. Complejo Carcaje,3029241,5,240,109,49,5,163,109,163
9,Quillacollo,1,Quillacollo,934,Quillacollo,25031,Colegio Cristina Prada,3032531,2,240,157,31,19,207,157,207
9,Quillacollo,1,Quillacollo,934,Quillacollo,25031,Colegio Cristina Prada,3032541,3,240,159,38,10,207,159,207
9,Quillacollo,1,Quillacollo,934,Quillacollo,25031,Colegio Cristina Prada,3032551,4,240,149,43,12,204,149,204
9,Quillacollo,1,Quillacollo,934,Quillacollo,25031,Colegio Cristina Prada,3032561,5,240,173,35,12,220,173,220
9,Quillacollo,1,Quillacollo,934,Quillacollo,25031,Colegio Cristina Prada,3032611,10,240,135,42,32,209,135,209
9,Quillacollo,1,Quillacollo,934,Quillacollo,25032,Colegio Franz Tamayo,3032731,9,240,159,41,20,220,159,220
9,Quillacollo,1,Quillacollo,934,Quillacollo,25032,Colegio Franz Tamayo,3032771,13,240,154,48,15,217,154,217
9,Quillacollo,1,Quillacollo,934,Quillacollo,25032,Colegio Franz Tamayo,3032781,14,240,164,22,17,203,164,203
9,Quillacollo,1,Quillacollo,934,Quillacollo,25033,Unidad Educativa Nestor Adriazola (Ex Colegio Nacional Calama),3031481,17,240,167,18,19,204,167,204
9,Quillacollo,1,Quillacollo,934,Quillacollo,25033,Unidad Educativa Nestor Adriazola (Ex Colegio Nacional Calama),3031521,21,240,169,35,15,219,169,219
9,Quillacollo,1,Quillacollo,934,Quillacollo,25034,Escuela 12 de Septiembre,3033241,10,240,141,63,12,216,141,216
9,Quillacollo,1,Quillacollo,934,Quillacollo,25034,Escuela 12 de Septiembre,3033251,11,240,148,57,20,225,148,225
9,Quillacollo,1,Quillacollo,934,Quillacollo,25034,Escuela 12 de Septiembre,3033281,14,240,134,63,14,211,134,211
9,Quillacollo,1,Quillacollo,934,Quillacollo,25035,Escuela Arturo Quitón,3034451,8,240,146,54,19,219,146,219
9,Quillacollo,1,Quillacollo,934,Quillacollo,25035,Escuela Arturo Quitón,3034461,9,240,148,47,14,209,148,209
9,Quillacollo,1,Quillacollo,934,Quillacollo,25036,Escuela Simón Bolivar,3032191,9,240,161,34,12,207,161,207
9,Quillacollo,1,Quillacollo,934,Quillacollo,25039,Liceo América,3031051,10,240,160,36,17,213,160,213
9,Quillacollo,1,Quillacollo,934,Quillacollo,25043,Escuela Fidelia C. De Sanchez,3032291,2,240,157,46,15,218,157,218
9,Quillacollo,1,Quillacollo,934,Quillacollo,25044,Unidad Educativa Villa De Urkupiña,3033951,3,240,111,68,20,199,111,199
9,Quillacollo,1,Quillacollo,934,Quillacollo,25044,Unidad Educativa Villa De Urkupiña,3033971,5,240,131,54,17,202,131,202
9,Quillacollo,1,Quillacollo,934,Quillacollo,25044,Unidad Educativa Villa De Urkupiña,3033981,6,240,159,38,15,212,159,212
9,Quillacollo,1,Quillacollo,934,Quillacollo,25044,Unidad Educativa Villa De Urkupiña,3034041,12,240,131,63,14,208,131,208
9,Quillacollo,1,Quillacollo,934,Quillacollo,25047,Unidad Educativa Marquina,3034271,15,240,103,74,12,189,103,189
9,Quillacollo,1,Quillacollo,934,Quillacollo,25048,(Cárcel) Penal San Pablo,3030911,2,160,73,39,11,123,73,123
9,Quillacollo,1,Quillacollo,934,Quillacollo,25049,Unidad Educativa Heroinas,3032401,2,240,135,40,14,189,135,189
9,Quillacollo,1,Quillacollo,934,Quillacollo,25049,Unidad Educativa Heroinas,3032411,3,240,149,49,12,210,149,210
9,Quillacollo,1,Quillacollo,934,Quillacollo,25049,Unidad Educativa Heroinas,3032421,4,240,142,57,15,214,142,214
9,Quillacollo,1,Quillacollo,934,Quillacollo,25049,Unidad Educativa Heroinas,3032431,5,240,171,36,14,221,171,221
9,Quillacollo,1,Quillacollo,934,Quillacollo,25049,Unidad Educativa Heroinas,3032441,6,240,150,40,20,210,150,210
9,Quillacollo,1,Quillacollo,934,Quillacollo,25049,Unidad Educativa Heroinas,3032451,7,240,160,34,20,214,160,214
9,Quillacollo,1,Quillacollo,934,Quillacollo,25049,Unidad Educativa Heroinas,3032461,8,240,172,35,8,215,172,215
9,Quillacollo,1,Quillacollo,934,Quillacollo,25049,Unidad Educativa Heroinas,3032471,9,240,146,49,13,208,146,208
9,Quillacollo,1,Quillacollo,934,Quillacollo,25049,Unidad Educativa Heroinas,3032481,10,240,181,24,9,214,181,214
9,Quillacollo,1,Quillacollo,934,Quillacollo,25049,Unidad Educativa Heroinas,3032491,11,240,155,39,19,213,155,213
9,Quillacollo,1,Quillacollo,934,Quillacollo,25049,Unidad Educativa Heroinas,3032501,12,240,169,32,20,221,169,221
9,Quillacollo,1,Quillacollo,934,Quillacollo,25049,Unidad Educativa Heroinas,3032511,13,30,21,6,0,27,21,27
9,Quillacollo,1,Quillacollo,934,Quillacollo,25050,Teofilo Vargas Candia B,3031991,10,240,150,42,13,205,150,205
9,Quillacollo,1,Quillacollo,934,Quillacollo,25050,Teofilo Vargas Candia B,3032051,16,240,140,57,16,213,140,213
9,Quillacollo,1,Quillacollo,934,Quillacollo,25050,Teofilo Vargas Candia B,3032061,17,240,152,46,15,213,152,213
9,Quillacollo,1,Quillacollo,934,Quillacollo,25051,Unidad Educativa Martin Cardenas,3033551,1,240,145,49,21,215,145,215
9,Quillacollo,1,Quillacollo,934,Quillacollo,25051,Unidad Educativa Martin Cardenas,3033561,2,240,134,54,14,202,134,202
9,Quillacollo,1,Quillacollo,934,Quillacollo,25051,Unidad Educativa Martin Cardenas,3033581,4,240,133,48,16,197,133,197
9,Quillacollo,1,Quillacollo,934,Quillacollo,25052,Unidad Educativa Flora Salinas Hinojosa   Amalia Echalar,3032871,1,166,109,20,6,135,109,135
9,Quillacollo,1,Quillacollo,934,Quillacollo,25483,U.E. 21 de Septiembre,3033801,1,240,150,31,14,195,150,195
9,Quillacollo,1,Quillacollo,934,Quillacollo,25682,U.E. 1ro. de Mayo,3029831,2,240,150,41,22,213,150,213
9,Quillacollo,1,Quillacollo,934,Quillacollo,25689,U.E. Villa Asunción,3032911,1,240,150,37,23,210,150,210
9,Quillacollo,1,Quillacollo,934,Quillacollo,25689,U.E. Villa Asunción,3032921,2,240,147,42,20,209,147,209
9,Quillacollo,1,Quillacollo,934,Quillacollo,25689,U.E. Villa Asunción,3032931,3,240,134,53,19,206,134,206
9,Quillacollo,1,Quillacollo,934,Quillacollo,26469,U. E. Nuestra Señora de Urkupiña,3032271,2,234,153,19,15,187,153,187
9,Quillacollo,1,Quillacollo,934,Quillacollo,32080,Unidad Educativa Marquina (Secundaria),3034331,1,240,121,45,22,188,121,188
9,Quillacollo,1,Quillacollo,934,Quillacollo,32080,Unidad Educativa Marquina (Secundaria),3034341,2,240,123,55,14,192,123,192
9,Quillacollo,1,Quillacollo,934,Quillacollo,32080,Unidad Educativa Marquina (Secundaria),3034351,3,240,133,43,16,192,133,192
9,Quillacollo,1,Quillacollo,934,Quillacollo,32080,Unidad Educativa Marquina (Secundaria),3034361,4,240,127,49,26,202,127,202
9,Quillacollo,1,Quillacollo,934,Quillacollo,32080,Unidad Educativa Marquina (Secundaria),3034371,5,46,24,6,4,34,24,34
9,Quillacollo,1,Quillacollo,934,Quillacollo,32360,U.E. Cerro Cota,3034111,1,240,134,75,13,222,134,222
9,Quillacollo,1,Quillacollo,936,Piñami,9015,Escuela Felix Martinez,3030491,5,240,153,48,17,218,153,218
9,Quillacollo,1,Quillacollo,936,Piñami,9015,Escuela Felix Martinez,3030501,6,240,125,69,23,217,125,217
9,Quillacollo,1,Quillacollo,936,Piñami,9015,Escuela Felix Martinez,3030611,17,240,131,61,29,221,131,221
9,Quillacollo,1,Quillacollo,937,Paucarpata,9016,Normal Simón Rodríguez (Ex Nucleo Escolar Paucarpata),3029361,1,240,143,54,15,212,143,212
9,Quillacollo,1,Quillacollo,937,Paucarpata,9016,Normal Simón Rodríguez (Ex Nucleo Escolar Paucarpata),3029381,3,240,160,33,21,214,160,214
9,Quillacollo,1,Quillacollo,937,Paucarpata,9016,Normal Simón Rodríguez (Ex Nucleo Escolar Paucarpata),3029391,4,240,131,54,22,207,131,207
9,Quillacollo,1,Quillacollo,938,Cotapachi,9018,U. E. Milivoy Eterovic Matenda,3029931,1,240,154,41,11,206,154,206
9,Quillacollo,1,Quillacollo,938,Cotapachi,9018,U. E. Milivoy Eterovic Matenda,3029981,6,240,162,31,20,213,162,213
9,Quillacollo,1,Quillacollo,938,Cotapachi,9018,U. E. Milivoy Eterovic Matenda,3030001,8,240,164,37,18,219,164,219
9,Quillacollo,1,Quillacollo,938,Cotapachi,9018,U. E. Milivoy Eterovic Matenda,3030051,13,168,99,31,7,137,99,137
9,Quillacollo,1,Quillacollo,938,Cotapachi,26182,U.E. Cotapachi,3032891,2,240,169,35,16,220,169,220
9,Quillacollo,1,Quillacollo,939,El Paso,25684,U. E. El Paso  A,3030411,16,170,97,45,19,161,97,161
9,Quillacollo,1,Quillacollo,940,Bella Vista,9019,Unidad Educativa Bella Vista,3029581,2,240,128,55,19,202,128,202
9,Quillacollo,1,Quillacollo,940,Bella Vista,9019,Unidad Educativa Bella Vista,3029601,4,240,131,52,16,199,131,199
9,Quillacollo,1,Quillacollo,940,Bella Vista,9019,Unidad Educativa Bella Vista,3029621,6,240,113,62,13,188,113,188
9,Quillacollo,1,Quillacollo,941,Misicuni,9021,Centro Internado Misicuni,3030231,1,240,158,62,6,226,158,226
9,Quillacollo,1,Quillacollo,941,Misicuni,9021,Centro Internado Misicuni,3030251,3,100,66,17,9,92,66,92
9,Quillacollo,1,Quillacollo,4262,Potrero,25948,U. E. Potrero,3029861,1,240,129,50,28,207,129,207
9,Quillacollo,1,Quillacollo,4262,Potrero,25948,U. E. Potrero,3029881,3,240,111,71,29,211,111,211
9,Quillacollo,1,Quillacollo,4262,Potrero,25948,U. E. Potrero,3029891,4,240,126,62,17,205,126,205
9,Quillacollo,1,Quillacollo,4262,Potrero,25948,U. E. Potrero,3029911,6,240,111,66,29,206,111,206
9,Quillacollo,2,Sipesipe,942,Sipe Sipe,9022,Unidad Educativa Andres Uzeda Ocampo,3035751,9,240,128,54,15,197,128,197
9,Quillacollo,2,Sipesipe,942,Sipe Sipe,9022,Unidad Educativa Andres Uzeda Ocampo,3035761,10,240,135,47,18,200,135,200
9,Quillacollo,2,Sipesipe,942,Sipe Sipe,9022,Unidad Educativa Andres Uzeda Ocampo,3035771,11,240,151,43,15,209,151,209
9,Quillacollo,2,Sipesipe,942,Sipe Sipe,9022,Unidad Educativa Andres Uzeda Ocampo,3035781,12,240,129,46,20,195,129,195
9,Quillacollo,2,Sipesipe,942,Sipe Sipe,9022,Unidad Educativa Andres Uzeda Ocampo,3035791,13,240,146,36,18,200,146,200
9,Quillacollo,2,Sipesipe,942,Sipe Sipe,9022,Unidad Educativa Andres Uzeda Ocampo,3035811,15,240,153,42,13,208,153,208
9,Quillacollo,2,Sipesipe,945,Sauce Rancho,9024,Unidad Educativa Sauce Rancho,3036081,8,240,137,57,18,212,137,212
9,Quillacollo,2,Sipesipe,945,Sauce Rancho,9024,Unidad Educativa Sauce Rancho,3036091,9,240,148,42,24,214,148,214
9,Quillacollo,2,Sipesipe,945,Sauce Rancho,9024,Unidad Educativa Sauce Rancho,3036101,10,240,150,39,28,217,150,217
9,Quillacollo,2,Sipesipe,945,Sauce Rancho,9024,Unidad Educativa Sauce Rancho,3036121,12,240,139,56,26,221,139,221
9,Quillacollo,2,Sipesipe,945,Sauce Rancho,25906,U. E. German Busch,3036191,5,240,132,55,22,209,132,209
9,Quillacollo,2,Sipesipe,3957,Caviloma,1,Unidad Educativa  Caviloma,3034791,2,240,142,37,32,211,142,211
9,Quillacollo,3,Tiquipaya,951,Tiquipaya,9029,Colegio San Miguel (Tiquipaya),3036291,8,240,148,54,14,216,148,216
9,Quillacollo,3,Tiquipaya,951,Tiquipaya,9030,Colegio Simon Bolivar (Tiquipaya),3036401,2,240,149,38,10,197,149,197
9,Quillacollo,3,Tiquipaya,951,Tiquipaya,9030,Colegio Simon Bolivar (Tiquipaya),3036431,5,240,148,37,30,215,148,215
9,Quillacollo,3,Tiquipaya,951,Tiquipaya,9030,Colegio Simon Bolivar (Tiquipaya),3036441,6,240,142,49,13,204,142,204
9,Quillacollo,3,Tiquipaya,951,Tiquipaya,9030,Colegio Simon Bolivar (Tiquipaya),3036461,8,240,142,46,19,207,142,207
9,Quillacollo,3,Tiquipaya,951,Tiquipaya,9030,Colegio Simon Bolivar (Tiquipaya),3036611,23,240,168,23,17,208,168,208
9,Quillacollo,3,Tiquipaya,951,Tiquipaya,25698,U.E. Monseñor Salomón Romero,3037991,1,240,160,25,10,195,160,195
9,Quillacollo,3,Tiquipaya,951,Tiquipaya,25698,U.E. Monseñor Salomón Romero,3038001,2,240,166,23,13,202,166,202
9,Quillacollo,3,Tiquipaya,951,Tiquipaya,25698,U.E. Monseñor Salomón Romero,3038011,3,240,167,24,13,204,167,204
9,Quillacollo,3,Tiquipaya,951,Tiquipaya,25698,U.E. Monseñor Salomón Romero,3038021,4,240,167,26,16,209,167,209
9,Quillacollo,3,Tiquipaya,951,Tiquipaya,25698,U.E. Monseñor Salomón Romero,3038031,5,240,163,38,14,215,163,215
9,Quillacollo,3,Tiquipaya,951,Tiquipaya,25698,U.E. Monseñor Salomón Romero,3038041,6,240,170,24,17,211,170,211
9,Quillacollo,3,Tiquipaya,951,Tiquipaya,25698,U.E. Monseñor Salomón Romero,3038051,7,240,169,24,8,201,169,201
9,Quillacollo,3,Tiquipaya,951,Tiquipaya,25698,U.E. Monseñor Salomón Romero,3038061,8,240,178,25,8,211,178,211
9,Quillacollo,3,Tiquipaya,951,Tiquipaya,25698,U.E. Monseñor Salomón Romero,3038071,9,240,172,24,10,206,172,206
9,Quillacollo,3,Tiquipaya,951,Tiquipaya,25698,U.E. Monseñor Salomón Romero,3038081,10,100,82,3,6,91,82,91
9,Quillacollo,3,Tiquipaya,952,Trojes,9031,Escuela Toribio Claure,3036851,16,240,171,28,12,211,171,211
9,Quillacollo,3,Tiquipaya,952,Trojes,9031,Escuela Toribio Claure,3036861,17,240,152,33,22,207,152,207
9,Quillacollo,3,Tiquipaya,952,Trojes,9032,Unidad Educativa Jesus Maestro,3037041,7,240,159,24,20,203,159,203
9,Quillacollo,3,Tiquipaya,952,Trojes,9032,Unidad Educativa Jesus Maestro,3037051,8,240,154,38,16,208,154,208
9,Quillacollo,3,Tiquipaya,952,Trojes,9032,Unidad Educativa Jesus Maestro,3037061,9,240,158,26,22,206,158,206
9,Quillacollo,3,Tiquipaya,952,Trojes,9032,Unidad Educativa Jesus Maestro,3037071,10,240,158,46,10,214,158,214
9,Quillacollo,3,Tiquipaya,952,Trojes,9032,Unidad Educativa Jesus Maestro,3037081,11,240,164,30,19,213,164,213
9,Quillacollo,3,Tiquipaya,952,Trojes,9032,Unidad Educativa Jesus Maestro,3037091,12,240,156,44,22,222,156,222
9,Quillacollo,3,Tiquipaya,952,Trojes,9032,Unidad Educativa Jesus Maestro,3037101,13,240,185,10,10,205,185,205
9,Quillacollo,3,Tiquipaya,952,Trojes,9032,Unidad Educativa Jesus Maestro,3037111,14,240,149,42,23,214,149,214
9,Quillacollo,3,Tiquipaya,952,Trojes,9032,Unidad Educativa Jesus Maestro,3037121,15,240,148,44,17,209,148,209
9,Quillacollo,3,Tiquipaya,952,Trojes,9032,Unidad Educativa Jesus Maestro,3037131,16,240,162,41,10,213,162,213
9,Quillacollo,3,Tiquipaya,952,Trojes,9032,Unidad Educativa Jesus Maestro,3037141,17,236,153,46,10,209,153,209
9,Quillacollo,3,Tiquipaya,952,Trojes,26459,U.E. Técnico Humanístico San Gabriel,3038151,1,240,177,27,5,209,177,209
9,Quillacollo,3,Tiquipaya,952,Trojes,26459,U.E. Técnico Humanístico San Gabriel,3038161,2,240,193,22,7,222,193,222
9,Quillacollo,3,Tiquipaya,952,Trojes,26459,U.E. Técnico Humanístico San Gabriel,3038171,3,138,105,9,11,125,105,125
9,Quillacollo,3,Tiquipaya,955,Ciudad del Niño,26151,U.E. Técnico Humanístico San Rafael,3038121,1,240,163,28,16,207,163,207
9,Quillacollo,3,Tiquipaya,955,Ciudad del Niño,26151,U.E. Técnico Humanístico San Rafael,3038131,2,240,179,22,11,212,179,212
9,Quillacollo,3,Tiquipaya,955,Ciudad del Niño,26151,U.E. Técnico Humanístico San Rafael,3038141,3,76,56,8,5,69,56,69
9,Quillacollo,3,Tiquipaya,955,Ciudad del Niño,26460,U. E. Constantino I,3038181,1,240,171,23,18,212,171,212
9,Quillacollo,3,Tiquipaya,955,Ciudad del Niño,26460,U. E. Constantino I,3038191,2,154,111,13,10,134,111,134
9,Quillacollo,3,Tiquipaya,957,Linde   Chiquicollo,9037,Aldeas S.O.S,3037751,1,240,148,48,17,213,148,213
9,Quillacollo,3,Tiquipaya,957,Linde   Chiquicollo,9037,Aldeas S.O.S,3037771,3,240,151,45,25,221,151,221
9,Quillacollo,3,Tiquipaya,957,Linde   Chiquicollo,9037,Aldeas S.O.S,3037781,4,240,156,53,17,226,156,226
9,Quillacollo,3,Tiquipaya,957,Linde   Chiquicollo,9037,Aldeas S.O.S,3037791,5,240,167,35,11,213,167,213
9,Quillacollo,3,Tiquipaya,957,Linde   Chiquicollo,9037,Aldeas S.O.S,3037801,6,240,161,48,15,224,161,224
9,Quillacollo,3,Tiquipaya,957,Linde   Chiquicollo,9037,Aldeas S.O.S,3037811,7,240,160,28,28,216,160,216
9,Quillacollo,3,Tiquipaya,957,Linde   Chiquicollo,9037,Aldeas S.O.S,3037821,8,240,153,35,25,213,153,213
9,Quillacollo,3,Tiquipaya,957,Linde   Chiquicollo,9037,Aldeas S.O.S,3037831,9,144,99,10,22,131,99,131
9,Quillacollo,3,Tiquipaya,4200,4 Esquinas,25647,U.E. Cuatro Esquinas,3037921,1,185,91,39,5,135,91,135
9,Quillacollo,4,Vinto,959,Vinto,9053,Escuela Melchor Cuadros,3039561,21,240,148,49,16,213,148,213
9,Quillacollo,4,Vinto,959,Vinto,9054,Escuela Martín Cardenas,3039961,16,240,136,70,16,222,136,222
9,Quillacollo,4,Vinto,959,Vinto,9054,Escuela Martín Cardenas,3039991,19,240,148,50,23,221,148,221
9,Quillacollo,4,Vinto,959,Vinto,9054,Escuela Martín Cardenas,3040011,21,153,95,27,15,137,95,137
9,Quillacollo,4,Vinto,959,Vinto,9055,Unidad Educativa Sagrada Familia,3039671,2,240,154,32,19,205,154,205
9,Quillacollo,4,Vinto,959,Vinto,9055,Unidad Educativa Sagrada Familia,3039681,3,240,161,26,18,205,161,205
9,Quillacollo,4,Vinto,959,Vinto,9055,Unidad Educativa Sagrada Familia,3039691,4,240,149,34,19,202,149,202
9,Quillacollo,4,Vinto,959,Vinto,9055,Unidad Educativa Sagrada Familia,3039701,5,240,152,34,13,199,152,199
9,Quillacollo,4,Vinto,959,Vinto,9055,Unidad Educativa Sagrada Familia,3039711,6,240,159,35,13,207,159,207
9,Quillacollo,4,Vinto,959,Vinto,9055,Unidad Educativa Sagrada Familia,3039721,7,240,156,35,21,212,156,212
9,Quillacollo,4,Vinto,959,Vinto,9055,Unidad Educativa Sagrada Familia,3039741,9,240,151,42,15,208,151,208
9,Quillacollo,4,Vinto,959,Vinto,9055,Unidad Educativa Sagrada Familia,3039751,10,240,139,39,24,202,139,202
9,Quillacollo,4,Vinto,959,Vinto,9055,Unidad Educativa Sagrada Familia,3039761,11,240,165,35,12,212,165,212
9,Quillacollo,4,Vinto,959,Vinto,9055,Unidad Educativa Sagrada Familia,3039771,12,240,152,43,13,208,152,208
9,Quillacollo,4,Vinto,959,Vinto,9055,Unidad Educativa Sagrada Familia,3039781,13,240,151,38,17,206,151,206
9,Quillacollo,4,Vinto,959,Vinto,9055,Unidad Educativa Sagrada Familia,3039791,14,240,157,43,15,215,157,215
9,Quillacollo,4,Vinto,959,Vinto,9055,Unidad Educativa Sagrada Familia,3039801,15,228,153,28,15,196,153,196
9,Quillacollo,4,Vinto,959,Vinto,9056,Unidad Educativa David Arzabe,3040031,2,240,153,52,13,218,153,218
9,Quillacollo,4,Vinto,959,Vinto,9056,Unidad Educativa David Arzabe,3040041,3,240,147,30,22,199,147,199
9,Quillacollo,4,Vinto,959,Vinto,9056,Unidad Educativa David Arzabe,3040051,4,240,143,47,14,204,143,204
9,Quillacollo,4,Vinto,959,Vinto,9056,Unidad Educativa David Arzabe,3040061,5,240,154,38,15,207,154,207
9,Quillacollo,4,Vinto,959,Vinto,9056,Unidad Educativa David Arzabe,3040081,7,240,139,50,21,210,139,210
9,Quillacollo,4,Vinto,959,Vinto,25699,U.E. Avelino Mérida Zubieta,3039231,1,240,152,31,16,199,152,199
9,Quillacollo,4,Vinto,959,Vinto,25699,U.E. Avelino Mérida Zubieta,3039241,2,240,135,31,28,194,135,194
9,Quillacollo,4,Vinto,959,Vinto,25699,U.E. Avelino Mérida Zubieta,3039251,3,240,125,26,44,195,125,195
9,Quillacollo,4,Vinto,959,Vinto,25699,U.E. Avelino Mérida Zubieta,3039261,4,240,154,33,23,210,154,210
9,Quillacollo,4,Vinto,959,Vinto,25699,U.E. Avelino Mérida Zubieta,3039271,5,240,153,38,19,210,153,210
9,Quillacollo,4,Vinto,959,Vinto,25699,U.E. Avelino Mérida Zubieta,3039291,7,240,174,15,13,202,174,202
9,Quillacollo,4,Vinto,959,Vinto,25699,U.E. Avelino Mérida Zubieta,3039301,8,154,99,17,12,128,99,128
9,Quillacollo,4,Vinto,959,Vinto,25701,U.E. Soledad Rivas,3039311,1,240,136,59,18,213,136,213
9,Quillacollo,4,Vinto,959,Vinto,25701,U.E. Soledad Rivas,3039321,2,240,141,59,13,213,141,213
9,Quillacollo,4,Vinto,959,Vinto,25701,U.E. Soledad Rivas,3039331,3,240,145,61,20,226,145,226
9,Quillacollo,4,Vinto,959,Vinto,25701,U.E. Soledad Rivas,3039341,4,240,158,54,9,221,158,221
9,Quillacollo,4,Vinto,959,Vinto,25701,U.E. Soledad Rivas,3039351,5,61,42,12,3,57,42,57
9,Quillacollo,4,Vinto,959,Vinto,26464,U. E. Carmen Rosa Salguero,3040181,1,240,176,16,14,206,176,206
9,Quillacollo,4,Vinto,959,Vinto,26464,U. E. Carmen Rosa Salguero,3040191,2,240,150,29,17,196,150,196
9,Quillacollo,4,Vinto,959,Vinto,26464,U. E. Carmen Rosa Salguero,3040201,3,206,133,30,15,178,133,178
9,Quillacollo,4,Vinto,959,Vinto,26466,U. E. María Ayma,3039141,1,240,137,45,12,194,137,194
9,Quillacollo,4,Vinto,959,Vinto,26466,U. E. María Ayma,3039151,2,240,129,50,22,201,129,201
9,Quillacollo,4,Vinto,959,Vinto,26466,U. E. María Ayma,3039191,6,61,34,18,3,55,34,55
9,Quillacollo,4,Vinto,959,Vinto,26467,U. E. Nuestra Señora del Rosario,3039201,1,240,151,31,16,198,151,198
9,Quillacollo,4,Vinto,959,Vinto,26467,U. E. Nuestra Señora del Rosario,3039211,2,240,134,43,13,190,134,190
9,Quillacollo,4,Vinto,959,Vinto,26467,U. E. Nuestra Señora del Rosario,3039221,3,156,104,25,11,140,104,140
9,Quillacollo,4,Vinto,960,Machac Marca,9040,Unidad Educativa Reino Unido,3038511,21,240,129,47,24,200,129,200
9,Quillacollo,4,Vinto,962,Anocaraire,9042,Unidad Educativa Anocaraire,3038811,9,240,139,48,22,209,139,209
9,Quillacollo,4,Vinto,962,Anocaraire,9042,Unidad Educativa Anocaraire,3038821,10,240,121,64,19,204,121,204
9,Quillacollo,4,Vinto,962,Anocaraire,9042,Unidad Educativa Anocaraire,3038841,12,240,131,52,18,201,131,201
9,Quillacollo,4,Vinto,962,Anocaraire,9042,Unidad Educativa Anocaraire,3038861,14,185,115,33,10,158,115,158
9,Quillacollo,4,Vinto,962,Anocaraire,26461,U.E. Álvaro García Linera,3038941,1,240,133,68,17,218,133,218
9,Quillacollo,4,Vinto,962,Anocaraire,26461,U.E. Álvaro García Linera,3038951,2,240,124,68,24,216,124,216
9,Quillacollo,4,Vinto,962,Anocaraire,26461,U.E. Álvaro García Linera,3038961,3,240,133,49,34,216,133,216
9,Quillacollo,4,Vinto,962,Anocaraire,26461,U.E. Álvaro García Linera,3038971,4,240,149,51,20,220,149,220
9,Quillacollo,4,Vinto,962,Anocaraire,26463,U.E. Simón I. Patiño,3038991,1,240,150,53,14,217,150,217
9,Quillacollo,4,Vinto,962,Anocaraire,26463,U.E. Simón I. Patiño,3039001,2,240,135,48,32,215,135,215
9,Quillacollo,4,Vinto,962,Anocaraire,26463,U.E. Simón I. Patiño,3039011,3,240,163,32,29,224,163,224
9,Quillacollo,4,Vinto,962,Anocaraire,26463,U.E. Simón I. Patiño,3039021,4,113,78,14,11,103,78,103
9,Quillacollo,4,Vinto,962,Anocaraire,26465,U. E. Combuyo,3039031,1,240,142,64,20,226,142,226
9,Quillacollo,4,Vinto,962,Anocaraire,26465,U. E. Combuyo,3039041,2,240,157,30,27,214,157,214
9,Quillacollo,5,Colcapirhua,963,Colcapirhua,25033,Unidad Educativa Daniel Salamanca,3041771,6,240,142,61,12,215,142,215
9,Quillacollo,5,Colcapirhua,963,Colcapirhua,25681,U.E. 27 de Mayo,3042131,1,240,152,36,20,208,152,208
9,Quillacollo,5,Colcapirhua,965,Callaj Chullpa (Colcapirhua),9039,Sede Social Callaj Chullpa (Colcapirhua),3040211,1,240,152,60,6,218,152,218
9,Quillacollo,5,Colcapirhua,965,Callaj Chullpa (Colcapirhua),9039,Sede Social Callaj Chullpa (Colcapirhua),3040231,3,77,47,18,4,69,47,69
9,Quillacollo,5,Colcapirhua,966,Sumunpaya,9047,Colegio Max Fernandez,3041081,2,240,159,43,18,220,159,220
9,Quillacollo,5,Colcapirhua,966,Sumunpaya,9047,Colegio Max Fernandez,3041101,4,240,163,46,10,219,163,219
9,Quillacollo,5,Colcapirhua,966,Sumunpaya,9047,Colegio Max Fernandez,3041211,15,240,155,50,10,215,155,215
9,Quillacollo,5,Colcapirhua,966,Sumunpaya,9047,Colegio Max Fernandez,3041271,21,240,174,35,10,219,174,219
9,Quillacollo,5,Colcapirhua,966,Sumunpaya,9047,Colegio Max Fernandez,3041281,22,240,155,46,12,213,155,213
9,Quillacollo,5,Colcapirhua,966,Sumunpaya,9047,Colegio Max Fernandez,3041301,24,240,141,59,8,208,141,208
9,Quillacollo,5,Colcapirhua,968,Santa Rosa (Colcapirhua),9051,Unidad Educativa El Sausalito,3040451,1,240,171,36,13,220,171,220
9,Quillacollo,5,Colcapirhua,968,Santa Rosa (Colcapirhua),9051,Unidad Educativa El Sausalito,3040461,2,240,143,64,14,221,143,221
9,Quillacollo,5,Colcapirhua,968,Santa Rosa (Colcapirhua),9051,Unidad Educativa El Sausalito,3040471,3,240,165,42,16,223,165,223
9,Quillacollo,5,Colcapirhua,968,Santa Rosa (Colcapirhua),9051,Unidad Educativa El Sausalito,3040481,4,240,157,44,17,218,157,218
9,Quillacollo,5,Colcapirhua,968,Santa Rosa (Colcapirhua),9051,Unidad Educativa El Sausalito,3040501,6,240,158,50,12,220,158,220
9,Quillacollo,5,Colcapirhua,968,Santa Rosa (Colcapirhua),9051,Unidad Educativa El Sausalito,3040511,7,240,145,54,24,223,145,223
9,Quillacollo,5,Colcapirhua,968,Santa Rosa (Colcapirhua),9053,Unidad Educativa La Sagrada Familia,3040601,1,240,158,50,14,222,158,222
9,Quillacollo,5,Colcapirhua,968,Santa Rosa (Colcapirhua),9053,Unidad Educativa La Sagrada Familia,3040621,3,240,154,41,17,212,154,212
9,Quillacollo,5,Colcapirhua,968,Santa Rosa (Colcapirhua),9053,Unidad Educativa La Sagrada Familia,3040641,5,240,162,48,14,224,162,224
9,Quillacollo,5,Colcapirhua,968,Santa Rosa (Colcapirhua),9053,Unidad Educativa La Sagrada Familia,3040651,6,240,166,35,20,221,166,221
9,Quillacollo,5,Colcapirhua,968,Santa Rosa (Colcapirhua),9053,Unidad Educativa La Sagrada Familia,3040661,7,240,151,41,18,210,151,210
9,Quillacollo,5,Colcapirhua,968,Santa Rosa (Colcapirhua),9053,Unidad Educativa La Sagrada Familia,3040721,13,26,19,5,1,25,19,25
9,Quillacollo,5,Colcapirhua,968,Santa Rosa (Colcapirhua),25679,U.E. San Miguel,3040731,1,240,176,29,9,214,176,214
9,Quillacollo,5,Colcapirhua,968,Santa Rosa (Colcapirhua),25679,U.E. San Miguel,3040741,2,240,161,46,15,222,161,222
9,Quillacollo,5,Colcapirhua,968,Santa Rosa (Colcapirhua),25679,U.E. San Miguel,3040771,5,240,166,45,9,220,166,220
9,Quillacollo,5,Colcapirhua,968,Santa Rosa (Colcapirhua),25679,U.E. San Miguel,3040781,6,240,157,38,12,207,157,207
9,Quillacollo,5,Colcapirhua,968,Santa Rosa (Colcapirhua),25679,U.E. San Miguel,3040841,12,240,187,10,14,211,187,211
9,Quillacollo,5,Colcapirhua,970,La Florida,9051,U. E. Prof. Benedicto Durán Ortíz,3041351,3,240,170,34,14,218,170,218
9,Quillacollo,5,Colcapirhua,970,La Florida,9051,U. E. Prof. Benedicto Durán Ortíz,3041361,4,240,165,29,18,212,165,212
10,Chapare,1,Sacaba,971,Sacaba,1046,Escuela Natalio Arauco,3046321,1,240,139,54,23,216,139,216
10,Chapare,1,Sacaba,971,Sacaba,1046,Escuela Natalio Arauco,3046331,2,240,145,45,19,209,145,209
10,Chapare,1,Sacaba,971,Sacaba,1046,Escuela Natalio Arauco,3046341,3,240,138,52,24,214,138,214
10,Chapare,1,Sacaba,971,Sacaba,1046,Escuela Natalio Arauco,3046351,4,240,128,57,25,210,128,210
10,Chapare,1,Sacaba,971,Sacaba,1046,Escuela Natalio Arauco,3046371,6,240,147,50,10,207,147,207
10,Chapare,1,Sacaba,971,Sacaba,1046,Escuela Natalio Arauco,3046411,10,240,141,58,12,211,141,211
10,Chapare,1,Sacaba,971,Sacaba,1048,Escuela Man Cesped,3046811,8,240,144,52,18,214,144,214
10,Chapare,1,Sacaba,971,Sacaba,1048,Escuela Man Cesped,3046821,9,240,153,56,4,213,153,213
10,Chapare,1,Sacaba,971,Sacaba,1048,Escuela Man Cesped,3046851,12,240,160,44,16,220,160,220
10,Chapare,1,Sacaba,971,Sacaba,1049,Escuela German Busch,3046951,2,240,151,42,15,208,151,208
10,Chapare,1,Sacaba,971,Sacaba,1049,Escuela German Busch,3047001,7,240,165,33,18,216,165,216
10,Chapare,1,Sacaba,971,Sacaba,1049,Escuela German Busch,3047081,15,240,150,40,21,211,150,211
10,Chapare,1,Sacaba,971,Sacaba,1049,Escuela German Busch,3047121,19,240,164,38,12,214,164,214
10,Chapare,1,Sacaba,971,Sacaba,1049,Escuela German Busch,3047171,24,240,149,30,30,209,149,209
10,Chapare,1,Sacaba,971,Sacaba,1052,Unidad Educativa Ulincate,3048391,4,240,178,27,10,215,178,215
10,Chapare,1,Sacaba,971,Sacaba,1052,Unidad Educativa Ulincate,3048401,5,240,180,18,11,209,180,209
10,Chapare,1,Sacaba,971,Sacaba,1052,Unidad Educativa Ulincate,3048411,6,240,161,36,11,208,161,208
10,Chapare,1,Sacaba,971,Sacaba,1052,Unidad Educativa Ulincate,3048421,7,240,158,50,7,215,158,215
10,Chapare,1,Sacaba,971,Sacaba,1052,Unidad Educativa Ulincate,3048431,8,52,41,4,2,47,41,47
10,Chapare,1,Sacaba,971,Sacaba,1053,Instituto Tecnico Sacaba (ITSA),3047221,1,240,157,38,15,210,157,210
10,Chapare,1,Sacaba,971,Sacaba,1056,Unidad Educativa Republica de Italia,3047311,7,240,156,32,14,202,156,202
10,Chapare,1,Sacaba,971,Sacaba,1056,Unidad Educativa Republica de Italia,3047341,10,240,147,39,14,200,147,200
10,Chapare,1,Sacaba,971,Sacaba,1056,Unidad Educativa Republica de Italia,3047351,11,71,43,9,8,60,43,60
10,Chapare,1,Sacaba,971,Sacaba,25928,U. E. 27 de Mayo,3048731,1,240,149,56,10,215,149,215
10,Chapare,1,Sacaba,971,Sacaba,25928,U. E. 27 de Mayo,3048741,2,240,139,60,16,215,139,215
10,Chapare,1,Sacaba,971,Sacaba,25928,U. E. 27 de Mayo,3048751,3,253,158,51,16,225,158,225
10,Chapare,1,Sacaba,971,Sacaba,26452,U.E. José Nicolás Maldonado,3047411,2,240,149,41,22,212,149,212
10,Chapare,1,Sacaba,971,Sacaba,26452,U.E. José Nicolás Maldonado,3047431,4,240,163,22,15,200,163,200
10,Chapare,1,Sacaba,971,Sacaba,26452,U.E. José Nicolás Maldonado,3047461,7,240,170,30,14,214,170,214
10,Chapare,1,Sacaba,971,Sacaba,26452,U.E. José Nicolás Maldonado,3047471,8,133,103,17,4,124,103,124
10,Chapare,1,Sacaba,972,El Castillo,1005,Escuela Jesus Terceros,3042191,1,240,197,10,9,216,197,216
10,Chapare,1,Sacaba,972,El Castillo,1005,Escuela Jesus Terceros,3042201,2,240,172,32,7,211,172,211
10,Chapare,1,Sacaba,972,El Castillo,1005,Escuela Jesus Terceros,3042211,3,240,160,36,9,205,160,205
10,Chapare,1,Sacaba,972,El Castillo,1005,Escuela Jesus Terceros,3042221,4,240,146,49,21,216,146,216
10,Chapare,1,Sacaba,972,El Castillo,1005,Escuela Jesus Terceros,3042231,5,240,167,33,14,214,167,214
10,Chapare,1,Sacaba,972,El Castillo,1005,Escuela Jesus Terceros,3042241,6,240,168,33,16,217,168,217
10,Chapare,1,Sacaba,972,El Castillo,1005,Escuela Jesus Terceros,3042251,7,240,158,45,18,221,158,221
10,Chapare,1,Sacaba,972,El Castillo,1005,Escuela Jesus Terceros,3042261,8,240,163,38,17,218,163,218
10,Chapare,1,Sacaba,972,El Castillo,1005,Escuela Jesus Terceros,3042271,9,240,174,32,13,219,174,219
10,Chapare,1,Sacaba,972,El Castillo,1005,Escuela Jesus Terceros,3042281,10,240,154,35,22,211,154,211
10,Chapare,1,Sacaba,972,El Castillo,1005,Escuela Jesus Terceros,3042291,11,240,164,36,19,219,164,219
10,Chapare,1,Sacaba,972,El Castillo,1005,Escuela Jesus Terceros,3042301,12,240,175,35,10,220,175,220
10,Chapare,1,Sacaba,973,Quintanilla,1006,Colegio Quintanilla,3045591,1,240,147,53,14,214,147,214
10,Chapare,1,Sacaba,973,Quintanilla,1006,Colegio Quintanilla,3045681,10,240,153,48,14,215,153,215
10,Chapare,1,Sacaba,973,Quintanilla,1006,Colegio Quintanilla,3045691,11,240,172,31,17,220,172,220
10,Chapare,1,Sacaba,973,Quintanilla,1006,Colegio Quintanilla,3045751,17,240,164,33,14,211,164,211
10,Chapare,1,Sacaba,973,Quintanilla,1006,Colegio Quintanilla,3045761,18,240,147,53,11,211,147,211
10,Chapare,1,Sacaba,973,Quintanilla,1006,Colegio Quintanilla,3045771,19,240,163,47,11,221,163,221
10,Chapare,1,Sacaba,973,Quintanilla,1006,Colegio Quintanilla,3045801,22,240,145,48,21,214,145,214
10,Chapare,1,Sacaba,973,Quintanilla,1006,Colegio Quintanilla,3045811,23,240,160,42,14,216,160,216
10,Chapare,1,Sacaba,973,Quintanilla,1006,Colegio Quintanilla,3045821,24,240,155,48,11,214,155,214
10,Chapare,1,Sacaba,973,Quintanilla,1006,Colegio Quintanilla,3045841,26,240,151,53,11,215,151,215
10,Chapare,1,Sacaba,973,Quintanilla,1006,Colegio Quintanilla,3045851,27,240,147,60,9,216,147,216
10,Chapare,1,Sacaba,973,Quintanilla,1006,Colegio Quintanilla,3045871,29,240,160,41,16,217,160,217
10,Chapare,1,Sacaba,973,Quintanilla,1009,Unidad Educativa Israelí El Abra,3047621,1,240,131,65,12,208,131,208
10,Chapare,1,Sacaba,973,Quintanilla,1009,Unidad Educativa Israelí El Abra,3047631,2,240,136,56,17,209,136,209
10,Chapare,1,Sacaba,973,Quintanilla,1009,Unidad Educativa Israelí El Abra,3047641,3,240,147,42,23,212,147,212
10,Chapare,1,Sacaba,973,Quintanilla,1009,Unidad Educativa Israelí El Abra,3047651,4,240,148,47,18,213,148,213
10,Chapare,1,Sacaba,973,Quintanilla,1009,Unidad Educativa Israelí El Abra,3047661,5,240,142,50,16,208,142,208
10,Chapare,1,Sacaba,973,Quintanilla,1009,Unidad Educativa Israelí El Abra,3047671,6,240,134,54,22,210,134,210
10,Chapare,1,Sacaba,973,Quintanilla,1009,Unidad Educativa Israelí El Abra,3047681,7,240,144,53,20,217,144,217
10,Chapare,1,Sacaba,973,Quintanilla,1009,Unidad Educativa Israelí El Abra,3047691,8,240,142,51,20,213,142,213
10,Chapare,1,Sacaba,973,Quintanilla,1010,Unidad Educativa del Valle,3045941,5,240,149,39,15,203,149,203
10,Chapare,1,Sacaba,973,Quintanilla,25693,U.E. Puntiti Chico,3046241,1,240,162,35,13,210,162,210
10,Chapare,1,Sacaba,973,Quintanilla,25693,U.E. Puntiti Chico,3046271,4,240,152,36,17,205,152,205
10,Chapare,1,Sacaba,973,Quintanilla,25693,U.E. Puntiti Chico,3046281,5,240,170,34,14,218,170,218
10,Chapare,1,Sacaba,973,Quintanilla,25693,U.E. Puntiti Chico,3046291,6,240,179,25,8,212,179,212
10,Chapare,1,Sacaba,973,Quintanilla,25693,U.E. Puntiti Chico,3046301,7,247,170,36,7,213,170,213
10,Chapare,1,Sacaba,973,Quintanilla,25694,U.E. José Vía García,3047521,1,226,121,56,19,196,121,196
10,Chapare,1,Sacaba,973,Quintanilla,25695,U.E. Villa Animas,3046311,1,223,130,44,13,187,130,187
10,Chapare,1,Sacaba,974,Pacata,1049,Colegio Puerto Mejillones,3044391,1,240,147,41,17,205,147,205
10,Chapare,1,Sacaba,974,Pacata,1049,Colegio Puerto Mejillones,3044401,2,240,147,47,21,215,147,215
10,Chapare,1,Sacaba,974,Pacata,1049,Colegio Puerto Mejillones,3044411,3,240,179,24,15,218,179,218
10,Chapare,1,Sacaba,974,Pacata,1049,Colegio Puerto Mejillones,3044421,4,240,141,47,25,213,141,213
10,Chapare,1,Sacaba,974,Pacata,1049,Colegio Puerto Mejillones,3044431,5,240,147,50,14,211,147,211
10,Chapare,1,Sacaba,974,Pacata,1049,Colegio Puerto Mejillones,3044461,8,240,150,41,20,211,150,211
10,Chapare,1,Sacaba,974,Pacata,1049,Colegio Puerto Mejillones,3044481,10,240,148,47,20,215,148,215
10,Chapare,1,Sacaba,974,Pacata,1049,Colegio Puerto Mejillones,3044491,11,240,141,39,21,201,141,201
10,Chapare,1,Sacaba,974,Pacata,1049,Colegio Puerto Mejillones,3044501,12,240,141,48,19,208,141,208
10,Chapare,1,Sacaba,974,Pacata,1049,Colegio Puerto Mejillones,3044511,13,240,155,40,14,209,155,209
10,Chapare,1,Sacaba,974,Pacata,1049,Colegio Puerto Mejillones,3044521,14,240,140,53,18,211,140,211
10,Chapare,1,Sacaba,974,Pacata,1049,Colegio Puerto Mejillones,3044531,15,215,135,49,12,196,135,196
10,Chapare,1,Sacaba,974,Pacata,1050,Unidad Educativa Villa Graciela,3044621,9,240,158,41,16,215,158,215
10,Chapare,1,Sacaba,974,Pacata,1052,Unidad Educativa René Barrientos Ortuño,3044821,1,240,152,36,17,205,152,205
10,Chapare,1,Sacaba,974,Pacata,1052,Unidad Educativa René Barrientos Ortuño,3044831,2,240,161,33,16,210,161,210
10,Chapare,1,Sacaba,974,Pacata,1052,Unidad Educativa René Barrientos Ortuño,3044841,3,240,155,42,18,215,155,215
10,Chapare,1,Sacaba,974,Pacata,1052,Unidad Educativa René Barrientos Ortuño,3044851,4,240,161,20,19,200,161,200
10,Chapare,1,Sacaba,974,Pacata,1052,Unidad Educativa René Barrientos Ortuño,3044861,5,240,170,31,19,220,170,220
10,Chapare,1,Sacaba,974,Pacata,1052,Unidad Educativa René Barrientos Ortuño,3044871,6,240,157,37,16,210,157,210
10,Chapare,1,Sacaba,974,Pacata,1052,Unidad Educativa René Barrientos Ortuño,3044881,7,144,85,32,7,124,85,124
10,Chapare,1,Sacaba,974,Pacata,1054,Unidad Educativa Edmundo Bojanowski,3045021,2,240,168,26,16,210,168,210
10,Chapare,1,Sacaba,974,Pacata,1054,Unidad Educativa Edmundo Bojanowski,3045031,3,240,166,26,16,208,166,208
10,Chapare,1,Sacaba,974,Pacata,1054,Unidad Educativa Edmundo Bojanowski,3045041,4,240,166,40,9,215,166,215
10,Chapare,1,Sacaba,974,Pacata,1054,Unidad Educativa Edmundo Bojanowski,3045051,5,240,167,38,10,215,167,215
10,Chapare,1,Sacaba,974,Pacata,1054,Unidad Educativa Edmundo Bojanowski,3045061,6,240,167,27,11,205,167,205
10,Chapare,1,Sacaba,974,Pacata,1054,Unidad Educativa Edmundo Bojanowski,3045071,7,240,160,44,14,218,160,218
10,Chapare,1,Sacaba,974,Pacata,1054,Unidad Educativa Edmundo Bojanowski,3045081,8,240,156,39,16,211,156,211
10,Chapare,1,Sacaba,974,Pacata,1054,Unidad Educativa Edmundo Bojanowski,3045101,10,240,150,38,17,205,150,205
10,Chapare,1,Sacaba,974,Pacata,1054,Unidad Educativa Edmundo Bojanowski,3045131,13,25,13,6,4,23,13,23
10,Chapare,1,Sacaba,975,Puntiti,1010,Colegio Boliviano Japones,3042421,7,240,157,35,16,208,157,208
10,Chapare,1,Sacaba,975,Puntiti,1010,Colegio Boliviano Japones,3042461,11,240,170,34,13,217,170,217
10,Chapare,1,Sacaba,975,Puntiti,1010,Colegio Boliviano Japones,3042471,12,240,170,23,34,227,170,227
10,Chapare,1,Sacaba,975,Puntiti,1010,Colegio Boliviano Japones,3042491,14,240,151,45,13,209,151,209
10,Chapare,1,Sacaba,975,Puntiti,1010,Colegio Boliviano Japones,3042501,15,240,161,31,20,212,161,212
10,Chapare,1,Sacaba,975,Puntiti,1010,Colegio Boliviano Japones,3042671,32,240,154,36,15,205,154,205
10,Chapare,1,Sacaba,975,Puntiti,1010,Colegio Boliviano Japones,3042681,33,240,136,42,20,198,136,198
10,Chapare,1,Sacaba,975,Puntiti,1010,Colegio Boliviano Japones,3042721,37,240,147,28,16,191,147,191
10,Chapare,1,Sacaba,976,Esmeralda,1011,Escuela Guadalupe,3042791,5,240,158,31,21,210,158,210
10,Chapare,1,Sacaba,976,Esmeralda,1011,Escuela Guadalupe,3042811,7,240,148,43,17,208,148,208
10,Chapare,1,Sacaba,976,Esmeralda,1011,Escuela Guadalupe,3042821,8,240,179,18,19,216,179,216
10,Chapare,1,Sacaba,976,Esmeralda,1011,Escuela Guadalupe,3042851,11,240,176,31,12,219,176,219
10,Chapare,1,Sacaba,976,Esmeralda,1011,Escuela Guadalupe,3042861,12,240,150,57,11,218,150,218
10,Chapare,1,Sacaba,976,Esmeralda,1011,Escuela Guadalupe,3042871,13,240,158,44,7,209,158,209
10,Chapare,1,Sacaba,976,Esmeralda,1011,Escuela Guadalupe,3042881,14,240,159,40,16,215,159,215
10,Chapare,1,Sacaba,976,Esmeralda,1011,Escuela Guadalupe,3042891,15,240,140,51,16,207,140,207
10,Chapare,1,Sacaba,976,Esmeralda,1011,Escuela Guadalupe,3042901,16,240,147,49,11,207,147,207
10,Chapare,1,Sacaba,976,Esmeralda,1011,Escuela Guadalupe,3042951,21,240,160,37,18,215,160,215
10,Chapare,1,Sacaba,976,Esmeralda,1013,Unidad Educativa Ceilab,3043611,1,240,153,45,13,211,153,211
10,Chapare,1,Sacaba,976,Esmeralda,1013,Unidad Educativa Ceilab,3043621,2,240,175,24,8,207,175,207
10,Chapare,1,Sacaba,976,Esmeralda,1013,Unidad Educativa Ceilab,3043631,3,240,166,40,12,218,166,218
10,Chapare,1,Sacaba,976,Esmeralda,1013,Unidad Educativa Ceilab,3043641,4,240,165,39,10,214,165,214
10,Chapare,1,Sacaba,976,Esmeralda,1013,Unidad Educativa Ceilab,3043661,6,240,165,33,17,215,165,215
10,Chapare,1,Sacaba,976,Esmeralda,1013,Unidad Educativa Ceilab,3043681,8,139,94,20,8,122,94,122
10,Chapare,1,Sacaba,980,Lava Lava,25581,U.E. Hugo Chavez Frias,3045361,3,240,123,63,16,202,123,202
10,Chapare,1,Sacaba,982,Chiñata,1017,Colegio Franz Tamayo (Chiñata),3044171,5,240,141,50,11,202,141,202
10,Chapare,1,Sacaba,982,Chiñata,1017,Colegio Franz Tamayo (Chiñata),3044271,15,240,158,40,15,213,158,213
10,Chapare,1,Sacaba,982,Chiñata,1017,Colegio Franz Tamayo (Chiñata),3044281,16,240,132,52,27,211,132,211
10,Chapare,1,Sacaba,982,Chiñata,1017,Colegio Franz Tamayo (Chiñata),3044301,18,240,150,46,5,201,150,201
10,Chapare,1,Sacaba,982,Chiñata,1017,Colegio Franz Tamayo (Chiñata),3044311,19,153,112,19,2,133,112,133
10,Chapare,1,Sacaba,982,Chiñata,26454,U.E. Franz Famayo,3047531,1,234,147,33,8,188,147,188
10,Chapare,1,Sacaba,983,Ucuchi,1018,Escuela Rene Barrientos Ortuño (Ucuchi),3044321,1,240,125,67,24,216,125,216
10,Chapare,1,Sacaba,985,Aguirre,25031,Colegio Nataniel Aguirre,3045161,3,240,160,37,6,203,160,203
10,Chapare,1,Sacaba,985,Aguirre,25031,Colegio Nataniel Aguirre,3045171,4,240,155,39,14,208,155,208
10,Chapare,1,Sacaba,985,Aguirre,25031,Colegio Nataniel Aguirre,3045191,6,240,165,37,10,212,165,212
10,Chapare,1,Sacaba,3011,Chacacollo,1014,Escuela Copacabana,3043731,1,240,151,38,21,210,151,210
10,Chapare,1,Sacaba,3011,Chacacollo,1014,Escuela Copacabana,3043751,3,240,151,43,16,210,151,210
10,Chapare,1,Sacaba,3011,Chacacollo,1014,Escuela Copacabana,3043761,4,240,149,48,17,214,149,214
10,Chapare,1,Sacaba,3011,Chacacollo,1014,Escuela Copacabana,3043771,5,240,154,43,21,218,154,218
10,Chapare,1,Sacaba,3011,Chacacollo,1014,Escuela Copacabana,3043781,6,240,143,48,15,206,143,206
10,Chapare,1,Sacaba,3011,Chacacollo,1014,Escuela Copacabana,3043791,7,240,142,49,21,212,142,212
10,Chapare,1,Sacaba,3011,Chacacollo,1014,Escuela Copacabana,3043811,9,240,154,45,16,215,154,215
10,Chapare,1,Sacaba,3011,Chacacollo,1014,Escuela Copacabana,3043821,10,240,137,55,25,217,137,217
10,Chapare,1,Sacaba,3011,Chacacollo,1014,Escuela Copacabana,3043831,11,240,145,45,24,214,145,214
10,Chapare,1,Sacaba,3011,Chacacollo,1014,Escuela Copacabana,3043841,12,240,146,45,16,207,146,207
10,Chapare,1,Sacaba,3011,Chacacollo,1014,Escuela Copacabana,3043851,13,240,151,48,11,210,151,210
10,Chapare,1,Sacaba,3011,Chacacollo,1014,Escuela Copacabana,3043861,14,240,156,43,15,214,156,214
10,Chapare,1,Sacaba,3011,Chacacollo,1014,Escuela Copacabana,3043871,15,240,150,51,11,212,150,212
10,Chapare,1,Sacaba,3011,Chacacollo,1014,Escuela Copacabana,3043881,16,240,150,41,26,217,150,217
10,Chapare,1,Sacaba,3011,Chacacollo,1014,Escuela Copacabana,3043891,17,240,158,43,13,214,158,214
10,Chapare,1,Sacaba,3011,Chacacollo,1014,Escuela Copacabana,3043911,19,134,80,29,7,116,80,116
10,Chapare,1,Sacaba,4201,Sapanani,25648,U.E. 2 de Agosto,3045491,1,240,103,79,16,198,103,198
10,Chapare,2,Colomi,986,Colomi,1021,U.E. Samuel Fina Savio,3048761,1,240,122,68,27,217,122,217
10,Chapare,2,Colomi,986,Colomi,1021,U.E. Samuel Fina Savio,3048771,2,240,131,65,20,216,131,216
10,Chapare,2,Colomi,986,Colomi,1021,U.E. Samuel Fina Savio,3048791,4,240,124,56,37,217,124,217
10,Chapare,2,Colomi,986,Colomi,1021,U.E. Samuel Fina Savio,3048811,6,240,149,48,17,214,149,214
10,Chapare,2,Colomi,986,Colomi,1021,U.E. Samuel Fina Savio,3048821,7,240,129,69,16,214,129,214
10,Chapare,2,Colomi,986,Colomi,1021,U.E. Samuel Fina Savio,3048831,8,240,125,72,18,215,125,215
10,Chapare,2,Colomi,986,Colomi,1021,U.E. Samuel Fina Savio,3048841,9,240,137,54,27,218,137,218
10,Chapare,2,Colomi,986,Colomi,1021,U.E. Samuel Fina Savio,3048881,13,240,127,75,14,216,127,216
10,Chapare,2,Colomi,986,Colomi,25702,U.E. Sócrates Villazón,3049261,5,240,130,34,15,179,130,179
10,Chapare,2,Colomi,986,Colomi,26453,U.E. Carmela Albornoz,3049351,5,240,136,66,17,219,136,219
10,Chapare,2,Colomi,986,Colomi,26453,U.E. Carmela Albornoz,3049401,10,30,12,9,4,25,12,25
10,Chapare,2,Colomi,2943,Paracti (Colomi),1027,Unidad Educativa Paracti (Colomi),3049171,2,240,107,74,14,195,107,195
10,Chapare,2,Colomi,2943,Paracti (Colomi),1027,Unidad Educativa Paracti (Colomi),3049191,4,240,122,55,19,196,122,196
10,Chapare,2,Colomi,4000,Rosario,25311,U.E. Rosario,3049211,1,243,110,75,22,207,110,207
10,Chapare,3,Villa Tunari,995,Jatun Pampa,1030,Unidad Educativa Jatun Pampa,3049931,4,240,141,44,14,199,141,199
10,Chapare,3,Villa Tunari,995,Jatun Pampa,1030,Unidad Educativa Jatun Pampa,3049941,5,59,42,7,2,51,42,51
10,Chapare,3,Villa Tunari,999,Eterazama,1032,Unidad Educativa Mixta Eterazama,3050121,8,240,150,44,14,208,150,208
10,Chapare,3,Villa Tunari,999,Eterazama,26149,U.E.T.H. Mariscal Sucre,3051821,5,240,160,36,12,208,160,208
10,Chapare,3,Villa Tunari,999,Eterazama,26149,U.E.T.H. Mariscal Sucre,3051871,10,215,138,28,11,177,138,177
10,Chapare,3,Villa Tunari,1001,Samuzabeti,1034,Escuela Samuzabeti,3050371,1,240,159,39,15,213,159,213
10,Chapare,3,Villa Tunari,1001,Samuzabeti,1034,Escuela Samuzabeti,3050381,2,240,178,31,10,219,178,219
10,Chapare,3,Villa Tunari,1002,Chipiriri,1035,Colegio Fe y Alegria,3050571,5,240,137,49,14,200,137,200
10,Chapare,3,Villa Tunari,1002,Chipiriri,1035,Colegio Fe y Alegria,3050611,9,240,184,0,15,199,184,199
10,Chapare,3,Villa Tunari,1003,San Francisco,1037,Unidad Educativa San Francisco Km 21,3050691,2,240,163,40,13,216,163,216
10,Chapare,3,Villa Tunari,1003,San Francisco,1037,Unidad Educativa San Francisco Km 21,3050701,3,240,143,46,12,201,143,201
10,Chapare,3,Villa Tunari,1003,San Francisco,1037,Unidad Educativa San Francisco Km 21,3050721,5,240,195,4,15,214,195,214
10,Chapare,3,Villa Tunari,1004,Isinuta,1037,Escuela Elizardo Perez,3050751,2,240,152,45,12,209,152,209
10,Chapare,3,Villa Tunari,1004,Isinuta,1037,Escuela Elizardo Perez,3050781,5,240,179,11,17,207,179,207
10,Chapare,3,Villa Tunari,1004,Isinuta,1037,Escuela Elizardo Perez,3050791,6,240,178,0,22,200,178,200
10,Chapare,3,Villa Tunari,1004,Isinuta,1037,Escuela Elizardo Perez,3050831,10,240,157,42,13,212,157,212
10,Chapare,3,Villa Tunari,1006,San Gabriel,1039,Escuela La Estrella (San Gabriel),3051081,5,240,194,11,4,209,194,209
10,Chapare,3,Villa Tunari,1006,San Gabriel,1039,Escuela La Estrella (San Gabriel),3051101,7,240,158,33,13,204,158,204
10,Chapare,3,Villa Tunari,3349,Paracti (Villa Tunari),1049,Unidad Educativa Paracti (Villa Tunari),3051471,1,240,155,31,7,193,155,193
10,Chapare,3,Villa Tunari,3349,Paracti (Villa Tunari),1049,Unidad Educativa Paracti (Villa Tunari),3051481,2,207,117,41,12,170,117,170
10,Chapare,3,Villa Tunari,3658,Independencia (Villa Tunari),1,U. E. Independencia (Villa Tunari),3049461,3,240,209,0,14,223,209,223
10,Chapare,3,Villa Tunari,3853,Uncia,1,Unidad Educativa Uncia,3049651,2,240,208,9,1,218,208,218
10,Chapare,3,Villa Tunari,4457,Padresama,26438,U. E. Padresama,3051911,2,240,148,45,14,207,148,207
11,Tapacarí,1,Tapacarí,2946,Japo Kasa,1111,Unidad Educativa Japo K'Asa,3052391,4,147,74,34,21,129,74,129
11,Tapacarí,1,Tapacarí,4479,Jatun Cienega,32070,U.E. Zenobio Gallardo,3052591,1,73,37,17,14,68,37,68
12,Carrasco,2,Pojo,1036,Kara Huasi,1207,Unidad Educativa Kara Huasi   Pojo,3053121,1,240,128,59,9,196,128,196
12,Carrasco,2,Pojo,1044,Rodeo  C,1217,Unidad Educativa Rodeo C,3053241,1,240,138,60,19,217,138,217
12,Carrasco,2,Pojo,3694,Dian Pampa,1,Unidad Educativa Dian Pampa,3053021,2,111,68,25,1,94,68,94
12,Carrasco,2,Pojo,4477,Salto y Viña,32061,U.E. Nataniel Aguirre,3053291,1,186,123,41,1,165,123,165
12,Carrasco,3,Pocona,3991,Laymiña,25302,U.E. Julio Guardia Sandoval de Laimiña,3053571,1,240,139,60,12,211,139,211
12,Carrasco,3,Pocona,4585,Chaupi Rancho,32297,U.E. 2  de Agosto,3053621,1,240,114,99,10,223,114,223
12,Carrasco,4,Chimoré,1045,Chimoré,25894,U. E. Ernesto Che Guevara,3054211,2,240,152,19,11,182,152,182
12,Carrasco,4,Chimoré,1045,Chimoré,25894,U. E. Ernesto Che Guevara,3054231,4,240,177,17,10,204,177,204
12,Carrasco,4,Chimoré,1045,Chimoré,25894,U. E. Ernesto Che Guevara,3054271,8,240,151,34,3,188,151,188
12,Carrasco,4,Chimoré,1046,Entre Rios (Tacuaral),1226,Nucleo Educativo Entre Rios Tacuaral,3053941,4,140,113,12,2,127,113,127
12,Carrasco,4,Chimoré,1047,Puerto Aurora,1227,Nucleo Escolar Puerto Aurora,3053971,3,190,127,31,6,164,127,164
12,Carrasco,4,Chimoré,4197,Puerto Cochabamba,25644,U.E. Puerto Cochabamba,3054191,1,157,84,49,5,138,84,138
12,Carrasco,5,Puerto Villarroel,1049,Puerto Villarroel,1228,Colegio Eduardo Avaroa (P.Villarroel),3054581,4,240,126,54,8,188,126,188
12,Carrasco,5,Puerto Villarroel,1049,Puerto Villarroel,1228,Colegio Eduardo Avaroa (P.Villarroel),3054591,5,240,121,53,7,181,121,181
12,Carrasco,5,Puerto Villarroel,1049,Puerto Villarroel,1228,Colegio Eduardo Avaroa (P.Villarroel),3054601,6,240,128,45,10,183,128,183
12,Carrasco,5,Puerto Villarroel,1050,Ivirgarzama,25030,Unidad Educativa San Francisco De Asis,3055791,18,240,143,56,14,213,143,213
12,Carrasco,5,Puerto Villarroel,1050,Ivirgarzama,25031,Unidad Educativa Juana Azurduy De Padilla,3055911,2,240,132,48,12,192,132,192
12,Carrasco,5,Puerto Villarroel,1050,Ivirgarzama,25031,Unidad Educativa Juana Azurduy De Padilla,3055931,4,240,150,38,13,201,150,201
12,Carrasco,5,Puerto Villarroel,1054,Valle de Sacta,1232,Colegio Juan Pablo II (Sacta),3054801,3,240,163,35,10,208,163,208
12,Carrasco,5,Puerto Villarroel,1054,Valle de Sacta,1232,Colegio Juan Pablo II (Sacta),3054811,4,240,174,36,7,217,174,217
12,Carrasco,5,Puerto Villarroel,1054,Valle de Sacta,1232,Colegio Juan Pablo II (Sacta),3054861,9,240,163,42,13,218,163,218
12,Carrasco,5,Puerto Villarroel,1054,Valle de Sacta,1232,Colegio Juan Pablo II (Sacta),3054871,10,240,165,46,10,221,165,221
12,Carrasco,5,Puerto Villarroel,1054,Valle de Sacta,1232,Colegio Juan Pablo II (Sacta),3054881,11,240,163,50,4,217,163,217
12,Carrasco,5,Puerto Villarroel,1054,Valle de Sacta,1232,Colegio Juan Pablo II (Sacta),3054921,15,240,161,41,13,215,161,215
12,Carrasco,5,Puerto Villarroel,3019,Senda 6,1238,Escuela Senda 6,3055411,4,240,177,36,8,221,177,221
12,Carrasco,5,Puerto Villarroel,3019,Senda 6,1238,Escuela Senda 6,3055461,9,105,80,15,2,97,80,97
12,Carrasco,6,Entre Ríos,1052,Isarzama,1212,Escuela Eduardo Avaroa (Isarzama),3056991,10,240,187,25,3,215,187,215
12,Carrasco,6,Entre Ríos,1052,Isarzama,1212,Escuela Eduardo Avaroa (Isarzama),3057011,12,155,112,16,5,133,112,133
12,Carrasco,6,Entre Ríos,4551,Bella Vista,32245,U.E. Max Fernández,3057501,3,40,28,5,2,35,28,35
13,Mizque,1,Mizque,1070,Aguada,1313,Escuela Aguada,3057961,1,240,100,84,22,206,100,206
13,Mizque,1,Mizque,1070,Aguada,1313,Escuela Aguada,3057971,2,240,107,79,19,205,107,205
13,Mizque,2,Vila Vila,1072,Siquimira,1315,Nucleo Escolar Siquimira,3058301,3,31,13,5,10,28,13,28
13,Mizque,3,Alalay,1075,Yana Khakha,1318,Unidad Educativa Yana Khakha,3058361,1,230,182,8,7,197,182,197
14,Punata,1,Punata,1076,Punata,25035,Escuela Adela Zamudio,3058661,7,240,142,41,25,208,142,208
14,Punata,1,Punata,1076,Punata,25035,Escuela Adela Zamudio,3058681,9,240,131,55,23,209,131,209
14,Punata,1,Punata,1076,Punata,25035,Escuela Adela Zamudio,3058731,14,240,129,57,17,203,129,203
14,Punata,1,Punata,1076,Punata,25035,Escuela Adela Zamudio,3058741,15,240,133,52,21,206,133,206
14,Punata,1,Punata,1076,Punata,25035,Escuela Adela Zamudio,3058761,17,240,150,47,10,207,150,207
14,Punata,1,Punata,1076,Punata,25035,Escuela Adela Zamudio,3058771,18,240,137,50,19,206,137,206
14,Punata,1,Punata,1076,Punata,25036,Escuela Andres Maria Torrico,3058821,1,240,163,29,17,209,163,209
14,Punata,1,Punata,1076,Punata,25036,Escuela Andres Maria Torrico,3058831,2,240,149,37,18,204,149,204
14,Punata,1,Punata,1076,Punata,25036,Escuela Andres Maria Torrico,3058841,3,240,140,55,26,221,140,221
14,Punata,1,Punata,1076,Punata,25036,Escuela Andres Maria Torrico,3058871,6,240,136,53,16,205,136,205
14,Punata,1,Punata,1076,Punata,25036,Escuela Andres Maria Torrico,3058881,7,240,130,54,19,203,130,203
14,Punata,1,Punata,1076,Punata,25036,Escuela Andres Maria Torrico,3058931,12,240,142,49,12,203,142,203
14,Punata,1,Punata,1076,Punata,25037,U. E. Manuel A. Villarroel (Ex Bolivar),3059011,3,240,132,53,27,212,132,212
14,Punata,1,Punata,1076,Punata,25037,U. E. Manuel A. Villarroel (Ex Bolivar),3059041,6,240,120,60,18,198,120,198
14,Punata,1,Punata,1076,Punata,25037,U. E. Manuel A. Villarroel (Ex Bolivar),3059121,14,240,127,51,18,196,127,196
14,Punata,1,Punata,1076,Punata,25037,U. E. Manuel A. Villarroel (Ex Bolivar),3059141,16,240,133,56,19,208,133,208
14,Punata,1,Punata,1076,Punata,25037,U. E. Manuel A. Villarroel (Ex Bolivar),3059151,17,240,135,52,30,217,135,217
14,Punata,1,Punata,1076,Punata,25037,U. E. Manuel A. Villarroel (Ex Bolivar),3059161,18,240,128,45,26,199,128,199
14,Punata,1,Punata,1076,Punata,25037,U. E. Manuel A. Villarroel (Ex Bolivar),3059171,19,251,140,64,7,211,140,211
14,Punata,1,Punata,1076,Punata,25040,Unidad Educativa Mayor Rocha (Yacanahuyo,3059231,1,240,113,60,28,201,113,201
14,Punata,1,Punata,1076,Punata,25040,Unidad Educativa Mayor Rocha (Yacanahuyo,3059241,2,240,117,59,32,208,117,208
14,Punata,1,Punata,1076,Punata,25040,Unidad Educativa Mayor Rocha (Yacanahuyo,3059251,3,240,128,50,21,199,128,199
14,Punata,1,Punata,1076,Punata,25040,Unidad Educativa Mayor Rocha (Yacanahuyo,3059261,4,240,116,64,26,206,116,206
14,Punata,1,Punata,1076,Punata,25042,Liceo Josefa M. Gandarillas (Ex Sucre),3059291,2,240,135,52,18,205,135,205
14,Punata,1,Punata,1076,Punata,25042,Liceo Josefa M. Gandarillas (Ex Sucre),3059321,5,240,123,55,32,210,123,210
14,Punata,1,Punata,1076,Punata,25042,Liceo Josefa M. Gandarillas (Ex Sucre),3059341,7,240,141,43,27,211,141,211
14,Punata,1,Punata,1076,Punata,26456,U. E. 18 de Mayo,3059511,2,240,118,44,11,173,118,173
14,Punata,1,Punata,1076,Punata,26456,U. E. 18 de Mayo,3059531,4,240,131,40,14,185,131,185
14,Punata,1,Punata,1078,La Villa,1405,U. E. Rene Barrientos O.   La Villa,3058551,2,235,110,60,31,201,110,201
14,Punata,3,San Benito,1080,Villa Quintín Mendoza (San Benito),26457,U. E. José Braulio Pereira,3060231,2,240,154,40,20,214,154,214
14,Punata,3,San Benito,1080,Villa Quintín Mendoza (San Benito),26457,U. E. José Braulio Pereira,3060271,6,240,143,40,20,203,143,203
14,Punata,3,San Benito,1080,Villa Quintín Mendoza (San Benito),26457,U. E. José Braulio Pereira,3060281,7,97,62,18,5,85,62,85
14,Punata,3,San Benito,4430,Tolata Chico,26317,U.E. Tolata Chico,3060201,1,240,168,42,13,223,168,223
14,Punata,3,San Benito,4430,Tolata Chico,26317,U.E. Tolata Chico,3060211,2,72,40,13,13,66,40,66
15,Bolivar,1,Bolivar,1090,Challoma,1503,U.E. Challoma,3060421,1,158,87,41,16,144,87,144
15,Bolivar,1,Bolivar,1096,Yarvicoya,1509,U.E. Yarvicoya,3060501,1,240,159,64,13,236,159,236
16,Tiraque,1,Tiraque,1099,Tiraque,1601,Colegio Juan Jose Carrasco,3060581,1,240,130,58,17,205,130,205
16,Tiraque,1,Tiraque,1099,Tiraque,1601,Colegio Juan Jose Carrasco,3060611,4,240,141,45,19,205,141,205
16,Tiraque,1,Tiraque,1099,Tiraque,1601,Colegio Juan Jose Carrasco,3060621,5,240,123,63,14,200,123,200
16,Tiraque,1,Tiraque,1099,Tiraque,1601,Colegio Juan Jose Carrasco,3060641,7,240,116,63,19,198,116,198
16,Tiraque,1,Tiraque,1099,Tiraque,1601,Colegio Juan Jose Carrasco,3060701,13,240,110,88,11,209,110,209
16,Tiraque,1,Tiraque,1099,Tiraque,26455,U. E. Isabel Torrico Arnez,3061041,3,240,106,78,19,203,106,203
16,Tiraque,1,Tiraque,1108,Iluri Grande,1609,Nucleo Escolar Iluri Grande,3060881,1,240,102,93,15,210,102,210
16,Tiraque,1,Tiraque,3856,Rodeo Bajo,1,Unidad Educativa Rodeo,3060571,2,141,74,34,13,121,74,121
16,Tiraque,1,Tiraque,4125,Boqueron K`asa,25542,U.E. Boqueron K`Asa,3060971,1,240,153,34,15,202,153,202
16,Tiraque,1,Tiraque,4125,Boqueron K`asa,25542,U.E. Boqueron K`Asa,3060981,2,240,123,69,19,211,123,211
16,Tiraque,1,Tiraque,4125,Boqueron K`asa,25542,U.E. Boqueron K`Asa,3060991,3,240,114,69,15,198,114,198
16,Tiraque,1,Tiraque,4125,Boqueron K`asa,25542,U.E. Boqueron K`Asa,3061001,4,188,82,57,21,160,82,160
